Text,Sentiment,Emotion,text_length,word_count
"এসব পাছা কবিরের আজাইররা পোস্ট। হেতি ক, ""যদি ভুল করে থাকি!! "" কত্ত বড় হারামজাদি ইতে!!  উষ্ঠা মারা উচিত হেতিরে।",Negative,Creepy,110,20
জুতা মারি গরুদান মারান!! আপনার আম্মা আব্বার খেলা দেখে কি সিউর হইছিলেন আপনি তাদেরই মেয়ে???,Strongly Negative,Creepy,89,15
"সুখে থাকতে ভুতে কিলাই, প্রবাদটা এর কাজের দ্বারা আবারো প্রমানিত। এর অভিযোগের বাস্তবতা ওরে দিয়েই বাস্তবায়ন করা হোক।",Negative,Bullying,113,18
তর মাথায় ব্রেন আছে সেটা তুই দেখছস? না দেখলে ভাব্বি গবর আছে,Strongly Negative,Bullying,58,12
আপনি কি নাস্তিক..?,Negative,Unbiased,18,3
আলহামদুলিল্লাহ ♥♥,Strongly Positive,Unbiased,17,2
আগুন তো তোর গায়ে দেয়া উচিত ছিলো.....!!,Negative,Unbiased,38,7
মানুষ শাক দিয়া মাছ ঢাকে আর আপনিতো চুল দিয়া দুধ +অইটাদুইটাই ঢাইকা ফাইলাছেনএজন্য আপনাকে /,Neutral,Creepy,87,15
"সেটা আগেই করা উচিৎ না ।আগে আমরা Imran H Sarker এর মন্তব্য শুনতে চাই ... ও হ্যাঁ , কোথায় যেন শুনেছিলাম মৌনতা সম্মতির লক্ষণ.........",Strongly Positive,Joyful,130,24
"সুন্দর কথা বলছেন ভাই,,,,",Strongly Positive,Joyful,24,4
সাবাস ইমরান ভাই,Strongly Positive,Joyful,15,3
জীবনের প্রথম আপনের একটা স্টাটাস ভাল্লাগসে :),Strongly Positive,Joyful,44,7
"অন্যায় কে অন্যায় বলা, আর সত্যকে সত্য, বলাই ভয় পাইনা ইমরান ভাই, আমরা জেগে আছি,সাথে আছি, সাথে থাকবো।",Strongly Positive,Joyful,98,18
ইমরান ভাই আজকে তোমাকে বাংগালি মনে হইছে,Strongly Positive,Joyful,38,7
"শফিক রেহমান একজন উচু-পদের লোক. তাকে খারাপ ভাল বলার কিন্তু আথিকার আমাদের মুখে বেমানান..!! সরকারি ভাল বলতে পারভে তার মাঝে কি মনসত্ব লুকিয়ে আছে....!!""""""",Strongly Positive,Joyful,149,24
"তোমারে আজকা বাঙালী মনে হইতাছেে,,,,,সাবাস ইমরান ভাই,,,,সাবাস,,,,,,,",Strongly Positive,Joyful,66,7
"ধন্যবাদ, ভাই",Strongly Positive,Joyful,12,2
আমি আপনার একদম পাশে থাকতে চাই।ইমরান ভাই,Strongly Positive,Joyful,39,7
"সাদিয়া মেম,অনেক ধন্যবাদ অাপনাকে গুরুত'পুরনো কিছু লিখার জন্য,আপনাকে অনেক ধন্যবাদ জানাচ্ছি। ভালো থাকবেন অাসাকরি।",Strongly Positive,Joyful,110,14
আপনার কথা এবং যুক্তি আমার খুব পচন্দ হয়েছে। এই হল সথ্যিকার দেশ প্রেমিক।আপনি আমার প্রেন্ট হয়ে গেলেন,Strongly Positive,Joyful,97,17
ইমরান ভাই আপনার কথায় আমি একমত,Strongly Positive,Joyful,29,6
আজ থেকে তুই আমার ভাই।,Strongly Positive,Joyful,21,5
আপনার সাথে আমি একমত,Strongly Positive,Joyful,19,4
একমত,Strongly Positive,Joyful,4,1
hahahahahahah... একেই বলে রাজনীতি... দেখা যাক পরের ডায়লগটা কি হয় ইমরানের...?,Strongly Positive,Joyful,76,11
হা হা হা...,Strongly Positive,Joyful,11,3
ভাই খারাব যে কোনো বয়সের হতে পারে,Strongly Positive,Joyful,32,7
"ধন্যবাদ ভাই সত্য কথা তোলে দরার জন্য,,,,,,,",Strongly Positive,Joyful,42,7
ঠিক অাছে অাপনার সঙ্গে অামি দ্বিমত পোষণ করলাম বৈকি অার এই অধিকারটি অাপনি প্রতিষ্ঠা করে দেখান নারে ভাই.....,Strongly Positive,Joyful,105,18
Sagor Islam Rumi ইমরান সাহেব চৈত্র মাসের ওয়াজ মাঘ মাসে করে ফেলেছেন।,Strongly Positive,Joyful,67,12
জ্যোতির্ময় মালী  আপনার অনেক কিছুই শেখার বাকি আছে মনে হয়।,Neutral,Creepy,57,10
ওহ। তাইলে প্লিজ একাটা পতিতালয় খুলোন। অন্তত গোপনে। দেশে আপনার চিন্তাধারার মানুষ মজা করতে পারবে,Neutral,Creepy,93,15
বারো ভাতারি ঠি আছে সবার লগে তাহলে রাত কাটানো শেষ।আল্লাহ তোদেরকে হেদায়েত করুক।সময় আছে আল্লাহর পথে ফিরে আয়,Neutral,Creepy,104,18
মিথিলারে দেখতে বলেন,Neutral,Unbiased,19,3
"হারাদিন ব্রা পইড়া ছবি দাও,আজকে কি আজরাইল আসছিলো নাকি দেখা করতে যে সাধু হয়া গেছো..লোক দেখানো সুশীল হয়ে লাভ নাই,সুশীল হলে অন্তর থেকে হও...না হয় আজরাঈলের মাইর একটাও মাটিতে পরবে না,পিটের ছারা লারি পেলবে",Neutral,Creepy,198,34
"তোমার আব্বারো আব্বা ঢাকা বন্ধ কর,,,,তাইলে সব সম্যসার সমধান হয়য়া যায়আগে অনেক প্রিয় মডেল ছিলি নাটকের জন্য,,,আর এখন হবি মাগীর জন্য।।।",Negative,Creepy,130,21
এই পতিতা নিজের ঘরে নিজে আগুন লাগাইছে পরিকল্পিতভাবে মুসলমানদের বদনাম করার জন্যএর বড় কোন উদ্দেশ্য আছে একে রিমান্ডে দিয়ে পাছায় গরম ডিম দিলে সব বেরিয়ে আসবে কোন বদমাইশ রা ওর পিছনে আছে,Negative,Creepy,182,32
তুর মতো বিয়াদব কুত্তা রাস্তায় এবেলএবোল জম্নায়  । যাই হোক ফেসবুকে দেখানোর জন্য ক্ষমা ছেয়ে লাভ নাই ইবাদাতের মধ্যেমে আল্লাহর কাছে ক্ষমা চাইতে জানলে হয়তো বা আল্লাহ মাফ করতে পারেন। সো ভুল হওয়া স্বাভাবিক কিন্ত এটার জন্য আল্লাহ কাছে এমন ভাবে চাইবেন যেন আল্লাহ মাফ করেন,Negative,Creepy,261,46
আল্লাহ আপনাকে  সুস্থ রাখুক। ভাইরাস থেকে দেশের  মানুষ কে মহান রাব্বুল আলামিন যেন হেফাজত করে।দোয়া করবেন।আপনিও সেভ থাকবেন।,Positive,Unbiased,119,18
"আল্লাহ আপনার উপর রহমত বর্ষণ করুন, আমিন।",Positive,Unbiased,39,7
আল্লাহ আপনাকে হেদায়েত দান করুক।আমিন।তওবা করেন আল্লাহ কাছে মন থেকে।মানুষ মাএই ভুল করে।সীকার করেন আপনি মন থেকে আপনি ভুল করেছেন।আল্লাহ খুশি জনগণের মানুষ খুশি☺,Positive,Unbiased,155,24
ইসলামে কিছু কিছু ক্ষেত্র বা পরিস্থিতি আছে যখন প্রকাশ্যে দান সদাকা করা উত্তম।একজন ধনী মানুষের প্রকাশ্যে দান সদাকা দেখে অন্যান্য ধনী মানুষও এগিয়ে আসবে।,Positive,Unbiased,150,24
"ধন্যবাদ ছাত্রলীগ ,  কিন্তু এখন কৃষকলীগ কোথায়",Positive,Unbiased,44,7
জরিপ অনুযায়ী যেন ফলাফল হয়। তাপস ও আতিকুল এর সফলতা কামনা করছি।,Positive,Unbiased,61,12
ধন্যবাদ মাশরাফি,Positive,Unbiased,15,2
মার্কেটিং বাহ্,Neutral,Unbiased,14,2
"ঠিক, খুব মনে পড়ে  ",Neutral,Unbiased,19,4
পাবলিক যেটা কমেন্টে বলার কথা ছিলোসেটা পোস্টদাতা নিজেই ক্যাপশনে লিখে দিছেআমজনতা আমাগো তেমন কিছু বলার নাইnice,Neutral,Unbiased,107,16
আল্লাহ হেদায়েত দাও,Neutral,Unbiased,18,3
আসসালামুয়ালাইকুম মুশফিকুর রহিম। আপনাকে আমি খুবই পছন্দ করি। কোরআন তেলাওয়াত এইভাবে সোনা ঠিক না। অন্য কোন কাজের মাধ্যমে কোরআন শরীফ তেলাওয়াত শোনা নিষেধ এতে কোরআনের সাথে বেয়াদবি হয়। আশাকরি দয়া করে আপনারা ভিডিওটা  রিমুভ করে দেবেন।,Neutral,Unbiased,230,36
"আমরা আনন্দ মিছিল দিয়েছিলাম, যা ছিল এরকম ""যাবো গো যাবো গো বিশ্বকাপে যাবো গো""",Neutral,Unbiased,76,14
অরে নিয়ে যা করা হবে সব কিছুই অর পক্ষে যাচ্ছে কারন ও এখন আমেরিকার কাছে বলবে আমাকে নাগরিকত্ব দেও নয়তো দেশে গেলে বিপদ,Neutral,Unbiased,114,23
"ব্রাদার আগে শ্রমিকের বেতন পরিশোধ করেন, আপনাকে দেশের জন্য ভালোবাসি এবং বাসবো,, গত ২৪ ঘন্টায় আক্রান্ত ৪৩৪ জন,  মৃত্যু ৯ জন।",Neutral,Unbiased,121,21
সময় মত পিপিই না দিয়ে চিকিৎসা করানোর ফল। মরার পর যত আফসোস ,Neutral,Unbiased,57,12
"ব্রাদার,,আপনি কি বাংলাদেশে একটি আন্তর্জাতিক মানের হাসপাতাল বানানোর উদ্যোগ নিতে পারেন না??",Neutral,Unbiased,89,12
ওলামালীগের কোন কর্মকান্ড চোখে পড়ে নাই।,Neutral,Unbiased,38,6
"আল্লাহ আপনার হেদায়েত দিক।ভূল করছেন আল্লাহার কাছে কেদে তওবা করেন,আল্লাহ আপনাকে মাফ করুন।মানুষ অনেক কিছু বলবে কিন্তু পরকালে হিসাব তো আপনাকেই দিতে হবে।",Neutral,Unbiased,148,23
আশরাফুল নাই তাই দেখবোনা।।,Neutral,Unbiased,25,4
"বইনরে তুই বারজনের সাথে ইনজয় করার লাইগা ধর্মের বিরুদ্ধে যে কথা বলছোস তাতে তুইযে আসল জারজ এটা বোঝা গেছে কারন তুইতো তোর বাবা মার মিলন দেখোসনাই না দেখে তাদের বাবা, মা বলিস কিভাবে,",Neutral,Creepy,175,33
কমেন্টস রিডার এসোসিয়েশন থেকে কমেন্টস পড়তে এসে পড়েছি,Neutral,Unbiased,53,8
অফ যান এইবার ,Neutral,Unbiased,13,3
আমার দিক থেকে পরিবেশটা এখনও সুন্দর তবে যেকোন সময় হৈচৈ লেগে আউট হয়ে যেতে পারে,Neutral,Unbiased,76,15
আল্লাহ আপনাকে হেদায়েত দান করুক আমীন।আমিও একজন আল্লাহর বান্দা আমি আল্লাহর কাছে প্রার্থনা করি সে যেন আপনাকে খমা(Khoma) না করে-,Positive,Unbiased,124,20
"শুধু সুন্দর চেহারার হিরো আপনি নন, সুন্দর মনের  ও হিরো আপনি। ঈদ মোবারক।",Positive,Unbiased,70,13
মাগীর ভোদা অনেক তেজ মাগী রে হাতি দিয়ে চোদান দরকার কি বলেন,Negative,Creepy,57,12
"নেংটা নাকি?অফফফফ পেন্টিও পড়োনি,কিংবা ব্রা?উফফফ কি হট তুমি।",Negative,Creepy,58,8
পাছাশৌধ ♥,Negative,Creepy,9,2
"মাস্টারবেসন করার জন্য উপযুক্ত ছবি।রাস্তার মাগীদের যেমন টাকা দিয়ে চুদান যায়।আর এই সস্তা মালটাকে ফ্রি তে চুদান যায়।সস্তা বলে, এইটারে চুদলাম না।মাস্টারবেসনও করলাম না।",Negative,Creepy,163,24
এতো সেক্সি হইলে আমরা কি করমু???,Negative,Creepy,31,6
খানকিদের লিস্টে তুই সবার উপর থাকবি 🖕🖕🖕🖕🖕,Negative,Creepy,40,7
মাগির ভাড়া কত লাস্ট পর্যন্ত মাগি খাস তুই ,Negative,Creepy,42,8
"দুরু শালার পুত, নটির বাচ্ছা",Negative,Creepy,27,5
"নিশ্চয়তা না, শব্দ টা ছিল 'নিশ্চয়ই'। এটা কথার কথা বলা, 'সে নিশ্চয়ই তার উদ্দেশ্যে সফল হবে।' এখানে গেরান্টি দেওয়া হয় না। আশা প্রকাশ করা হয়। আপনি বাংলায় এতো দুর্বল কেন ব্রাদার? আল্লাহ্‌ তায়ালা নিশ্চয়ই আপনাকে বাংলায় দক্ষ করে দিবেন, আমীন....",Negative,Creepy,235,40
বারোভাতারী তোমাকে,Negative,Creepy,17,2
"দুইদিন পর পর এতো লিংক আসলে কিভাবে দেখবো ডার্লিং বলো, আমি তো শুকিয়ে যাচ্ছি, নিজের দিকে ও তো খেঁয়াল রাখতে হবে তাই না!!!",Negative,Creepy,118,23
তুমি যে বারোভাতারী,Negative,Creepy,18,3
বাড়া কবির তোর বাপে তোরে জন্মাইছে দেখছিলি চাইয়া কিউরিয়াস মাইন্ড ত জানতে চায়Safa Kabir,Negative,Creepy,84,14
ডিয়ার মাগি  এত রিপ দেখলাম ভাবছি তুই ভুত হইলি এখন দেখি হট দ্যা ফাক  Safa Kabir,Negative,Creepy,77,16
তুই  একটা নষ্ট মেমে মাগী,Negative,Creepy,24,5
তুই  একটা নষ্ট মাগী,Negative,Creepy,19,4
আহো ভাতিজি আহো এক্কানা বুকত লই,Negative,Creepy,30,6
তুমি বুঝাতে চাও তোমার অনেক গুলা......,Negative,Creepy,37,6
খোলা দেখার অপেক্ষায় রইলাম....,Negative,Creepy,30,4
চুদির আবাল,Negative,Creepy,10,2
যাহারা নাটক সিনেমায় অভিনয় করে তারা অনেক পর পুরুষের সঙ্গে অভিনয় করতে হয় । এতে হাতাহাতিও হয়।  আমার মনে হয় ওই জায়গাটা একদমই বেশ্যাখানা । আর একজন বেশ্যার কাছ থেকে এর চাইতে বেশি কিছু আশা করা যায় না ।,Negative,Creepy,202,39
এই নাস্তিক কে জুতা পেটা করা উচিত,Strongly Negative,Creepy,32,7
নষ্ট ছেলের জুতা পিসি,Strongly Negative,Creepy,20,4
"ওরে জুতা পিঠা করো সবাই, মাগি নাস্তিক",Strongly Negative,Creepy,36,7
"অবশেষে প্রিয়া সাহা বললেন তিনি ২০০১ সালের কথা বলেছেন,আচ্ছা এই বলদ মহিলা কি যানেনা এটা ২০১৯ সাল!",Negative,Bullying,94,17
দেখেন জার চেহারা দেখলে বুমি আসে সে কিবাবে নয়ক হয়,Negative,Bullying,48,10
তার মত এক জন ননর্তকীর বিশ্বা স অবিশ্বাসে কি অাসা যায়। যে তাকে এই প্রশ্ন টা করেছে সে কি অার লোক পেলনা,Negative,Bullying,101,22
এমডি শাহিন মজুমদার কিছু কর তাম না,Strongly Negative,Creepy,33,7
"এমডি শাহিন মজুমদার তারে এবার পাইলে, ৫মিনিটে বুঝাই দিতাম পর কাল কারে কয়।",Strongly Negative,Creepy,71,13
তোর মুখে জুতা মারি বেজন্মা!!!,Strongly Negative,Creepy,29,5
ওই হালার পুত এখন কি মদ খাওয়ার সময় রাতের বেলা মদ খাই দিনের বেলাও মাঝেমধ্যে খায় এখন ম*** চ**** সময় safa কে একটু চুদাম যার ইচ্ছা আছে চুদার লাইনে দারা একজন একজন করে জাবি,Negative,Creepy,169,34
আপনার জন্ম প্রক্রিয়ার সময় আপনার মায়ের ভিতর কি আপনার বাবা হুমায়ুন কবিরের শুক্রাণু ঢুকে ছিল না অন্য কারো । তাইলে আপনি কেম্নে শিউর হইলেন উনিই আপনার বাবা। কারণ ওই কাজের সময়ে তো আপনি দেখেননি।আপনাকে জারজ বা জাউরা বললে কি ভুল হবে? পাক্নামি ছাইড়া দিয়া অভিনয়টা ভাল করে করেন।আমাগো আমজনতারে এইসব শুনাইয়েন না।,Negative,Creepy,297,52
ধজভংগ দের আর ভায়াগ্রা লাগবো না। ধংস হোক এই সব কুলখানকিরা।,Negative,Creepy,57,11
বইনে ,Neutral,Unbiased,5,1
যাক নুডিটি নাই আলম ভাই এগিয়ে যাও আমরা আছি তোমার সাথে,Neutral,Unbiased,52,11
মাওলানা মোছা: সাফা কবির আপনি দিনের পথে আসায় আমরা অত্যন্ত সুখ প্রকাশ করছি।আমিন,Neutral,Unbiased,77,13
কমেন্ট পড়ার জন্য পেজে লাইক দিয়ে রাখলাম,Neutral,Unbiased,40,7
সুভ্রা,Neutral,Unbiased,6,1
বাংলাদেশের ২নাম্বার খেলোয়াড় চালিয়ে যাও ৬এর আশায় জাতি,Neutral,Creepy,52,8
আহ্ আজ যদি এই salman এর বউ হইতামতাইলে লাইভে এসে ওর যেলিঙ্গ নাই বা আছে confused কারিদের দেখাই দিতাম,Neutral,Creepy,98,19
ইফতারের বেগুনি,Neutral,Creepy,14,2
ফেসবুক হ্যাক করলে এর বিচার হয়প্রথম শুনলাম,Neutral,Creepy,41,7
আসলে তোদের মত বে জম্মার বাচ্চাদের কারনে মুখ দিয়ে অশালিন কথা বের করা লাগেসময় থাকতে তওবা করে নে।জন সম্মুখে ক্ষামা চেয়ে নে নইলে এদেশের মানুষ তোর মোত বেশ্যার কোন অস্তিত্ব রাখবেনা।,Neutral,Creepy,175,31
সীমিত আকারে আরেকটা বিয়ে করো।আমরা নতুন নাটক দেখার অপেক্ষায় আছি,Neutral,Creepy,61,10
"আসিতেছে! আসিতেছে! আসিতেছে! - তামাশা, এতে চুমু দিয়ে, হাল্কা পর্ণ দিয়ে দর্শক মাতানো হবে। যুগের গায়ক কারিগরদের গান শিখানো হবে!! এই নোবেল আর কতো পারো তুমি রে ভাই। ভাঁওতাবাজি ছাইড়া ভালো হও।",Neutral,Creepy,184,32
সিগারেটের ছাই,Neutral,Unbiased,13,2
ভাই ফোনটা কি  ভালো আপনি চালাইসেন?? ,Neutral,Unbiased,35,6
ভাই আপনর মুখ চেহারা এতো শুকাইছে ক্যান ?? ,Neutral,Unbiased,41,8
"কাও কেই আজও পাইলাম না,কোথায় আছেন? ",Neutral,Unbiased,34,6
"তুই আমার বালের বাঙ্গালি,সারাদিন জিন্স টপস পইরা নটীবাজি আর মাগীগিরি করস ওগুলো কোন আমলের বাঙ্গালির পোষাক?একদিনে বাঙ্গালি সাইজা ভং ধরিস না।bangali চুদাস আর কথা শুরু করসস hi everyone , দিয়া",Negative,Creepy,185,30
হে! মেয়ে শুন তোর জম্ম তুই কি দেখেছিস।তোর জম্ম তোর বাপের দ্বারা বা কুত্তার দ্বারা হয়েছে তুই জানিস।,Negative,Creepy,98,18
তুমি কি সব কিছু  দেখ।বলদ কোথা কার।না দেখে কি ভাবে কি ভাবে একজন পুরুষ কে বাপ ডাকো,Negative,Bullying,80,17
"একজন বলেছিল ছাগলকে দিয়ে হাল চাষ হয় না । কথা আসলে কি, এতদিন বুঝতে না পারলে ও , আজ ঠিক বুঝতে পেরেছি ।",Negative,Bullying,99,23
"এদের দিকে মনোনিবেশ করার কোনো প্রয়োজনীয়তা অনুভব করছিনা,এগুলো আসবে যাবে,এদের পূর্ব পুরুষও আসছে,পরেও অনেকে আসবে,ইসলামের ক্ষতি করার সাধ্য তাদের নাই,আমরা এদেরকে ফলো না করলেই হলো।",Negative,Unbiased,173,25
"ফেসবুক ধার্মিকরা গালাগাল দিয়ে ঈমানি দায়িত্ব পালন করেন! এভাবেই তারা বেহেস্তে যাবে! সাফা, আফা কারো ব্যক্তিগত বিশ্বাস অবিশ্বাস দিয়ে--- নিজের ইমান জাস্টিফাই করার সুযোগ নাই! অবশ্য ফেসবুক ধার্মিকদের এত কিছু বুঝার আগ্রহও নাই!",Negative,Unbiased,218,33
নাস্তিককে গালিগালাজ করলে অশেষ নেকী আর বেহেস্ত কনফার্ম।-জনৈক মোল্লা,Negative,Unbiased,66,9
নিরাপদ সড়ক আন্দোলন এর সময় ও আপনার চাটা দেখছিলাম।এখন আবার আসছেন চাটতে।এইসবই পারবেন। ডাক্টারদের মান সম্মত গিয়্যার দেওয়ার জন্য তো লাফাইলেন না।! আমেরিকা আছেন।অইখানেই থাকেন। এখানের ইস্যু নিয়ে কথা না বললেই খুশি হবো।,Negative,Bullying,209,33
নিচতলা ভাড়া দেওয়ার কাম শেষ তাইলে,Negative,Bullying,32,6
"আবাল আর পাগল ছাগল সেলেব্রিটি হয়লে যা হয় আর কি,রাস্তায় দেখা মাত্র জুতা নিক্ষেপ করে মেরে ফেলুন এই নাস্তিকটাকে",Strongly Negative,Creepy,107,19
তোর কপালে জুতা,Strongly Negative,Creepy,14,3
"অভিজিত বাবুও তোর মত বিদেশে থাকত।অথচ ভাগে্যর কি নির্মম পরিহাস,আল্লাহর ইচ্ছায় মৃত্যু তাকে বাংলাদেশে টেনে নিয়ে ত্রসেছে।আল্লাহ চাইলে সব কিছুই সম্ভব।",Strongly Negative,Creepy,144,21
করোনা নিয়ে আসছে এইবার ঢাকা কাপাবে,Negative,Bullying,33,6
ওরে বাটপার! ওরে বাটপার!! বানীঃ কুয়াকাটা হুজুর।,Negative,Bullying,46,7
ভুল ৩ টি ছাগল এর মাঝে ১ টি ছাগী,Negative,Bullying,31,9
সাফা নিজেই করোনা ভাইরাস,Negative,Bullying,23,4
জুতা মারা দরকার এই সব নাম দারি মুসলিম গুলাকে.....,Strongly Negative,Creepy,49,9
অপরাধীদের দৃষ্টান্তমূলক শাস্তি দাবি করছি।,Strongly Negative,Creepy,41,5
এই মিথ্যুককে গ্রেফতার করে ফাঁসির কার্যকর করা হোক।,Strongly Negative,Creepy,49,8
ফালতু ২টা,Strongly Negative,Bullying,9,2
চেহারাটা বিখ্যাত পর্ণস্টার মিঞা খলিফা সাথে মিল আছে। দুই দিনের বৈরাগী ভাতেরে কয় অন্ন।খবিস,Strongly Negative,Bullying,89,14
কুত্তার বাচ্চা তুই কি তোর জন্ম দেখেছিস্?,Strongly Negative,Bullying,40,7
লজ্জা থাকলে ফেসবুক ছেরে চলে জেতো,Neutral,Unbiased,32,6
আহারে ব্যাচারির ফেইসবুক প্রোফাইল জ্যাক করার জন্য আল্লাহর কাছে বিচার দিছে আর কিছু পাইলো না#নাস্তিকপ্রকাশ্যে তওবা না কেঠে ফেইসবুক প্রোফাইলের জন্য কান্না কাটি করে জাহান্নামের আগুন থেকে বাচতে পারবেন নাতওবা কাটুন এবং এসব নাটক বাটক ছাইরা দ্বীনের পথে আসুন।,Neutral,Unbiased,249,39
"আরে ভাই,  ধরলাম সাফা কবির নাস্তিক,  তু আপনার কি? আসলে ভাই একটা কথা হল আমরা বাঙালী আর আমরা এইসব নিয়ে একটু বেশিই নাচানাচি করি,,, নিজের ঈমান ঠিক করেন আগে তারপর এইসব বলতে আইসেন,,,,  আর মানুষ ক্ষমা চাইলে আল্লাহ তাকে ক্ষমা করে সেটা হয়ত ভুলে গেছেন আপনারা।",Neutral,Unbiased,248,46
"নন মুসলিম বলতে, বোঝাতে চাচ্ছি যে মুসলিম ছিলো পরে নাস্তিক হয়ে গেল",Neutral,Unbiased,64,12
"নিজের হীন সার্থ উদ্ধার করতে এখন সুন্দর করে প্রধানমন্ত্রী কে আইডল বানিয়ে দিলেন, এর মানে কি??",Neutral,Unbiased,91,16
সোফা,Neutral,Unbiased,4,1
বলেন আল্লাহ্ র জমিন। মানুষের নয়,Neutral,Unbiased,31,6
চিকিৎসক-নার্স-কর্মীদের সুরক্ষা উপকরণ সরবরাহের নির্দেশ দিচ্ছে হাইকোর্ট।দোকান-মার্কেট বন্ধের ঘোষনা দিচ্ছে দোকান মালিক সমিতি।চিকিৎসক-নার্স-কর্মীদের সুরক্ষা উপকরণ দিচ্ছে বুয়েট।টেস্টিং কিট দিচ্ছে চীনের ‘আলীবাবা’।তাহলে সরকার করছেটা কি?,Neutral,Unbiased,229,24
"গার্মেন্টস বাঁচলে দেশ বাঁচবে, কে বলেছে মানুষ বাঁচলে দেশ বাঁচবে??  আগে গার্মেন্টস  বেঁচে থাকুক ",Neutral,Unbiased,94,14
"ফেইসবুক আইডির জন্য আল্লাহ হাতে বিচার দিলেন???এইটা কেমন কথা,,",Neutral,Creepy,60,9
"ডলাডলি করার জন্য শেষ পর্যন্ত বরি ঠাকুর,,",Neutral,Creepy,40,7
সবাই প্রতিবাদ করুন নিচের লিংকে গিয়ে..... https://www.facebook.com/abc4utah/videos/2301600330105127/?fref=mentions,Neutral,Creepy,113,7
"ভাই আপনার ফার্মের শ্রমিকদের বেতন নিয়ে যে সংবাদ বের হলো তা কি সত্যি,আমরা আপনাকে আইকন মানি,প্লিজ তা একটু ক্লিয়ার করে দিবেন।",Neutral,Unbiased,121,21
তুমি এখনো মুসলিম হতে পারোনি তোমার আরো অনেক কিছু শিখার বাকি আছে কোনো মুসলিম ভুল করেও কখনো পরকাল নিয়ে এ ধরনের কথা বলবে না বুক্টা কেপে উঠবে বলার আগে আল্লাহ্‌ র কাছে মাফ চাও,Neutral,Creepy,169,34
"দেশের সকলের উচিত, যার যে রকম সমর্থ মত প্রতিদিন 'যারা দিন আনে দিন খায়' তাদের একজন লোককে খাওয়ান।কারন তাদের দৈনিক আয় থাকবে না।বিদেশে যারা থাকেন তারা কিছু টাকা পাঠিয়ে তাদের আত্নীয় স্বজনের মাধ্যমেও এটা করতে পারেন।আল্লাহ আমাদের করোনা বিপদ থেকে রক্ষা করুন।",Neutral,Unbiased,249,42
তাতে কারো কিছু যায় আসেনা।,Neutral,Unbiased,25,5
আপনার বাচ্চারা কেমন আছে।,Neutral,Unbiased,24,4
করোনা না তো দেখা যায় না ..তো এটা কিভাবে বিশ্বাস করলো ..ভয়ে ..,Neutral,Unbiased,61,13
সুন্দরী আপু এতদিন কোথায় ছিলে,Neutral,Unbiased,29,5
প্রথম প্রেসিডেন্ট জিয়াউর রহমান?  কি দিন আইলো বিএনপি বাংলাদেশের বাহিরের মানুষ হয়ে যাচ্ছে দেখি,Neutral,Unbiased,92,14
বাবা মা ভালো হলে সন্তান ও ভালো হবে,Neutral,Unbiased,34,8
তুমি দুবাই ঘরোয়া কোন আমন্তনে আসব।,Neutral,Unbiased,33,6
"অনন্ত জলিল মানবিক 'নায়ক', ওনার সাথে কাউকে তুলনা করা বোকামি।",Neutral,Unbiased,59,10
মামা ফেছবুকের সবকিছু সত্তিনা ফেক ও আছে,Neutral,Creepy,38,7
লাগা বেলকি লাগা,Neutral,Creepy,15,3
জাযাকাললাহ হুজুর,Neutral,Unbiased,16,2
কত কিছু দেখে বিশ্বাস করেছো তুমি? তুমি যাকে বাবা বলে মানছো তুমি কি সিওর সে ই তোমার বাবা? শোন সব দেখে বিশ্বাস করা যায়না। কিছু জিনিস অদৃশ্যেই বিশ্বাস করতে হয়। এটাই নিয়ম। আশা করছি তুমি তোমার ভুল বুঝতে পারবে।,Negative,Unbiased,203,39
আওয়ামীলিগ হিন্দুদের কতো সুবিদা দিলো তার ফলাফল।,Negative,Unbiased,46,7
সহমত পোষন করছি। জুতা পিটা করা হোক বেইশ্যাটাকে,Strongly Negative,Creepy,45,8
জুতা পিটা কর সালাদের। না পারলে আমার কাছে দে,Strongly Negative,Creepy,43,9
জুতা পেটা করতে হবে।,Strongly Negative,Creepy,19,4
একটা হাগল,Strongly Negative,Bullying,9,2
ওরে বাটপার...হেতি শিখাইতে আমগোরে,Negative,Bullying,32,4
বাংলায় কথা বললে কি মেকাপ নস্ট হবে!!  ফালতু সব।,Strongly Negative,Bullying,46,9
"ঠেলার নাম বাবা জি,, এবার বুঝলি বিষয় টা,,,?",Negative,Bullying,43,8
নাস্তিক মাগীর একটা কমেন্ট দেখতে চাই,Negative,Unbiased,35,6
এই নাস্তিকের মে সাফা কবির এখন বুঝেন এর কাছ থেকে এর চেয়ে ভালো কিছু আশা করা যায় না।,Negative,Unbiased,83,18
মাসাললাহ,Strongly Positive,Unbiased,8,1
ওকে মনের মত চুদব যতখন ওর সামা দিয়া রক্ত বের না হয়,Strongly Negative,Creepy,49,12
"যখন সমস্যায় পড়েন তখন ঠিকি ""আল্লাহ"" কে স্বরণ করেন।আবার যখন ভাবে থাকেন তখন চোখে যা দেখেন না তা বিশ্বাস করেন না।বাতাস তো দেখেন না বিশ্বাস কইরেন না।এখন দেখতেছেন জনপ্রিয়তার কপালে ঝাটা আর জুতা জুটবে তখনই আল্লাহর কাছে মাফ চাওয়া।বাহ বাহ।তালি হবে।এভরিবডি মেইক সাম নয়েজ।",Strongly Negative,Creepy,260,44
কিছুক্ষন জুতা পিটা করলেই ওর পরকালের কথা গ্যাট গ্যাট করে সব....কিছু মনে পড়ে যাবে।।।।,Strongly Negative,Creepy,83,14
গাধার ক্রস ব্রিডিং পদ্ধতি ,Negative,Bullying,26,4
হাটু কালা হইয়া গেছে,Negative,Bullying,19,4
"যা বাল, ক্রাশ হার মাইনা গেছে এইডা কিছু হইলো..!",Strongly Negative,Bullying,46,9
মূর্খ মানব! আমার মনে হয় তার আশেপাশে একটা মৃত গন্ধযুক্ত পচা কুকুর রাখলে তার গন্ধ সাধরে গ্রহণ করবে। কারণ গন্ধ ত আর দেখা যায় না!,Strongly Negative,Bullying,125,25
"চরম সামপ্রদায়িক, থুহ এই মহিলা কে দেশে এনে জুতা পেটা করা দরকার, সাথে একই বৈশিষ্ট্যের অন্য দেরও",Strongly Negative,Creepy,93,17
বলগার হত্যা  কািরেদর পুরষকার েদওয়ার দরকার.এই রকম নািসতক েক তাড়তািড় খুন করা দরকার,Strongly Negative,Creepy,80,13
এখানেও বাটপারি! তোমার আল্লাহ বলে কিছুই নাই তা প্রমান করেছো তুমি যা না দেখো তা বিশ্বাস কর না এইবলে। তুমি কি আল্লাহকে দেখেছো যে তার কাছে বিচার দাও?,Negative,Bullying,145,28
বাংলা ভাষা নিয়ে ২১ই ফেব্রুয়ারিতে কথা বললে ধুয়ে দিব।,Negative,Unbiased,51,9
আজ পর্যন্ত বিজ্ঞানীরা ভুমিকম্প কিসের থেকে হয় আবিস্কার করতে পারিনি তাই বলে ভুমিকম্প বলতে কিছু নাই? বাতাস একটা সচ্চ জিনিস আজ পর্যন্ত বিজ্ঞানিরা আবিস্কার করতে পারিনি বাতাসটা আসলে কি তাই বাতাস বলতে কিছুই নেই।যে আইনেস্টেনর মত বিজ্ঞানী স্বীকার  করেছেন ঈশ্বরের অস্তিত্ব সেখানে এই মাছ গুলো কি।,Negative,Unbiased,285,46
"প্রত্যেক টা ছবিই অর্ধেক ন্যাংটা,ভালা ছবি নাই?",Negative,Creepy,45,7
আমি আসিব গোপনে,Negative,Creepy,14,3
এই হিরো আলম খানকির পোলাদের জন্য বাংলা ছবির খারাপ অবস্থা,Negative,Creepy,55,10
খানকির ছাওয়াল হিরো আলম খাইছি তোরে যাবি কই,Negative,Creepy,42,8
মাগির পোলা কি শুরু করলি,Negative,Creepy,23,5
"হুম অনেক টা এগিয়েছেন অশ্লীল পোষাক, মেকাপ করা বুক ও নাভি দেখিয়ে। এখোন শুধু ভিডিও বের হলেই সানি লিওন,মিয়া খলিফাদের লিস্টে থাকতে পারবেন",Negative,Creepy,132,23
পাডারফো পাডারা এই কথাটা একজন ভালোমানুষ দ্বারা বল্লেই পারতা!,Negative,Bullying,59,9
সিনেমার খবর নাই ভোদা দেখায় বেড়াচ্ছে খানকি,Negative,Creepy,41,7
হ্যা রে ভাই! এটাই স্বাধীন দেশ! যেখানে গভমেন্টকে নিয়ে কিছু বললে জেল খাটতে হয়! আর রব বা মালিক যিনি তাকে নিয়ে কিছু বলা স্বাধীনতায় রুপ পায়!!,Neutral,Creepy,136,26
হাফেজ ইব্রাহীম মিশু পড়,Neutral,Creepy,23,4
"হাইরে ফেইসবুক হেক করার দায় আল্লাহ কাছে বিচার দিলা"" তুই তওবা করে মুসলিম হ পরে কথা বলবি",Neutral,Creepy,85,17
"সাফার ফেইসবুক সবাই ব্লক করে দিন,কারণ ওকে দেখলে পাপ হবে",Neutral,Creepy,54,10
সে ভাবছে তাকে সে নিজেরে জনগণেরর কাছে সেলিব্রেটি উপস্থাপন করা হয়ে গেছে এখন মাফ চেয়ে নিলেই হবে..শালি কি ভাবছস জনগণ এতটাই বুকা?,Neutral,Creepy,124,22
লিংক নাই কোনো????,Neutral,Creepy,17,3
সাফা কবির  তুমি যা দেখেনা তা বিশ্বাস করেনা তাহলে তোমার বাবা তোমাকে জন্ম দিয়েছে সেটাও দেখোনি তাহলে কি তুমি নিজেকে জারজ সন্তান দাবি করেছোনাকি ??,Neutral,Creepy,142,25
নতুন কারো অপেক্ষায় ,Neutral,Unbiased,19,3
স্যার যদি কিছু মনে না করেন আমি আপনাকে ফ্রিতে ইংলিশ শিখাতে চাই। এটা আমার পক্ষ থেকে আপনার প্রতি ভালবাসা ও শ্রদ্ধা।,Neutral,Unbiased,112,21
কাক্কু আমার সেলামি কোই? ,Neutral,Unbiased,24,4
"ভাই রে ভাই,  এই শিশির কিভাবে 2 দিনের মধ্যে শুকায় যায় ",Neutral,Unbiased,53,11
কমেন্ট পড়াতে আসছিলাম এসে দেখি আমার ফেইসবুক ফ্রেন্ড গুলোই এই জায়গায় কমেন্ট করেছে বেশি কেম্নে কি,Neutral,Creepy,94,16
অাপনি কিন্ত অনেক ভালো খেলোয়াড়>বুঝলে বুঝ পাতা না বুঝলে.........,Neutral,Creepy,62,9
আমি বুঝিনা... যারা গালিগালাজ করছে তারা কি পরকালের বিশ্বাস আছে!!! গালিগালাজ করে লাভ টা হচ্ছে কি! গালিগালাজ করে নিজের আমলনামা তে পাপ ভারী না করে আল্লাহ্‌ এর কাছে হেদায়েত এর জন্য দোয়া করতে পারেন..!,Neutral,Unbiased,194,34
কমেন্ট পড়তে এসে মনে হলো পাবলিক সাফা কবির কে সুইদা কুমড়ের মাজার হার্ডি অর্ধেক ভেঙ্গে পেলেছে->বাকি যেতুটুক ভাঙ্গা বাকি আছে ওই টুক আমি ভাঙ্গতে চাই->প্রসুর ঠাপ হবে বেইবি প্রসুর ঠাপ :),Neutral,Unbiased,179,31
"দু'মুঠো না খেতে পেয়ে আত্মহত্যা করল মা এবং ছেলে ‌= লকডাউন সারা জীবন এর মনে রাখার মতো একটা স্মৃতি""""",Neutral,Unbiased,98,19
শেখ হাসিনার ছালাম নিন নৌকা মার্কায় ভোট দিন,Neutral,Unbiased,42,8
তোমার এ গানটি আমি বারবার শুনি।,Neutral,Unbiased,30,6
আইডি হ্যাক হইছে এ জন্য এখন এতো ফর্মালিটি দেখাচ্ছে । তবে সে যদি সত্যিই বুঝে থাকে এবং তার জন্য অনুতপ্ত হয় তবে তা ভিন্ন কথা। আল্লাহ সবাইকে সহীহ বুঝ দান করুক। (আমীন),Neutral,Creepy,161,32
এই সময়ে আপনার মত একজন ভাল মানুষ এর প্রয়োজন ছিল ।,Neutral,Unbiased,49,11
ইন্না লিল্লাহি ওয়া ইন্না ইলাহী রাজিউন l,Neutral,Unbiased,39,7
সাদী শরীফ উদ্দিন,Neutral,Unbiased,16,3
কামাল সাহেবের সাথে থাকলে উনারা ও বাতিল মালে পরিনত হবেন,Neutral,Unbiased,54,10
কমফু পাণ্ডা হচ্ছে টিভিতে আপা,Neutral,Unbiased,28,5
উফ!!,Neutral,Unbiased,4,1
মিথিলা তোমার বাবা কেমন আছেতোমার বাবা নানা হবে কখন,Neutral,Unbiased,49,9
মিডিয়া জগতের একমাত্র আপনি (#পড়শী) এবং #আরুফিন_রুমিকে দেখলেই নিজের আপন মনে হয়!!!!❗❗,Neutral,Unbiased,82,12
"অাসুন কাতার বন্দি হয়ে কমেন্টস পড়ি, অার নাস্তিকের পেজে একটা করে রিপোর্ট মারি",Neutral,Unbiased,75,13
পুরনো মদ নতুন মোড়কে,Neutral,Unbiased,19,4
সব ফলোয়ার বাড়ার ধান্দা,Neutral,Creepy,22,4
তো আজকে কী #Brazzers এ জয়েন করেছো নাকি,Negative,Creepy,38,8
"বাঙ্গালী, ১টা জিনিস পাইলে, কচলাইয়া তিতা করে ক্ষান্ত হয়, সাফা কবিরের মত ২ টাকার অভিনেত্রীরা চায়ই আলোচনায় আসতে, মানুষ ওদের নিয়ে আলোচনা সমালোচনার ঝড় তুলবে, সেই সুযোগে এরা ভাল প্রচার পাবে, নাটকের অফার দিগুণ হবে, গানে মডেলিং করবে ইত্যাদি ইত্যাদি।",Negative,Creepy,241,40
"এই দালালের বাচ্চারা টিক টক ভিডিও দেখসনা কার কন্ঠ কার লগে, কার মাথা কার বুকে রাখা যায়।ফাওল,জালিমের দালাল কোথাকার জানি কোন হেনকার।",Negative,Creepy,128,22
চাল চোর গুলা সব সৌদি রাজ পরিবারের,Negative,Bullying,33,7
ইম্রান এইডস সরকারের জাইংগার গন্ধ শুকছে মনে হয়! নাস্তিক শালি। সামনে রোজার মাস। আর কত্ত বড় কথা!!!! এই ঈদে অর কোন নাটক দেখতে চাই না। যে অর সাথে কাজ করবে সেই নাস্তিক,Negative,Unbiased,161,32
পরকাল বিশ্বাস না করা মনে সে নাস্তিক।কারন কোরআনের একটি শব্ধ অসিকার করলেই তার ইমান থাকেনা।,Negative,Unbiased,88,15
"অর ভাপ নাস্তিক অর মা নাস্তিক, অর ফুল ফেমেলি নাস্তিক, তুমরা নাস্তিক হবে হও কিন্তু তুমরা, মুসলিম এর পরিচয় দেওয়া থেকে বিরত থাকো,",Negative,Unbiased,125,23
সাফা!!তোর বাপ কে??,Strongly Negative,Bullying,18,3
কিতা ক্ষেতেরত্তোন বাইগুন জিংগা আনচনি??,Negative,Bullying,38,5
তোকে জুতা দিয়া মারা দরকার ছিলো পহেলা বৈশাখে,Strongly Negative,Creepy,43,8
তারে কি এখন বাচিয়ে রাখছে?,Strongly Negative,Creepy,25,5
এদের কে সামাজিক ভাবে বয়কট করুণ,Strongly Negative,Creepy,30,6
সন্ধ্যায় প্রদীপ হয়ে আলোদিবে অন্ধকার রাতে।। আপন শক্তি দিয়ে জ্বালাবে সবার অন্তরে ভালবাসা।।। সূর্যে মত আলোকিত করবে এই ভূবন।,Negative,Bullying,120,19
আমিও ছুইত্তাখালি ফিরসি।। কিন্তু কস্ট একটাই আমাকে নিয়া কেউ নিউজ করে না,Negative,Bullying,69,12
ওতো মানুষের বাচ্চা না জানোয়ারের বাচ্চা! ওর দ্বারা কিছুই অসম্ভব না!,Strongly Negative,Bullying,66,11
আরিয়ান রহমান মুসলমান মূর্খের দল আর পারে কি,Negative,Bullying,43,8
কাফের জুতা মারি তোর গালে,Strongly Negative,Creepy,24,5
সুন্দর কেও হার মানাবে এই সুন্দরী∆,Strongly Positive,Unbiased,33,6
দুপুরেই দেখে ফেলেছি ,Neutral,Unbiased,20,3
আমিও কমেন্ট পড়তে আইলাম রমজান মাসের জন্যে আপাতত মুখ বন্ধ রাখছি,Neutral,Unbiased,61,11
আপনাদের দাবি দাওয়া থাকলে সেগুলো প্রকাশ করে ফেলেন।দেশের ক্রিকেট প্রেমিরা আপনাদের সাথে আছে।ইটস দ্যা রাইট টাইম ম্যাডাম,Neutral,Unbiased,115,17
"মিডিয়ায় তোলপাড় চলছে তাই সে ফেসবুকে এসে আল্লাহ্ কাছে মাফ চাইতেছে। আল্লাহ্ ফেসবুকে নাই, আল্লাহ্ তার জায়গায় আছে , প্রকাশে বলে মিডিয়ার তোলপাড় কমাচ্ছেন ।",Neutral,Creepy,148,25
এটো ছোট কেন,Neutral,Creepy,11,3
"নিজের স্ট্যাটাস আর মান গৌরব পাবলিকের কাছে  বাড়ানোর জন্য হারাম জাদীদের মন, দেহ, যৌবন সব কিছু বিলিয়ে দিতে দ্বিধা বোধ করে না।",Neutral,Unbiased,122,22
"তো প্রকৃতপক্ষে তার এই স্ট্যাটাস টা আল্লাহ্'র কাছে ক্ষমা চাওয়া এবং আল্লাহ্ ও তার রাসুল(সাঃ) এর অনুসারীদের প্রতি অনুতপ্ততা প্রকাশ করার জন্য দেওয়া হয়নি, বরং দেওয়া হয়েছে তার ফেসবুক আইডি হ্যাক হয়ে গিয়েছে সেটার বিচার যেনো আল্লাহ্ করে সেই রাগ আর ক্ষোভ টা প্রকাশ করার উদ্দেশ্য নিয়ে। লল।",Neutral,Unbiased,278,48
"উনি যা দেখেননা তা বিশ্বাস করেন না, পরকাল দেখেননি তাই তিনি পরকাল বিশ্বাস করেননা। অথচ তিনি ফেসবুক অাইডি হ্যাক হওয়ায় বিচার দিলেন অাল্লাহ্কে! যিনি পরকালে বিশ্বাস করেননা তিনি অাবার অাল্লাহ্কে বিশ্বাস করেন! হাউ ফানি। বাই দ্যা মহাসড়ক সাফা কবির অাল্লাহ্কে দেখলেন কিভাবে???",Neutral,Unbiased,264,42
"ঈমা‌নের ৬ টি রোকনঃ১. আল্লাহ পাকের উপর, ২. মালাইকা/ ফেরেস্তাদের উপর, ৩. তার কিতাব সমুহের উপর, ৪. তার রাসূলদের উপর ৫. আখিরাত বা শেষ দিবশের উপর এবং ৬. তাকদিরের ভালো মন্দের উপর ঈমান। [সাহিহ মুসলিম হাদিস নং ১]",Neutral,Unbiased,205,38
বাংলাদেশের ভিতরে এমন কোন জিনিস ঢুকেছে যেকোনো মানুষের কন্ঠ দিয়ে টেলিফোন ফোন আলাপ বানিয়ে ফেসবুকে ছেড়ে দিচ্ছি আজকে যেকোনো লোকের কন্ঠ দিয়ে ফোন আল তবে এইসব ছুটি হতে থাকে আগামী ভবিষ্যতে বাংলাদেশের জন্য ভয়াবহ রূপ নিয়ে আসবে এটা বন্ধ করতে হবে,Neutral,Creepy,239,41
আজ রাতে ভালো ঘুম হবে...,Neutral,Unbiased,23,5
সত্য/ জন্ম একবার/ এ জন্মের কর্মফল এ জন্মেই ভোগ করে /পরজন্ম বলে কিছু নেই/ ধন্যবাদ ।,Neutral,Unbiased,82,16
হলুদিয়া পাখি,Neutral,Unbiased,12,2
এ্যাকশান ঠিক আছে বাট অভিনয়ে প্রবলেম রয়েছে।,Neutral,Unbiased,42,7
"অন্যান্য সেলিব্রেটিরা সতর্কতামূলক কথা বলার সময় আগে পরে আল্লাহর কাছে আশ্রয়ের কথা বলে দোয়া দুরুদ এর কথা, বলে তার কথার আগে পরে কোথাও এমন কিছু নেই",Neutral,Unbiased,145,26
মিনাল ভাই কেমন আছেন,Neutral,Unbiased,19,4
রুবেল ভাই কেমন আছেন,Neutral,Unbiased,19,4
কথা কম করে বলেন।,Neutral,Unbiased,16,4
"ভাইM M Shahnewaz Chowdhury Rahat# আমি তার সমন্ধে কিছু জানি,,,কিন্তু আপনি তো আমাকে মুগ্ধ করলেন।আমি আরও জানতে চাই।ধন্যবাদ।",Strongly Positive,Joyful,120,18
সত্য বলার কলিজা বহাল রাখুন👍,Strongly Positive,Joyful,27,5
হা হা হা ইম্রান এইডসের শিশ্য রাজাকারের ছানা 😜 হা হা হা মগাই মগা,Strongly Positive,Joyful,63,14
সত্য বলার এই কলিজা সবসময় রাখুন সত্যের জয় অনিবার্য 👍,Strongly Positive,Joyful,51,10
আহারে ব্যাটা আযমের সাথে শফিকের তুলনা।একজন রাজাকার একজন সাংবাদিক,Strongly Positive,Joyful,63,9
শফিক রেহমানের ৮১ বছর বয়সে ব্রাতে চুমু খাওয়ার অনুষ্টান টি মনে হয় ইমরান সাহেবের বেশি পছন্দ হয়েছে তাই মায়া কান্না করতেছে হাঃ হাঃ হাঃ,Strongly Positive,Joyful,129,24
"স্যালুট ইমরান ভাই, কিছু মনে না করলে বলি আগে মনে করতাম আপনি আওয়ামী সরকারের পক্ষে কথা বলেন শুধু,কিন্তু না আপনি জনগনের পক্ষে কথা বলেন!! ইনশাল্লাহ আপনিই গনতন্ত্র পুনরুদ্ধার করবেন!",Strongly Positive,Joyful,175,29
আমি ডাঃ ইমরান ভাইয়ের সাথে ১০০%সহমত পোষন করছি???,Strongly Positive,Joyful,47,8
"ঠিক আছে বন্ধু, ঠিক আছে,,,,",Strongly Positive,Joyful,26,5
আপনি আমার মনের কথা গুলোই বলেছেন। আমি প্রায় একই রকম স্টাট্যাস দিতে যাচ্ছিলাম।,Strongly Positive,Joyful,76,13
"yes,ভাই। একটা মারাত্মক সত্য কথা বলেছেন আপনি।",Strongly Positive,Joyful,44,7
আমি এই কথার সাথে এক মত পোষন করছি,Strongly Positive,Joyful,32,8
১০০০০% সত্য,Strongly Positive,Joyful,11,2
একমত আমি,Strongly Positive,Joyful,8,2
এক মত মামুন ভাই,Strongly Positive,Joyful,15,4
"মামুন ভাই,আপনার সাথে একমত পোষণ করছি।",Strongly Positive,Joyful,36,6
এত দিন কোথায় ছিলিরে কালিয়া?,Strongly Positive,Joyful,27,5
"পৃথিবীতে নিজে ভালো থাকতে চাইলে স্বার্থপর হয়ে যাও, আর মানুষের কাছে ভালো হয়ে থাকতে চাইলে নিঃস্বার্থ হও। -------------হুমায়ুন আহমেদ",Strongly Positive,Joyful,131,19
ন্যায়ের পথে আপনাকে অভিনন্দন,Strongly Positive,Joyful,27,4
"সাদা কে সাদা আর কালো কে কালো বলার স্পর্ধা দেখানোর জন্য অসংখ্য ধন্যবাদ আপনাকে , ডাঃ ইমরান ।",Strongly Positive,Joyful,90,18
ভয় পাবেন না। সরকার যে কোন মুহুরতে আপনার দেয়া সিকিউরিটি তুলে নিতে পারে। আমরা জান বাজি রেখে আপনার নিরাপত্তা দেব। জনগনের পক্ষে কথা বলে যান। ইতিহাস সাক্ষি থাকুক।,Strongly Positive,Joyful,157,28
বিক্রমের সাথে বিক্রয়ের জন্য সৃজিতের থলেতে ঝোলা  মুভি নেম এটা হলে হিট খাইতো,Neutral,Unbiased,74,13
সাদামাঠা ,Neutral,Unbiased,9,1
"আওয়ামী লীগঃ আমি অন্ধ,আমি দেখতে পাই না আমাকে সাহয্য করুন।বি এন পিঃ আজকের দিনটা অনেক সুন্দর কিন্তু আমি দেখতে পাই না আমাকে সাহয্য করুন।",Neutral,Unbiased,132,24
ফিদা,Neutral,Unbiased,4,1
"রকেটের মোট ১২ টা সংখ্যা হবে,আরেকটা সংখ্যা আছে, সেটা দিন..",Neutral,Unbiased,57,10
অনেক দিন পর সথ্য কথা টা জানা গেল,Neutral,Unbiased,32,8
আসেন সবাই কাধে কাধ মিলিয়ে সম্মানের সঙ্গে নাস্তিককে জুতাপিটা করি,Strongly Negative,Creepy,63,10
খানকিরপোলা রা মুসলিমের নাম চেঞ্জ কর__ তোদের মত বেজন্মার নাম এগুলা হতে পারে না__ তোরা কিছুদিন পর জবাই হবি,Strongly Negative,Creepy,104,19
"বালের বিশ্বাস,,, কে কি বিশ্বাস করে, সেটা অন্যে বিশ্বাস না করলে, কার বাবার কি মুসলমান ছোটলোকের জাতটাই খারাপ, এরা ছেছড়ার মত নিজের চিন্তা অন্যের উপর চাপায়ে দিবে অশিক্ষিত মূর্খ লোকজন  ইসলাম ধর্মের লিডার",Negative,Bullying,198,33
যে‌ পা‌ত্রে খায় যে পাত্রই ফু‌টো ক‌রে। শয়তান।,Negative,Bullying,45,8
কিছু শুয়র প্রবেশ করছে শুয়রেরা বাহির হয়ে যা,Strongly Negative,Bullying,42,8
খুবই লেইম লাগলো...আরো টেকনিক্যাল্লি মার্কেটিং  করতে পারতেন....!,Negative,Unbiased,63,7
কমেন্ট পড়তে আসছি।      গালি দেয়ার সময় অতি উত্তেজিত হয়ে বানান ভুল করবেন না।,Negative,Unbiased,74,13
বাবা মেয়ের খুনসুটি,Strongly Positive,Unbiased,18,3
"অাপু অাল্লাহ কে কি অাপনি দেখছেন,অাপনি ত অাবার যা না দেখেন তা বিশ্বাস করেন না,ভূল করলে মানে কি,অাপনি বিশাল ভূল করছেন,যাই হোক এটা অাপনার ব্যাপার,কিন্তু কষ্ট এখানেই লাগে যখন শুনি অাপনি মুসলমান, অাল্লাহ সবাই কে হেদায়েত দান করুন, অামিন।",Negative,Unbiased,231,39
বাংলা দেশের জুতার বারি খাই এই বেডা ঠিক হইছে না তাই ভারত গিয়া the on and only সেন্ডেলের বারি খাইতে বন চাইছে আবার কেমন বেহায়া বাংলাদেশী জুতার বারি গুলা আবার দেখায়তেছে,Strongly Negative,Creepy,164,31
"ওঁকে সেফুদার কাছে পাঠিয়ে দাও, সেফুদা ওঁকে ৩০ মিনিট ধপাস ধপাস মেরে ঠিক করে দিবে।",Strongly Negative,Creepy,80,15
সে মুরগি কবিরের মেয়ে। একজন নাস্তিকের মেয়ের কথা এমন হতেই পারে।,Negative,Unbiased,63,11
নাস্তিকের চেয়ে মোনাফিক ভয়ংকর। ক্ষমা চাওয়ার চেয়ে না চাওয়াই ভালো ছিলো।অন্তত জানতাম আপনি মোনাফিক নন।,Negative,Unbiased,97,15
ভাই জুতার রিয়েক্ট তো নাই।থাকলে কয়েকশ জুতা মারতাম।,Strongly Negative,Creepy,49,8
দুই মাস পর রাস্তার ধারে মনের সুখে মুতেছি এটাও একটা নিউজ,Negative,Bullying,55,11
প্রফাইল এ আসছিলাম আনলাইক মারতে। পরে দেখি তুরেত আমি ফলো ই করিনা। ফইন্নির ঘরের ফইন্নি। জীবনে বয়সে বড় কোনো ব্যক্তিরে তুই বলিনাই। মনডা চাইতেছে দুনিয়াতে যত গালি সব দি তুরে।কুত্তি,Negative,Bullying,173,30
ডিম থেরাপি দেওয়া হোক,Strongly Negative,Bullying,20,4
জুতা দিয়া পিটানো উচিত আপনারে,Strongly Negative,Creepy,28,5
জুতা দিয়া পিটানো দরকার তোমারে,Strongly Negative,Creepy,29,5
জুতার বারি,Strongly Negative,Creepy,10,2
"ওর দেহ থেকে মাথাটা আলাদা করা হোক,",Strongly Negative,Creepy,33,7
আমি মনে করি দেশ উন্নত হবে আমি 100 ভাগ একমত শুধু একটা জিনিস যদি দূর করা যায় তাহলে দুর্নীতি ,Negative,Unbiased,91,19
"কিরে ভাই,ইউটিউবেও ব্যবসা করবা?ইউটিউবে তো আমার জুনিয়র তুমি,এডভাইস নিও! বেশি সাবস্ক্রাইবার পেয়ে সিনিয়রকে ভুলে যাইয়োনা ভাই♥",Negative,Unbiased,120,16
এডমিন রে ও নাস্তিকদের কে জুতা মারি,Strongly Negative,Creepy,34,7
খেলোয়ার !! ,Negative,Bullying,12,2
জানালা সেই কবে থেকেই খোলা তোমার ,Neutral,Unbiased,32,6
দান করে প্রকাশ করতে হয়না ভাই।,Neutral,Unbiased,29,6
"হুজুর আপনাকে আল্লাহর জন্য ভালবাসি,আপনি আবার কোরঅানের ময়দানে ফিরে অাসুন",Neutral,Unbiased,70,10
কমেন্ট পড়তে আসছিলাম,Neutral,Unbiased,20,3
আপনার মত সব বিত্তবানরা যদি সহযোগিতার হাত বাড়িয়ে দিত তাহলে বাংলাদেশ অনাহারে এবং বিনা চিকিৎসায় মারা যেতনা এবং কোন গরিব থাকতোনা। আল্লাহ আপনাকে আরও তৌফিক দিক আমিন,Neutral,Unbiased,158,27
শুধু কি হুয়াওয়ে ফোন জীবানুমুক্ত করতে হবে?,Neutral,Unbiased,41,7
ডিলিট করে দিছে কমেন্ট? আমি দেখতেই পারি নাহ,Neutral,Unbiased,42,8
মৃত্যুকে ভয় পেলে আর কোন দিনও ক্ষমতায় আসা যাবেনা।,Neutral,Unbiased,48,9
আমার পছন্দের কিছু নাটকে অংশ আছে.....আর ডুব আসে না কেন?তাড়াতাড়ি আনো আপি,Neutral,Unbiased,70,12
আকতার উজ জামান মুন্না সৃষ্টিকর্তাকে দিলেই হবে।বাট অাপনি যে তাকে ডিফেন্ড করতেছেন যা মনে হয়ল।,Neutral,Unbiased,91,15
আল্লাহ জান্নাত নছিব করুক,Neutral,Unbiased,24,4
তুমি কি কম নাকি সুন্দরী,Neutral,Unbiased,23,5
বাংলা ভুল,Neutral,Unbiased,9,2
এটা সবাই জানে পরী!,Neutral,Unbiased,18,4
"যেহেতু সাফা কবির চোখে দেখে না পরকাল তাই পরকালে বিশ্বাস করে না,সেহেতু আমি সাফা কবিরের কোনো উলঙ্গ ছবি দেখিনি,তাই আমি জামার উচু অংশ দেখেও বিশ্বাস করতে পারছি না যে,সে একজন মেয়ে #লজিক⤴#বুদ্ধিজীবি",Neutral,Creepy,190,32
"ফেসবুক হ্যাক হওয়ায় আল্লাহ কাছে বিচার দাও,,,তুমি তো এলিয়েন",Neutral,Creepy,57,9
দেশের ক্লান্তিকর সময়ে আওয়ামীলীগ ঐ থাকে ,Neutral,Unbiased,39,6
অভ্র কিবোর্ড এপস টা প্লে/এপ্যাল স্টোর থেকে ডাউনলোড করে নিলেই ত হয় বাংলা ভাষা টা আরো প্রাঞ্জলতা পায় ☺,Neutral,Unbiased,101,19
আসলেই কি আজীবন স্মরণ রাখবে? ,Neutral,Unbiased,28,5
শেষটা এমন কেনো হয়? ,Neutral,Unbiased,19,4
এই জরিপ কি ফজর নামাজের পর পর ই করা হয়েছে,Neutral,Unbiased,40,10
সকাল সকাল এতো সাজুগুজু কেরে।,Neutral,Unbiased,28,5
সুখে থাকলে ভুতে কিলায় টাইপ অবস্থা!!,Strongly Negative,Bullying,35,6
না বললে জানতেই পারতাম না,Negative,Bullying,24,5
ইংরেজি চুদিওনা,Strongly Negative,Bullying,14,2
এমন ভুল করবা না যেটা ক্ষমা চাইতে হবে পরে...তরে জুতা পেটা করা উচিত,Strongly Negative,Creepy,65,13
জুতা পিটা করা দরকার সুউরটাকে নাস্তিক।,Strongly Negative,Creepy,37,6
তার সাথে যে অন্যায় করা হয়েছে এই বিষয়ে কিছু বললেন না যে!,Strongly Negative,Creepy,56,12
চোরের মা,Negative,Bullying,8,2
মিথিলার আসল রুপ দেখুন,Negative,Bullying,21,4
"পুটকি দেখা যাই কে, পরি??",Negative,Creepy,24,5
এটা কোন আল্লাহ্। মুসলিমদের আল্লাহ্ নাকি তোদের অন্য কোনও আল্লাহ্ আছে। তুই খানকি আল্লাহর কাছে কেমনে বিচার দেস!! তুই কি আল্লাহ্ বিশ্বাস করস?? যেখানে তুই পরকাল বিশ্বাস করস না,Negative,Creepy,170,29
তুই শর্টপ্যন্ট খুলে ছবি দে,Negative,Creepy,26,5
তার কথাই আমি একমত। তাছাড়া সে বেশ্যা হতে পারতনা ।,Negative,Creepy,49,10
ঠ্যালায় পড়লে আল্লাহ আল্লাহ!!,Negative,Bullying,28,4
তরুন দের কামের ফাঁদে ফেলার এক অসাধারন ফন্দিফিকির,Strongly Negative,Bullying,48,8
জুতা মার শা‌লি‌রে,Strongly Negative,Creepy,17,3
জুতা মারা দরকার,Strongly Negative,Creepy,15,3
জালিমের বাচ্চা  তোর ফাসি হওয়া দরকার  তোর বাপ ফেরাউন। তুই  ফেরাউনের বাচ্চা,Strongly Negative,Creepy,73,12
জাহিদ ও মিশাকে নায়িকা নাসরিনের পুরানো জুতা দিয়ে পিটানো হউক,Strongly Negative,Creepy,58,10
"কবিতাটা অসাধারণ ছিলো,শুদ্ধ হলে এই রূপেই ফিরে আসুন।",Negative,Bullying,50,8
ওদের গালি দিতেও লজ্জা লাগে,Strongly Negative,Bullying,26,5
করবি কিভাবে তর বাপ মা ইতো বিশ্বাস করেনা,Negative,Bullying,39,8
সে দিন যে কি আনন্দের ঝড় সারাদেশে বয়ে গিয়েছিলো তা ভাষায় প্রকাশ করা আসলেই মুসকিল।আশা করি আবারও এমন আনন্দে পুরো জাতি একসাথে ভেসে যেতে পারবো।,Negative,Unbiased,137,25
"আমি নষ্ট মনে, নষ্ট চোখে দেখি তোমারেমন আমার কি চায় বুঝাই কেমনে...",Negative,Unbiased,64,12
"হাহাহাহা....আপনিতো পরকালকে বিশ্বাস করেন না আবার বলতেছেন মহান আল্লাহ ক্ষমাশীল,হুম ক্ষমা তাদের জন্য যারা অনুতপ্ত!আপনার ফেইসবুক কে বা কারা হ্যাক করেছে তার জন্য বিচার দিচ্ছেন মহান আল্লাহ কে,হাহাহা",Neutral,Creepy,192,28
তুমি শুধু আমার!!,Neutral,Creepy,16,3
আপুটা টাকার জন্য বুক টা ঢাকতে পারলো না,Neutral,Creepy,38,8
থাকার চেয়ে না থকায় ভাল।#__কাপড়,Neutral,Creepy,30,5
কবে মুক্তি পাচ্ছে তোমাদের টা?,Neutral,Creepy,29,5
গ্রেট জব,Positive,Unbiased,8,2
আল্লাহ তুমি এই সাফা কবির কে হেদায়েত দান কর,Positive,Unbiased,42,9
"আওয়ামী লীগ কৃষক- শ্রমিক ও মেহনতি মানুষের দল। বঙ্গবন্ধু কৃষক, শ্রমিক ও সাধারণ মানুষের মুখে হাসি ফোটানো, নূন্যতম অন্য, বস্ত্র ও বাসস্থানের জন্য আজিবন সংগ্রাম শেষে জীবন উৎসর্গ করেছেন।",Positive,Unbiased,180,29
যারা যারা কমেন্টে গালি দিতে পেরেছেন তারা সরে দাড়ান পিছনে অনেক মানুষ লাইনে দাড়িয়ে আছে গালি দেওয়ার জন্য তাদেরকে অন্তত একটা গালি দেওয়ার সুযোগ করে দেন। ধন্যবাদ সবাইকে।,Positive,Unbiased,163,28
জাহিদা আবার কেডা ওকে তো আমি চিনি না হিরো আলম ভাই কে আমি ভালো ভাবে চিনি হিরো আলম ভাই এক জন ভালো মনের মানুষ,Positive,Unbiased,105,24
বিজয় দিবস,Positive,Unbiased,9,2
"প্রিয় ভাই, তামিম ইকবাল♥",Positive,Unbiased,23,4
"ক্যারিয়ার এর যাতে শেষ না হয় সেই ভয়ে পোস্টটা করলেন, কিন্তু আল্লাহর ভয়ে না,আল্লাহ সবাইকে হেদায়েত দান করুন",Positive,Unbiased,103,18
ভালবাসা নিও,Positive,Unbiased,11,2
অপেক্ষায় রইলাম।সেই পর্যন্ত আল্লাহ আমাদের সবাইকে হেফাজতে  রাখুন।আমিন,Positive,Unbiased,67,8
"আমরা বাকস্বাধীনতায় বিশ্বাসী৷ আপনার মতো পাঠকদের প্রশ্নের জবাব তিনি দিয়েছেন৷ পাগল রাস্তায় প্রলাপ বকছে, আর আরেক পাগল রিপ্লে করছে ৷",Negative,Bullying,129,20
ওকে যে যেখানে দেখবেন জুতা নিক্ষেপ করুন অনুরোধ রইলো...,Strongly Negative,Creepy,53,9
আগুনে পুডিয়ে মারা উচিত তোকে,Strongly Negative,Creepy,27,5
সালারে মারে না কারে,Strongly Negative,Creepy,19,4
কামাল দামড়া চিনে বকন বাছুর,Negative,Bullying,26,5
ময়দা বেশি লাগানো হয়ছে,Negative,Bullying,21,4
এদের মত নাস্তিকদের কে দেশ থেকে তুচ্ছ করা খুবই দরকার মানুষ রুপি জানোয়ার এইসব মানুষদের কাছ থেকে কোন কিছু শিখার নেই তবুও কেন যে এরা মিডিয়াতে যারা পায়,Negative,Unbiased,149,28
খানকি মাগি তুই তো নাস্তিক। তুই আল্লাহর কাছে বিচার দিস ক্যামনে??,Negative,Unbiased,63,11
সৃষ্টির্কতা যদি না থাকে তুই নাসতিক কি ভাবে তুর মায়ের পেট থেকে পৃথিবীতে আসলি।,Negative,Unbiased,76,14
"আমি প্রথম যেদিন নাস্তিক সাফা কে দেখি তখন থেকে মনে হইতো,,, মনে হয় মিয়া খলিফা,,,, আজকে সত্যি তা প্রমান হলো,,,, apni je ekjon pornstar",Negative,Unbiased,131,24
"গুজবের বিরুদ্ধে তাৎক্ষণিকভাবে ব্যবস্থা,আর পিকাপে পিকাপে লোক যাচ্ছে সেখানে ব্যাপক ছাড়।মসজিদে ৬ জন ঢুকলে ইমাম আটক, আর বাজারে গেলে তার প্রয়োজন ছিলো।",Negative,Unbiased,145,22
হাসিটা খুব নাইস,Strongly Positive,Unbiased,15,3
সুবহানাল্লাহ,Strongly Positive,Unbiased,12,1
নষ্টা মেয়ে একথা বলা যায় না যে এখন থেকে আমি ইসলামের সব নিয়ম কানুন মেনে চলবো! আর আমার অতীতের জন্য আল্লাহর কাছে ক্ষমা প্রার্থী আমাকে যেন ক্ষমা করে দেন!,Strongly Negative,Bullying,148,29
তুমি পরকাল বিশ্বাস করোনা।আবার আল্লাহর কাছে বিচার দেও।এটা কেমন কথা?ঠেলায় পড়লে শয়তানো আল্লাহর নাম নেয়! আপুটি অনেক চালাক যেই দেখতে পারলো তার ক্যারিয়ার হুমকির পথে সে এখন আল্লাহর নাম নিচ্ছে!,Negative,Bullying,185,30
সাফা তো......... ? এখন আপনারাই বলুন আমার বলার কিছু নেই ।,Strongly Negative,Creepy,56,11
শুধু বহিষ্কার করলে চলবে না উপযুক্ত বিচার চাই,Strongly Negative,Creepy,44,8
তোরে জুতা মারা দরকার,Strongly Negative,Creepy,20,4
খুব বেশি ইচ্ছে করতেছে তোকে জুতা দিয়ে পিটাইতে।,Strongly Negative,Creepy,45,8
ওরে কেউ চোখ বাইন্ধা পাট খেতে নিয়া যাও তাহলে দেখবে না বিশ্বাস ও করবে না,Strongly Negative,Bullying,70,15
আপনারা অতি উত্তেজিত অবস্থায় কমেন্ট করবেন নাবানান এর দিকে নজর রাখবেনতাড়াহুড়া করতে গিয়ে ভুল বাল লিখে আসবেনসেক্ষেত্র আমার মত যারা কমেন্ট পড়তে আসবেতাদের বিরম্ভনায় পড়তে হবে,Negative,Bullying,167,26
এসব নর্তকীদের না এনে বিভিন্ন বিশ্ববিদ্যালয়ের জনপ্রিয় শিক্ষকদের সামনে আনলে আল্লাহও সন্তুষ্ট থাকতেন পাশাপাশি সর্বমহলে গ্রহনযোগ্যতা পেত ।,Strongly Negative,Bullying,134,18
"সাফার উদ্দেশ্যে-->আরিফ আজাদের লেখা মনে পড়ে গেল""আপনি কি আপনার মা-বাবাকে যৌণ সঙ্গম করতে দেখেছেন?না দেখে কিভাবে উনাদেরকে মা  বাবা মেনে নিচ্ছেন??আপনার মা কে জিজ্ঞাস করে নিয়েন যাকে আপনি বাবা ডাকছেন উনি আপনার আসল বাবা কিনা,নাকি অন্য কেউ আছে??কারণ আপনিতো না দেখে কিছু বিশ্বাস করেন নাহ।",Negative,Bullying,278,45
তোরে জুতা দিয়ে পিটাইতে ইচ্ছে করতেছে,Strongly Negative,Creepy,35,6
আগে মরে দেখ পরকাল আছে কিনা সেটা বুঝতে পারবে? তোরাই তো সব নাস্তিক পরিবার? তোদের বলেও তো কিছু করা যায় না? আগুন যখন তোর স্পর্শ করবে তখন বুঝবি পরকাল আ,Strongly Negative,Creepy,147,30
এই বেয়াদব সয়তান টাকে নাস্তিক টা কে জবাই করে মেরে ফেলে দেওয়া হোক উনি নাকি কেয়ামত পরকালকে বিশ্বাস করেন না নাউজুবিল্লাহ সবাই এই সয়তান কে Unfollowing করো ওরে অাগুনে পুরিয়ে মারা হোক,Strongly Negative,Creepy,176,32
তর গালে জুতা মারি নাস্তিক নিজেকে অনেক বড় কিছু মনে কর তাইনা,Strongly Negative,Creepy,58,12
"যেখানে আপনি পরকালই বিশ্বাস করেন না, সেখানে বিচারের প্রশ্ন আসে কই থেকে? একটু সেলিব্রেটি হয়েই মাথা নষ্ট হয়ে যায় আপনাদের,,।",Negative,Bullying,120,20
এরা দেশ দ্রোহি দৃষ্টান্তমূলক শাস্তি দাবি করছি,Strongly Negative,Bullying,45,7
বুইড়া হয়ে গেছে ,Negative,Bullying,15,3
আচোদা ,Strongly Negative,Bullying,6,1
জুতা মারার দরকার,Strongly Negative,Creepy,16,3
তুইতো নাস্তিক।,Negative,Unbiased,14,2
"ও তো নাস্তিক কবির, ঘাতক দলালের সভাপ্রতি শাহরিয়ার কবির ওরফে মুরগি কবিরের মেয়ে, এর কাছ থেকে আর ভাল কিছু আসা করি কি ভাবে।",Negative,Unbiased,118,23
এগুলো নাস্তিক জারজদের অপকর্ম। এখন মানুষ জন সাঈদীর মুক্তি নিয়ে জোরালোভাবে দাবী তুলছে তাই এসব বানিয়ে বাজারে ছাড়ছে। ওরা কতকিছুই আগেও করেছে এখনো করছে ভবিষ্যতে ও করবে কিন্তু জারজ জারজই থাকবে এর বেশী কি আর দেখাবে অই কুলাংগার রা।,Negative,Unbiased,222,39
তুই নাস্তিক তুই মুরতাদ,Negative,Unbiased,22,4
"আমি গরিব মানুষ, অনেক কস্তে একজোড়া জুতা মেনেজ করচি... :/",Strongly Negative,Creepy,55,10
মহৎ উদ্যোগ,Strongly Positive,Unbiased,10,2
এটা ভয়ানক সুন্দর ছিলও,Strongly Positive,Unbiased,21,4
তর মুখে মুতি মাগী,Negative,Creepy,17,4
বাহির হ মাগী আমাদের দেশ থেকে।তর গোষ্ঠী সহ চুদি বেশ্যা মাগীর বাচ্চা মাগী,Negative,Creepy,71,13
আলাবু কানকে মাগে,Negative,Creepy,16,3
তোমারে আইজকা এত কিউত লাগে কেন বেপি,Negative,Creepy,34,7
যখন পরকাল নিয়ে প্রশ্নবিদ্য হইছিলা তখন শয়তান কয়টা তোমার সাথে শোয়ার হইছিলো ‍♂‍♂আবার ভেটকি ও চোদায় কথা বলো বুঝ এবার ঠেলা,Negative,Creepy,117,21
তাহিয়া মঞ্জুর বৃষ্টি আমি তো এমন মন্তব্য করি নাই। তাহলে আমার পুটকিতে আধমন গু কই থেকে আসলো?  অন্য জনের পুটকিতে গু লাগলে সেটা আমরা বলতেই পারি। আপনি হঠাৎ আমার পুটকিতে আপনার মূল্যবান আঙ্গুল ড্ডুকাইলেন ক্যান ম্যাম??,Negative,Creepy,210,36
"এই সব খানকি মাগিকে রাস্তার মোরে উলঙ্গ করে, পাছায় বাঁশ আর দুধে পাথর বেঁধে ঝুলিয়ে রাখতে হবে। যেন ভবিষ্যতে কেউ আর এমন কথা বলতে সাহস না পায়।",Negative,Creepy,136,27
বোকাচোদা বাংলাদেশীদের সুপ্রভাত আর রাইদা বাসে করে সাগরে পাঠায় দিতে পারলে ভাল লাগতো- এইসব জিনিস নিয়া মাতামাতি দেখলে মনে হয় থানোস সাইজা তুড়ি মারি আর ফস কইরা অরধেক বাংগালী উধাও হয়ে যাক,Negative,Creepy,180,32
তুই মাগি ১০০ মানুসের সাথে রাত কাটে তুই পরকাল কেমনে বঝবে তর মা বাবার জন্মের টিক নাই।,Negative,Creepy,83,17
জারজ....,Negative,Creepy,8,1
পাছায় কাচা কনচি দিলেই সব ঠিক  হয়ে যাবে।,Negative,Creepy,39,8
নুনু বেল তুমি পর্ণ বের করো বেশ চলবে মাইরী,Negative,Creepy,41,9
"বেজন্মা , কুত্তা চোদা",Negative,Creepy,21,4
তোমার চশমাটা তোমার বিচির মতো,Negative,Creepy,28,5
পরী ন্যাংটুই সুন্দর,Negative,Unbiased,19,3
ভেরি পুউর ডিসিশন বাই সাকিব,Negative,Unbiased,26,5
"যার ভিতরে ন্যূনতম কোরআন-হাদিসের আলো নেই,সে কিভাবে বিশ্বাস করবে পরকালের কথা,তার ধারণা জীবনটা নষ্টামি দিয়ে শুরু এবং নষ্টামিতেই শেষ।",Negative,Bullying,130,19
মিঃ ডাকপিয়ন ভাই ঠিক বলেছেনএই ফকিন্নির বাচ্চা বলে কি???,Strongly Negative,Bullying,55,9
মুহমঃদ মাসুদ তোমাদের মত আবালদের জন্যই এই বাল আলম ভাইরাল।,Negative,Bullying,56,10
কঠোর শাস্তির মুখোমুখি করাতে হবে এবং ঘটনার সত্যতা বাংলাদেশের মানুষের সামনে তুলে ধরতে হবে অবশ্যই আমরা ভারতের মত আচরণ করিনা তাদের সাথে তবুও কেন তাদের এত চুলকায়? এতই যদি চুলকায় তবে মলম দিতেও দ্বিধা করবোনা আমরা কারণ ধৈর্যের বাঁধ ভেঙ্গে যেতেই থাকলে আর কোন রাস্তা খোলা দেখিনা আমরা,Strongly Negative,Creepy,273,48
তোমার থেকে আরো বড় বড় নাস্তিক ও জুতার পিটানি খেয়ে বাংলার জমিন থেকে বিদায় নিতে হয়েছে। তুমি পড়ো কালকে বিশ্বাস করো না। এ কথা কেমনে বললে। কথা চিন্তা ভাবনা করা ছাড়াই বল। এজন্য তোমাদের উপর আল্লাহর গজব পড়ে যায়,Strongly Negative,Creepy,210,39
তরে আমার অনেক ভালো লাগতো।।।তোর এই কথা শুইনা তরে জুতা দিয়া বাইরাইতে মন  চাইতাছে ।।ইয়াবা খাস নাকি তুই বাওর,Strongly Negative,Creepy,104,19
আবাল।।,Strongly Negative,Bullying,6,1
বাতাস বিশ্বাস কর কিভাবে  ছাগল,Negative,Bullying,29,5
কি রোজা বা রোজার বাইরে কেমনে যে পারিস!!! ,Negative,Unbiased,41,8
তোমার দোষ নেই৷দোষ তোমার পিতা তমাতার যারা তোমাকে ইসলামশিখাই নাই৷কারন তোমার পুরা পরিবার নাস্তিক৷,Negative,Unbiased,94,14
নাস্তিক ভাল কথা তা ঢাকঢোল পিটিয়ে প্রচার করার কি আছে নিজের মধ্যে সীমিত রাখুন।,Negative,Unbiased,76,14
তাদের কলিকাতা হারবালে যাইতে বলেন,Negative,Bullying,32,5
তোর পেজটারে আনলাইক দিলাম। একটা সময় পাগল ছিলাম!!!!!!!,Negative,Bullying,52,8
"তুমি তো বুড়া সেফু নাস্তিকের ও লালসা তোমার জন্য সেফু নাস্তিক কি না করলো ,,,,,,  তোমাদের ২ জনেরই ফাঁসি চাই অবিলম্বে",Strongly Negative,Creepy,113,21
"অরে সেফুদার কাসে পাঠাও,,,",Strongly Negative,Creepy,25,4
"তুমাকে গালাগালি জন্য আমি জুতা দিয়ে মারমু সেফুদাদা বাংলাদেশে পাইলে হালা হারামি,আর হিরু আমাদের মনে ভাই তুই কি বলা লাগব হারামি হিরু ভাই তুমাকে ভালবাসি।",Strongly Negative,Creepy,148,25
ওর মায়ের সাথে ওর বাপের বিয়েটা কি দেখেছিল? তাহলে ওর বাবা-মা কে কিসের ভিত্তিতে বিশ্বাস করে?বেয়াদব একটা,Strongly Negative,Bullying,100,17
তাহলে আয় একটু মজা দিয়া যা,Negative,Bullying,25,6
তাহলে আর ভোটের দরকার কি?  শুধু শুধু এতগুলো টাকা অপচয় করে কোন লাভ আছে।  আতিকুল আর তাপস এই জয়ী।,Negative,Unbiased,94,19
খুবই ভালো এগিয়ে যান ❤❤,Strongly Positive,Unbiased,22,5
বাঙ্গালী মূর্খ ফোর্বস বুঝে না ; বুঝে গুজব.. মহামারী শেষ হলে যদি কেটে যায় মৃত্যুভয় কবে মনে রেখো শেখ হাসিনার নাম।একজন যোদ্ধার নাম যিনি লড়ে গেছেন মহামারী করোনায়,Negative,Unbiased,158,28
সব গুলো নাটক অসাধারণ ছিলো ভাই। অনেক অনেক ধন্যবাদ।,Strongly Positive,Unbiased,49,9
"ধন্যবাদ,আল্লাহ ক্ষমাশীল .",Strongly Positive,Unbiased,25,3
"আমার ভয় হয়। বিয়ে করতে ভয়। কারণ সবাই দূরে চলে যায়....(silence)স্যার এটা অভিনয় নয়। এটা সত্যি। এটা ন্যাচারাল। আপনি সব সময় প্রিয়। সব সময়। অনেক ভালোবাসি আপনার গান,অভিনয় এবং টিচিং।",Negative,Unbiased,174,30
মাননীয় প্রধানমন্ত্রী জননেত্রী দেশরত্ন শেখ হাসিনাকে  শুভেচ্ছা ও অভিনন্দন।,Strongly Positive,Unbiased,73,9
আলবালছাল,Strongly Negative,Bullying,8,1
যা বলছেন বলছেন .. ফাও হুমকি ধামকিতে বক্তব্য চেন্জ করবেন না  .. এই সব ক্ষমাপ্রার্থনার পোস্ট ও দিবেন না .. বান্দরের দল লাই দিলে মাথায় উঠবে,Negative,Bullying,136,26
কাঁকড়া শ্রমিকের বেতন কই,Strongly Negative,Creepy,23,4
এইখানে আমি অনেক অনেক কমেন্ট দেখলাম সবাই সিরিয়ালে জয় আর জাহিদ কোন চেটের ভাল অরে জুতা পিঠা করতেছে। আশা করি আমার দুইটা কমেন্ট যেনো তোদের নজরে পড়ে?,Strongly Negative,Creepy,143,27
"আপনি যে মূর্খ তা আপনি নিজেই প্রকাশ করলেন,",Strongly Negative,Bullying,41,8
এর জন্মের দোষ।,Strongly Negative,Bullying,14,3
নষ্টা,Strongly Negative,Bullying,5,1
"মানুষ বাঁচলে দেশ বাঁচবে দেশ বাঁচলে নেতারাও বাঁচবে, কিন্তু চাটুকার দল এইটা বূঝে না, আগে সবাইরে বাচাই তার পর না হয় লূটে পূটে খা,",Negative,Bullying,126,24
তুই কোন চ্যটের বাল ! মুসলিম নাম ব্যবহার কেন করিস ? আগে মর তারপর বুঝবি ইহকাল কি আর পরকাল কি।,Strongly Negative,Bullying,91,20
ও প্রিয়া.. ও প্রিয়া.. তুমি কোথায়?আসিফ ভাই আপনার প্রিয়ারে পাইছি ওনি এখন ট্রাম্পের সাথে সংসার করছে হোয়াইট হাউজে,Negative,Bullying,109,18
দেশদ্রোহী মালাউনটাকে ফাসিতে ঝোলানো হউক ।,Strongly Negative,Creepy,40,6
"মরলে বুঝবি পরকাল কি জিনিস,ইচ্ছা করে জুতা দিয়ে পিটাই তোর যে মুখ দিয়ে বলচোচ বিশ্বাস করোছনা সেটা ভেঙ্গে দিই,,,,,,,,,,,,,ডাস্টবিনে জন্ম",Strongly Negative,Creepy,131,20
"পোষ্ট করছে ক্ষমাও চাচ্ছে,আবার অভিশাপ ও দিচ্ছে,কি বুঝাতে চাও! তুমি ঠিক,বাকিরা ভূল! শালী জুতার মালা পরানো দরকার তোরেনাট্য জগতে তোরে অনেক বেশি পছন্দ করতাম,তোর প্রায় সব নাটক দেখছিবাংলা নাটক তোর জন্যই  দেখতামএখন দেখি তুই নাস্তিক,তোর কপালে জুতার বারি",Strongly Negative,Creepy,244,38
"তাকে Dislike মারেন, নাস্তিতকের জায়গা নেই এ দেশে..!",Strongly Negative,Creepy,50,8
জায়েদ কে ওকে চিনে কয় জন আবার খান লাগাইয়াছে সালমান খানের মতো বেছ পরলে আর নামের পাশে খান লাগাইলে s খান হওয়া জায় না হালা ছাগল,Negative,Bullying,122,26
তুই ঠিক ই বলছিস । তোর কোন সৃষ্টিকর্তা নাই। কারন তুই মানুষরূপী শয়তানের বংশধর।,Strongly Negative,Bullying,76,14
এসকল ফালতু মেয়েদের ফালতু খবর প্রচার না করলেই কি নয়?,Strongly Negative,Bullying,51,10
বাংলাদেশের যে সব চতুর্থ শ্রেণীর নায়িকারা কোন নায়ক বা ছেলে খুজে পায় না সেগুলোর দালাল হিরো আলম ও নায়ক এর তো কথা বলার কোন ধরন নেই।,Strongly Negative,Bullying,127,26
মিডিয়াতে নষ্টের ছড়াছড়িতে ভরে গেছে যে কেউ চাইলেই এখন মিডিয়া হরমেশেই যাওয়া যায়,Strongly Negative,Bullying,76,13
"আরে ভাই, এটা ফেইক আইডি একটা ছেলে চালায়",Negative,Unbiased,38,8
সত্যিকারের হিরো। অনেক বড় মনের একজন মানুষ আপনি। এভাবেই অসহায়দের পাশে সবসময় থাকবেন এই কামনা।,Strongly Positive,Unbiased,90,15
সমালোচনার কি আছে আজব ! ধর্ম বিশ্বাস করা না করা ব্যক্তিগত ব্যাপার।,Negative,Creepy,66,12
ঈদের পর মিয়া খলিফার স্টাইল দেখতে চাই৷ না মানে হিজাব স্টাইল।,Negative,Creepy,59,11
পুটকি দিয়া যখন আইক্কাওয়ালা বাশ দিবে তখন বুজবা পরকাল কারে কয়।,Negative,Creepy,60,11
সেইটা তোমার ব্যাপার কারো কিছুই আসে জায় না,Neutral,Unbiased,41,8
"ডয়চে ভেলে,তুমি বড়ই মেইস্ট্রিম,, খুব বেশি মেইন্সট্রিম।।।",Neutral,Unbiased,55,7
"শেষ এর দিকে কষ্ট তা বেশি লাগছে ভাই,,",Neutral,Unbiased,36,8
সঠিক সময়ে সঠিক পদক্ষেপ,Neutral,Unbiased,22,4
"কখনোই ভাল্লাগতো নাঅনেক চেষ্টা করেছিতার পরেও  কোনো ভাবে ভাল্লাগাতে পারি নাই....আমার কাছে ""কয়ি মিল গায়া"" মুভির যাদুর মতো লাগে.....",Neutral,Unbiased,128,19
ভাই চাঁদ কোন দিকে উঠে?,Neutral,Unbiased,22,5
লাল সালাম নেতা! ❤❤,Neutral,Unbiased,18,4
"আপনি একজন সেলেব্রেটি ভবিষ্যতে পাবলিকে কথা বললে একটু চিন্তা ভাবনা করে বলিয়েন , আল্লাহ্‌ হেদায়েত দান করুক এবং মাফ করুক",Neutral,Unbiased,116,20
বউদি জদি সীমিত আকাড়ে একটা ভিডিও দিতেন। খুশি হইতাম আর কি,Neutral,Creepy,55,11
কিছু সুদিরপো প্রত্যেক কমেন্টে আচোদা আবালের মতো নিজের ইউটিউব লিংক চোদাচ্ছে ভিউ পাওয়ার জন্য বাপে প্রতিদিন থাড়বায় কয় মুখ ঠিক কর। এই বান্দিরপোলাগোরে দেখলে আর সামলাইতে পারিনা,Neutral,Creepy,169,27
"ঘুম থেকে উঠে ফেসবুকে ঢুকে দেখি এই পোস্ট।   পোস্টটা দেখেই মাথা গরম হয়ে গেল। গরম মাথা ঠান্ডা করতে একটা সিগারেট ধরায় ফরফর করে টানা শুরু করলাম, পাশে যে আব্বা আম্মা ছিল খেয়াল করি নাই।   এখন আমি গোয়ালঘরে বাধা পড়ে আছি, কখন ছাড়া পাব জানি না!",Neutral,Creepy,233,45
তোদের মত কিছু নিকৃষ্ট পাপীদের কঠিন বিচার হবে দুনিয়ার বুকে মনে রাখিস।আল্লাহ পাক কে যারা অবিশ্বাস করে তারা কাফের।,Neutral,Creepy,111,19
"তোমার পরকালের বিস্বাস করার দরকারও নাই,তুমি বিধর্মীদের শামিল,তোমার এই দেশে থাকার কোন অধিকার নাই।তুমি যা বিস্বাস করো সেখানে চলে যাও মিস্ খানকি?",Neutral,Creepy,141,22
ফোল্ডিং কেমন লাগে???,Neutral,Creepy,20,3
জাহিদ খান ভাল খান এইগুলো মাগির দালালি করে,Negative,Creepy,41,8
রিমান্ডে নিয়ে পাছায় গরম রড ঢুকালে সত্য সরাত কেে বেরিয়ে আসবে,Negative,Creepy,59,11
আগে খেয়েছে তাহসানতারপর খেলো ফাহমিআর এখন খাচ্ছে তোমার বাবা সৃজিত তুমি বারোবাতারি ,Negative,Bullying,80,12
মূখবারে ডাজবিনের চিরা জুতা মারমু শালারপুত,Strongly Negative,Creepy,41,6
হায়রে মানুষ করোনার গজবে সোজা হলি না। আল্লামা সাইদি আলহামদুলিল্লাহ একজন ভাল ও পরহেজগার মানুষ।,Negative,Unbiased,92,15
আমরা আগে পরকালে বিশ্বাসী হই। অত:পর নাস্তিকদের শেখাতে আসি।,Negative,Unbiased,57,9
এই মহিলা ত নাস্তিক  কি ভাবে পরকাল বিস্বাশ করব।,Negative,Unbiased,46,9
তর একটি কথায় সিফাত উল্লাহ কুরআন কে নিয়ে বাজে কথা বলা শুরু করেছে নাস্তিক এর বাচ্চা।,Negative,Unbiased,82,16
এই নাস্তিক বিতর্কিত মহিলাকে দিয়ে প্রচারণার কাজ করানো টা ঠিক হয়নি।,Negative,Unbiased,65,11
নাস্তিক,Negative,Unbiased,7,1
নাস্তিক।আজ থেকে তোর সকল নাটক বয়কট।,Negative,Unbiased,34,6
নাস্তিকনী রে পেত্নীর মত লাগছে,Negative,Unbiased,29,5
এসব নাস্তিকদের জন সম্মুখে ধর্ষণ করা হোক,Negative,Unbiased,39,7
ভুল করেও  বলতেছে আমি যদি ভুল করে থাকি.........জুতা মার,Strongly Negative,Creepy,54,9
"ওর আইডিতে রিপোর্ট মারো সবাই।
ওর হুগার ভিতর কুত্তারডারে ডুকাই দিতে মন চাই।",Strongly Negative,Creepy,73,13
ঠোট ত নয়।মনে হয় গরুর পুটকি,Strongly Negative,Bullying,26,6
"সাফা, তোমার বাবা যে তোমার আসল বাবা, এটা বিশ্বাস করলা কেমনে?তোমার মারে চুদারসময় তুমি ত নিজ চোখে দেখোনাই?",Strongly Negative,Bullying,103,18
"ভাইসব জোশের ঠেলায় বানান ভুল করে কমেন্ট করবেন না, আমাদের কমেন্ট পড়তে অসুবিধা হবে",Negative,Bullying,79,14
আমাদের বাল এ করে,Strongly Negative,Bullying,16,4
শয়তানের রঙ চেঞ্জ হইছে।,Strongly Negative,Bullying,22,4
কয় ইঞ্চি মেকআপ মারছো আপা।নিচে তো মনে হয় কয়লা।,Negative,Bullying,45,9
মামা জুকারবার্গ তোর পায়ে পড়ি মামা একটা জুতা  রিয়্যাক্ট চালু কর.. হাহা দিয়া পোষায় নাহ,Strongly Negative,Creepy,84,15
পাপ বাপ কেউ ছাড়ে না ও যে নাস্তিক পরিচয় এত দিনে মিল্য কোন নাস্তিক এর স্হান বাংলাদেশে হতে পরে না ।এ নাস্তিকে দেশ থেকে অবিলম্বে বিতাড়িত করা হোক।,Strongly Negative,Creepy,141,28
সিফাত উল্লার সাথে জরুরি দেখা করও তোমারে টস্ টস্ করে মাইর দিব তোমাকে ওনি খুজতেছে,Strongly Negative,Creepy,79,15
বাংলাদেশে ফকিন্নির হাতে পয়সা হইল এইরকমই হয় !!,Strongly Negative,Bullying,45,8
খেলার নাম তামাসা ,Negative,Bullying,17,3
ভান্টুদা ,Strongly Negative,Bullying,9,1
আমরাও তুই যে পাগল না এটা  বিশ্বাস করি না...,Negative,Bullying,43,9
আমরা গালি গালাজ করে  পাপের ভাগিদার  হইসি !!  আর   সবাইকে দেখার সুযোগ করে  দিসি আমরা ঈমানদার মুসলমানেরা কেমন গালি দিতে পারি. আল্লাহ সাফা র সাথে সাথে আমাদেরকেও হেদায়েত  দান করুক. আমিন,Negative,Unbiased,181,31
শুভকামনা রইলো আপনার জন্য,Strongly Positive,Unbiased,24,4
সালমান খানের জাঙ্গিয়ার নাম জায়েদ খান,Negative,Bullying,37,6
"চেহারা দিয়ে কিছু হয় না,জায়েদ নামটা প্রথম শুনলাম, হয়তো আমি সিনেমা কম দেখি তাই,আর হিরো আলমকে আপনার চিনতে হবে না। আমরা যারা নাটক দেখি আমরা চিনি। আসলে জনগন যাকে খায় সেই নায়ক, আর যাকে খায়না সে -----। অভিনয় জানলে চেহারা কোন ফ্যাক্টর না। ওনার এমন একখান ভাব মুই কি হনু রে।",Negative,Bullying,264,51
মাগিকে জুতা দিয়ে পিঠানো দরকার,Strongly Negative,Creepy,29,5
জুতা মারি ডিস আলম কে,Strongly Negative,Creepy,20,5
সাফা কবিরের গালে জুতা মার তালে তালে।,Strongly Negative,Creepy,36,7
তরে জুতা পেটা করা লাগব খারাপ মেয়ে। এখন দেখতাছে যে জনপ্রিয়তা কমে যাবে তাই ক্যারিয়ার বাঁচাতে এই প্রন্থা অবলম্বন করছে। আপনারা ওর সকল নাটক বয়কট করেন যাতে আর কোন পরিচালক ওর দ্বারা কাজ না করাই। আর দেশ থেকে বিতারিত করার ব্যবস্থা করেন।,Strongly Negative,Creepy,227,42
তুই শালা বড় চোর,Strongly Negative,Bullying,15,4
ঢেলে দেই?,Negative,Bullying,9,2
তুই আল্লাহর কাছে কোন মুখে বিচার চাস?নিজের মুখে বললি তুই পরকাল বিলিভ করস না।আবাল কোথাকার,Negative,Bullying,87,15
চুলে তেল দেসনা কেরে?? ,Negative,Bullying,22,4
ভূতের মুখে রাম রাম .....#আবাল,Strongly Negative,Bullying,29,5
তাকে বাংলাদেশ থেকে বহিষ্কার করা উচিত।,Strongly Negative,Creepy,37,6
জুতা মার হারামিরে,Strongly Negative,Creepy,17,3
তুৃমাকে বাংলাদেশ থেকে বিতারিত করা উচিৎ ছিল,Strongly Negative,Creepy,42,7
আগে মর তার পর বুঝতে পারবি পরকাল আছে নাকি নাই! সেলিব্রেটি মারো! এসব উল্টাপাল্টা কথা বলে আলোচনায় আসতে চাও?,Strongly Negative,Creepy,105,19
তোমাতেই আমার সর্বনাশ ,Negative,Unbiased,21,3
তুই কিসের অভিনেত্রী তোকে তো ভালোই জানতাম কিন্তু তোর মতন নিমোখারাম এবং ইসলামবিরোধী মেয়ে যদি বাংলাদেশে থাকে তাহলে ইসলাম তো ধ্বংস হবে তার সাথে মানুষের ঈমান ও ধ্বংস হয়ে যাবে তোকে যদি জুতা দিতে পিটাতে পারতাম তাহলে ভালো লাগতো শালী,Strongly Negative,Creepy,226,40
তোর মুখে জুতা,Strongly Negative,Creepy,13,3
সি ইজ টুটালি কাইন্ড অফ স্টুপিট l,Strongly Negative,Bullying,32,7
তবুও কিছু খনিকের ছেলে এসে হা হা দিবে মাদারটোষ্ট কোথাকার,Strongly Negative,Bullying,55,10
শয়তানের ন্যূনতম জ্ঞানও নেই তার।এমন অনেক কিছুই আছে যা আমরা দেখি না বা সেই ছাগী ও দেখে না। অথচ বিশ্বাস করে যদিও সে অস্বীকার করে।,Strongly Negative,Bullying,126,25
"বাবা, মা, ভাই, বোন যেখানে পরো কাল  বিশ্বাসী নায় সেখানে তুমি একজন বিশ্বাস না করলে ইসলামের কিচ্ছুই আসবে যাবেনা। বরং তুমি নিজেই নিজেই ইমান নষ্ট করে আখেরাত হারালে।বড় বড় কথা না বলে অহংকার ছুড়ে পেলে দিয়ে আল্লাহর কাছে তাওবা করো হয়তো ক্ষমা করতে পারেন।",Negative,Bullying,243,44
"তোমার বাবা তসলিমা নাসরিনের কাছে যায় যৌন সূখ নিতে,(এটা তসলিমা নাসরিনের নিজের উক্তি) সেটা তুমি দেখনাই। তোমার মাও কি সেই দুখে কারো সাথে রাত কাটানোর ফসল তুমি, সেটা তুমি দেখনাই। তাহলে কি তোমার কথাই আমরা ভেবে নিব তুমি জারজ।",Negative,Creepy,217,39
"তুই!! যা দেখিস না,,,তা তো বিশ্বাস করিস না,,,বেশ ভালো তো,,,তাহলে তো তুই জারজ সন্তান, হারামজাদী,,,,কারণ তোর কোন বাবা তোকে জন্ম দিছে সেটাও তো তুই দেখিস নি,,,তাহলে তোর বাবাকে বিশ্বাস করিস কেন?",Negative,Creepy,188,31
গোয়া মারার জন্য মানুষের অভাব নাই।,Negative,Creepy,33,6
তুমি গোয়া মারা খাও বেশি করে তো বুদ্ধি বাড়বে। হারামজাদী।,Negative,Creepy,55,10
"সারা বছর থাকেন খোলা খোলা, আজ পড়েছেন বোরখা! একি লীলা খেলা আপনার আপু?",Negative,Creepy,68,13
আসিফ ছাগুকে পুন্দাও আর কোন কথা নাই ।,Negative,Creepy,36,8
সেফুদার সাথে ইমুতে কথা হয়েছে। সেফুদা কইছে হেতিরে বাংলাদেশের রাস্তাঘাটে যত পাগল আছে সবগুলো একত্রে করে সেরিয়াল দিয়ে চুদাতে,Negative,Creepy,120,19
"ঐ মাগি তুইতো পরকাল ই বিশ্বাস করোস না,আবার আল্লাহ্‌র কাছে বিচার কেমনে দিলি?তুইতো আল্লাহ্‌  কে দেখোসনি আবার বিচার কেমনে দিলি।পাবলিক এর চুদা কেমন বুজে ফেলছো না?তুর মত মাগিকে মিডিয়ায় চুদে আমরা চুদি না।",Negative,Creepy,197,33
মাগির ব্লাউজ টা ছিড়ে ফেলতে পারতাম....,Negative,Creepy,37,6
আকাডা দিয়া কি মজা পায়।।????যা কাডা দিয়া পাওনাই।।। ????মাগি একটা।।,Negative,Creepy,65,10
মাত্র একটা মেয়ে তোরা এতো গুলোর জাতা কেমনে সামলায়।,Negative,Creepy,49,9
বসের সময় জন্মাইলে বস তোর লগে লাইন মারতো নয়তো খাইয়া দিত তোমারে,Negative,Creepy,61,12
"বাবু, ভুলে প্যান্ট পড়োনি..",Negative,Creepy,26,4
বেশ্যা যা বলার তাই বলতে পারে। আর একটা বেশ্যার কথায় আমরা সময় ও ধিক্কার জানাইতে পারি। আল্লাহ এ বেশ্যাকে তোমার পথে হেদায়েত দান করুন।,Negative,Creepy,129,24
"তোকে,শাহরিয়া করিব ওরফে মুরগী, সালমান মুক্তাদির,সেফাত উল্লাহ্‌ সেফু,হাসানুল হক ইনু,রাশেদ খান মেনন কে দিয়ে বিষ মারানো হবে মাগি, নষ্টা,বেশ্যা, বেজন্মা।",Negative,Creepy,148,20
তুর সোনার হতা হদ্দে নে মাগী?,Negative,Creepy,28,6
এদের কাজই দেশকে বিভক্ত করা |ইন্ডিয়াতে যেমন বাংলাদেশেও তেমন|,Negative,Bullying,59,9
দেখতে হিজ্রার মত লাগতেছে।নাস্তিক দুনিয়ার লালসাই পরকাল ভুলে যাই আবার না দেখে বিশ্বাস করেনা। পাগল ছাগল সেলিব্রেটি হলে যা হয় এই কুকুরদের দেখলেই জুতা দিয়া বারি,Strongly Negative,Creepy,155,26
জুতা মারতাম নাস্তিক তারে পাইলে,Strongly Negative,Creepy,30,5
"সবসময়ই নীরবে থাকতে পারবো না,,",Strongly Negative,Creepy,29,5
তুকে সামনে পাইলে হবে বাসা থেকে বাহির হইচছ ত জুতা দিয়ে পিটাবো,Strongly Negative,Creepy,60,12
শালির ফাঁসি চাই।,Strongly Negative,Creepy,16,3
এটা তামাশা লেখা নাকি জামাশা ?,Negative,Bullying,29,6
শয়তানে বাচ্চা,Strongly Negative,Bullying,13,2
এমন চাইর কোনাইচ্চা প্রোফাইল পিক কেম্নে দিলো?,Negative,Bullying,44,7
"বাজারের পণ্য বেডি,,,চকচক করলেই সোনা হয়না।। লেড়ী কুত্তি",Strongly Negative,Bullying,54,8
তামাশা সুদিয়ে লাভ নাই। ক্যারিয়ার শ্যাষ রানুদির পো...!!!,Strongly Negative,Bullying,55,8
বজ্জাত বেটি,Strongly Negative,Bullying,11,2
নাস্তিকের ফাসি চাই,Strongly Negative,Creepy,18,3
কমেন্ট ডিলেট কইরা লাভ নাই।।।কয়টা কমেন্ট ডিলেট করবা..বুজো নাই পাবলিক কি জিনিস..,Strongly Negative,Creepy,78,12
জুতা দিয়ে পিটানো দরকার,Strongly Negative,Creepy,22,4
"সাফা কবির বেশসা খানকির দুই গালে,জুতা মার তালে তালে।",Strongly Negative,Creepy,51,9
এই মহিলা পাগল।,Strongly Negative,Bullying,14,3
জায়েদ যদি এই কমেন্ট গুলো পড়ে দেখে তাইলে নিজেই নিজে আত্মহত্যা করবে।আসলে হিরো আলমের জন্যই জায়েদ কে চিনলাম।ভারতের হিরোদের নামের সাথে মিলিয়ে খান দিলেই ছাগল হাতি হয়ে যায় না।,Strongly Negative,Bullying,168,29
ছবিটা সুন্দর করে তুলেছে !! হলিউডের মত ; কিন্তু আমরা তো ডালিউড ; এখানে কেমন যেন বেমানান হয়ে গেল ! পরী মনি তো সুন্দরী । কিন্তু --,Strongly Positive,Unbiased,127,27
"সমালোচনা করার জন্য বলছি,দুরানি সুন্দরি ম্যাডাম তিশাকে অনেকখানি সুইট & কিউট লাগছে।",Strongly Positive,Unbiased,81,12
এদের কোন ধর্ম নেই তাই এরা সব ধর্মের শত্রু,Negative,Unbiased,41,9
আল্লাহর আর খেয়েদেয়ে কাজ নেই তুমার মত নাস্তিকের কমপ্লেন নিয়ে পরেই থাকবেএইসব নাট্যমি না কইরা উলটা যা ভুল করছো তার জন্যে 5 ওয়াক্ত নামাজ পরে ক্ষমা চাও।আর না হলে Nabil Maruf এর সাথে বিয়া দিয়ে দিবো,Negative,Unbiased,191,36
সে নাস্তিক এটা তার ব্যক্তিগত ব্যপার কিন্ত জনসম্মুখে প্রকাশ করে নিজেকে মুরতাদের দলে নাম লিখানোটা বুদ্ধিমানের কাজ নয়। যেহেতু বাংলাদেশে মুরতাদের স্থান নেই তাদের বিপক্ষে ৯৯% লোক। পেজের এডমিন নব্য এই নাস্তিকের পক্ষে প্রচারণা করার জন্য কি কোন ফি টি পেয়েছেন যদিও এটা পরিষ্কার আপনি কি চান।,Negative,Unbiased,281,47
স্বঘোষিত  নাস্তিক মুরতাদদের  বিরুদ্ধে নীরবতা তাদের আচরণের প্রতি সম্মতির লক্ষন। অতএব আমাদের এতো সংযমী হওয়া উচিৎ নয় যাতে তারা পার পেয়ে যায়। আমার একান্ত ব্যক্তিগত মতামত। ধন্যবাদ,Negative,Unbiased,174,27
"সৃষ্টিকর্তা বলতে কেউ নাই, তাহলে আসিফ উরপে মগাচিপের সৃষ্টি কিভাবে?উত্তর না আসলে থাপ্রায়া উর চাপার দাত ফেলেদেব।",Negative,Unbiased,109,17
"সৃষ্টিকর্তা বলতে কেউ নাই, তাহলে আসিফ উরপে মগাচিপের সৃষ্টি কিভাবে?উত্তর না আসলে থাপ্রায়া উর চাপার দাত ফেলেদেব।আর আসিফ এমন কেউ না যে তার জন্য লিংকে যেতে হবে .... জানেন তো স্যান্ডেল দামি হতে পারে তবে বিছানায় রাখার মত দাম তার নাই",Negative,Unbiased,225,41
নব্য নাস্তিক মাগি।।। তুই জাহান্নামি।,Negative,Unbiased,36,5
আয় খানকি। নতুন নাস্তিক তুই।।।তোর মুখে আল্লাহ নাম মানায় না।। তুই কি আগে জানতি না।। তুই বলার পর বলিস আমি আল্লাহ এর কাছে ক্ষ্মমা চাইছি।।। তুই ধংস হ।।।,Negative,Unbiased,147,28
"তোর মত নাস্তিকের এদেশে থাকার অধিকার নাই,",Negative,Unbiased,40,7
লুচ্চার ঘরে লুচ্চা,Strongly Negative,Bullying,18,3
খাটাসমনি,Strongly Negative,Bullying,8,1
"গালি দিলে, ধর্ষণ এর হুমকি দিলে, হত্যার হুমকি দিলে সওয়াব কামানো যায়। শালার হিপোক্রেট গুলো। ধর্মকে বেচে খাচ্ছে",Strongly Negative,Bullying,108,18
তো কি করতাম? নাচতাম?,Negative,Bullying,20,4
অাগে মরে দেখ।,Strongly Negative,Creepy,13,3
ভোদা কবির।তোর নাটকের কপালে জুতা ও থুতু মারি।তোরে আনলাইক দিলাম।,Strongly Negative,Creepy,62,10
মালাউনের বাচ্চা কে জবাই করা উচিত,Strongly Negative,Creepy,32,6
জামালপুরের ডিসি সাহেবের পক্ষ থেকে অভিনন্দন,Neutral,Creepy,42,6
"কাছের মানুষ এখন সৃজিত কাকা,আর দূরে থাকা মানুষটি হচ্ছে তাহসান ভাই।শর্টফিল্ম দেখে কি হবে আমজনতা জানে তোমিথিলা মিথিলা তুমি কখনো তাহসান পাবেনা,সৃজিতের মত বুইড়া বেটারে বিয়া কইরা তুমি কি পাইলা।।#আলো গানের ভার্সন টু আসিতেছে",Neutral,Creepy,216,34
কি বাবে জে বলতে পারছেন এই কথা বোন তৌবা তৌবা করেন আল্লা খমাকরার মালিক আপনে ১ বার ছোক বন্দ করে বাবেন আপনার ঘরের চাদে কয়টা পিলার  লাগাইছেন আর আল্লহ তালার মহা আকাশের কয়েটা পিলার দেখছেন জেটা আপনার মাথার উপরের বড় চাদ,Neutral,Creepy,210,41
আল্লাহ কাছে ক্ষমা চাওয়া . এটা কি ফেসবুকে পোস্ট করতে হবে । জনপ্রিয়তা ফিরে পাবার জন্য । নিজের স্তন কাপর ঠেলে বাইরে বেরিয়ে আসে এ সব ছবি ফেসবিকে পোস্ট করা । টাকার বিনিময়ে নিজের শরীর অন্যের হাতে তুলে দেওয়া । এটা কার কাছে বিচার চাবে ?,Neutral,Creepy,228,46
"জাহিদ, জাহেদ, জায়েদ খান মানুষ তার নামি ঠিক মত জানে না কে মালটা? আমার তো মনে হয় হালায় মদ খেয়ে লাইভে আসছে",Neutral,Creepy,103,22
"যা বলেছ ব্রাদার, মন ভরে গেছে।",Neutral,Creepy,29,6
পরিচালক এ রা সবাই মিলে যে পড়ি মনি কে খেলায় শুধু আসে আর যায়. এই সব ফালতু পিক ফেইসবুক এ আপলোড করে আর সারা রাত টাকার লাগায় নিচে এবং উপরে. আরে মাগি পরনে প্যান্ট আছে কি না জানে কে. বাঙালি র সানি লিওন.,Neutral,Creepy,195,43
যত দেখি তৃষ্ণা মিঠে না।,Neutral,Creepy,23,5
চল যাইগা পাটক্ষেতে,Neutral,Creepy,18,3
"আজ তোমাকে মিয়া খলিফা মনে হচ্ছে, চলো না কুজন মিলে দুজন লিটনের ফ্লাটে ঘুড়ি, আয় আজকা  বাড়ি খাইল্লা,,,",Neutral,Creepy,98,18
অরে লাগাবে সবাই এখন,Neutral,Creepy,19,4
এখন সোশ্যাল মিডিয়া সামাল দিতে এই পোষ্ট? - কিন্তু একজন মুসলিম সন্তান হিসেবে তোমার কথা বলার আগেই ভাবা উচিৎ ছিলো যে কি বলছো তুমি। আমি তোমার পোষ্ট সামনে আসা মাত্রই নাউজুবিল্লাহ বলি।আল্লাহর কাছে তওবা করো।,Neutral,Creepy,199,35
ওরে খাইছেরে...!!কাঁধে ওঠে গেলো মেশিন আমার৷,Neutral,Creepy,42,6
মাক্স পড়ে কিস কেমনে করো ম্যান?একটু শিখাও,Neutral,Creepy,40,7
এই অডিও দ্বারা কি বুঝাতে চাচ্ছেন আপনারা?একজন সম্মানি লোকের সম্মান নিয়ে টানাটানি করছেন আপনারা।স্বামী স্ত্রীর মধ্যে পরিবারে এমন হলেও হতে পারে 'তাই বলে এটাকে ইসু করে আপনারা রাজনীতি করছেন ।কোন পরিবারে এমন হয়না বলেন ?যদি আপনার না হয় আপনি মিথ্যা বলেন ।আফসোস আপনাদের প্রতি,Neutral,Creepy,265,44
সারা বছর ছোট ছোট পোশাক পড়ে ছবি তৈরি করে রমজান মাসে এখন কি হাজি সাজছেন নাকি । পরে তো আবার যা ছিলেন তাই হয়ে যাবেন কি দরকার ছিল এটা দেখানো,Neutral,Creepy,137,30
নটির আবার কিসের ইহকাল আর পরকাল,Neutral,Creepy,30,6
এই বেশ্যারে গেইলের কাছে বিক্রি করা যাবে? MH Mohsin,Neutral,Creepy,50,9
বাংলাদেশর নতুন নাস্তিক সাফা মিয়া,Neutral,Unbiased,33,5
গরীবের নাতাশা মালকোভা,Neutral,Creepy,21,3
ওকে হত্যা মোমিনের জন্য ফরজ,Strongly Negative,Creepy,26,5
"পত্রিকা কি কম বিক্রি হচ্ছে ? এরাকি সাংবাদিক নাকি সাংঘাতিক ? এমন একটা মেয়ে, আবার তার মতামত নিয়ে পত্রিকায় ছাপানোটা কি খুব বেশি দরকার ছিল ? দেশে তো কতকিছুই ঘটে ! ফালতু সাংবাদিক কোথাকার।",Negative,Bullying,182,34
রঙের ঠেলায় মুখ দিয়ে যা তা বের হয় আস্তা খবিশ খা এবার বাশ,Strongly Negative,Bullying,55,13
ডানাকাটা পরী..,Negative,Bullying,14,2
প্রফাইল এ গিয়েছিলাম আনলাইক মারতে।পরে দেখি হেতেরেত আমি ফলো ই করিনাই।ফইন্নির ঘরের ফইন্নি।জীবনে বয়সে ছোট কোনো ব্যক্তিরে তুই বলিনাই।মনডা চাইতেছে দুনিয়াতে যত গালি সব তাকে দেই...,Negative,Bullying,172,26
যে পরকাল বিশ্বাস করেনা সে আবার আল্লাহ্‌'র কাছে বিচার দেয়!!!কত বড় ফইন্নির ঘরের ফইন্নি।,Strongly Negative,Bullying,85,14
ঢেলে দিতে বলছি বলে এত্তো গুলা ঢেলে দিতে বলি নাই,Negative,Bullying,47,10
জুতা মারী,Strongly Negative,Creepy,9,2
ক্রিকেটার সাকিব যেমন  বিশ্ব সেরা তেমনি ব্যাক্তি সাকিব ও হ্নদয়বান ও বিশ্ব সেরা। আপনি এই দুঃসময়েও বিপদগ্রস্ত মানুষের পাশে যেভাবে দাঁড়ালেন তার জন্য আপনার প্রতি শ্রদ্ধা ও ভালোবাসা আরও বহুুগুন বেড়ে গেলো।পরম করুনাময় আপনার মঙ্গল করুন ♥♥♥♥।ধন্যবাদ আপনাকে বাংলাদেশের জান সাকিব আল হাসান,Strongly Positive,Unbiased,276,43
স্যালুট তোমায়... স্যার। God bless rest his Soul...,Strongly Positive,Unbiased,50,8
যোগ্য লোকের যোগ্য সম্মান। Love for Mash,Strongly Positive,Unbiased,39,7
খোলা পাজামা,Negative,Creepy,11,2
"আমি চিতকার করে কাঁদিতে চাহিয়া করিতে পারিনি চিতকার ,বুকের ব্যথা বুকে জমা রেখে  নিজেকে দিয়েছি ধিক্কার !",Negative,Unbiased,101,17
জারজ সন্তান।।,Negative,Bullying,13,2
মাগি।।।,Negative,Creepy,7,1
ঘুপসি মাগি  আজ থেকে আর তোর কোন নাটক দেখবো না,Negative,Creepy,44,10
অ্যাাাা চুদা একটর শালী,Negative,Creepy,22,4
"কাল দেখলাম ল্যাংটা, আজকে হিজাব।",Negative,Creepy,31,5
"শুয়োরের বাচ্চা মাগির পুত, তোর মার সাথে তুর চুদার করার রেকর্ডিং ভিডিও দিছোত নাকি, খানকিরপুত সাউয়ামীলীগ এর ঘুড়ারচুদা,",Negative,Creepy,118,18
বিক্রম সাতার পারে তো? হালায় তো ডুইবা মরবো,Negative,Bullying,41,8
"চারটাই ছাগী, একটাও খাসি/পাডা নাই। প্রজন্ম বাড়বে কেমনে বাল????রবি ঠাকুর বেচে থাকলে একটা কবিতা লেখতোতিনটা ছাগী, একটা মাগীপাসের বাসার বউদি বাজাচ্ছেচ্যাগী চ্যাগী চ্যাগী চ্যাগী",Negative,Creepy,171,24
শরীরের পুরো কাপড় খুলে দে,Negative,Creepy,25,5
মাগি,Negative,Creepy,4,1
শরীরের পুরো কাপড় খুলে দে,Negative,Creepy,24,5
গরীবের সানি লিওন..,Negative,Creepy,18,3
এই মাগীর পক্ষে কথা বলার দালালরা কই,Negative,Creepy,34,7
পরকালে বিশ্বাস করে না আবার আবার আল্লাহর কাছে বিচার চাস। আল্লাহ তরে হিদায়াত দিক। বাইঞ্চুদি বেডি,Negative,Creepy,94,16
মিথিলা প্রভা এবং ফারিয়া এরা হলো বাংলার সানিলিওন,Negative,Creepy,47,8
পতিতা এখন ঢাকায়,Negative,Creepy,15,3
জাতীয় পতিতা,Negative,Creepy,11,2
"এইখানে রবিদার কোন দোষ নাই,,রবি দারে কেউ ভুল বুইঝেন না,, আসলে মেয়েটার চরিত্রই খারাপ,ডলা ডলি করা তার স্বভাব",Negative,Creepy,105,18
"একে বাংলাদেশ থেকে বিতাড়িত করা হোক,,,",Strongly Negative,Creepy,36,6
একে এদেশ থেকে বিতারিত করা হোক।।।,Strongly Negative,Creepy,32,6
বেয়াদব জুতা মেরে গরুদান তুই কি ভার দিবি আল্লাহ্ কাছে তুইতো তো যা চোখে দেখোস না তা বিশ্বাস করোস না তুই আল্লাহ্কে কি বিশ্বাস করবি ???? ফাজিল অসভ্য,Strongly Negative,Creepy,144,28
ফ্যানব্যাজ হারাচ্ছে বলে জুতা মেরে মাল্যদান? how funny...anyway ক্ষমা করার মালিক আল্লাহ।। আল্লাহ বিশ্বাস করেন পরকাল বিশ্বাস করতেন না এত দিন। ভালই ফাইজলামি করলেন।যাই হোক আল্লাহ আপনাকে হেদায়েত দিক।,Strongly Negative,Creepy,194,29
আমার থেকে হিরে আলম কে জুতা পিটা দিলাম,Strongly Negative,Creepy,37,8
ওকে কোথাও ভালো করে হাত পা বেধে রেখে সবাই মিলে কিছু একটা করা উচিৎ,Strongly Negative,Creepy,64,14
ওর আভিনয় আমার কাছে ভালই লাগতো কিন্তু ওর কথা শুনে আজ খেকে ওর কোন নাটক দেখবো না। আমি তাকে চরম ভাবে ঘ্রিনা করি।,Strongly Negative,Bullying,108,23
"সাফা বলেছে, তিনি যা দেখেন না তা বিশ্বাস করেন না, তাই উনি পরকাল বিশ্বাস করেন না।  তাহলে উনার যে বাবা আছেন, তাকে কিভাবে বিশ্বাস করেন,,",Negative,Bullying,132,25
পুরাই ফাউল.....!,Strongly Negative,Bullying,16,2
আগে আপনার হাতের নোক কাটুন,Negative,Bullying,25,5
ওরে কেউ থামা নইলে ভোজপুরিতে চালান করে দে…,Negative,Bullying,41,8
"মানুষের ঈমান নষ্ট হলে যা হয় আর কি,এইসব ময়লা আবর্জনা থেকে উঠে আসা,অসামাজিক ভাবে বেড়ে উঠা ছেলে মেয়েরা বলতে পারে এবং সেভাবে চলে ওরা।ওদের কারনে সমাজ আজ বিপদগামি..",Negative,Bullying,158,28
এই টারে জবাই করা উচিত,Strongly Negative,Creepy,21,5
"সাফা' জন সম্মুখে ক্ষমা চেয়ে নে, না হয় তুই বুঝবি পাব্লিক কি জিনিস।",Strongly Negative,Creepy,65,13
"তোরে জুতা মারার ধরকার আছে,,জারজ মেয়ে",Strongly Negative,Creepy,36,6
ওরে দেশে আসতে বলেন।,Strongly Negative,Creepy,19,4
সাঈদির দ্বারা সবই সম্বাব,Neutral,Creepy,24,4
"বেয়াদব চরমোনাইয়ের কুকুরেরা এডিট ভালই করতে পারে, কারণ ওরা পীরের ধোন চেটে খায়। কিন্তু বাবা মাকে ভাত দেয়না।",Neutral,Creepy,104,18
"ফেসবুকে যতজন ধর্মপ্রচারক আছে, ততজন যদি ধর্মচর্চাকারী থাকত, এদেশে মসজিদ-মন্দির-গির্জার পরিমাণ ১০ গুণ করতে হত!ধর্ম সব ফেসবুকে, ""আমিন না বলে যাবেন না"", ""hegab koi"", ""nasteker pussy cai"" ইত্যাদির মাঝেই ধর্মচর্চা সীমাবদ্ধ!Credit: Sanjidul islam seban",Neutral,Creepy,245,34
জাহিদ খান একটা বাইন চোদ নায়ওক ওর ছবি আমি দেখিনা আমার মনেহয় ও একা নায়ওক হলে সেই ছবি দরসক  দেখবেনা গেরানটি,Neutral,Creepy,104,21
সবই তো একই গোয়ালার গরু। এরই মধ্যে আবার ভালো খুজেন কেন? চলচিত্রই তো হারাম। আবার দেখেছি অনেকে হিরো আলমকে সাপোর্ট  করছেন। হিরো আলমের পাপের ভাগ ওরাও পাবে যারা তাকে সাপোট করছে। যারা হারাম পথে আছে সে যেই হোক আমরা তাকে সাপোর্ট করবো না,Neutral,Creepy,227,43
তোর প্রফাইল হ্যাকিং হইছে মাত্র ভাবতেছি জনি সিং রে ভাড়া কইরা আনমু ☺ একটানা ১২ ঘন্টা করামু,Neutral,Creepy,88,17
মিথিলার বাংলাদেশে চুইলা কলা ভালো লাগে নাই,Neutral,Creepy,41,7
এভাবে কথাবলেছে তাই বিশ্য ওনাকে চিনছে।এখন মাপ চাইলেও তার লাভ।,Neutral,Creepy,60,10
তোর পাছায় ঠস ঠস করে প্রচ্চুর মারার নির্দেশ দিয়েছেন সেফাতউল্লাহ কাকু....,Neutral,Creepy,71,11
ফেসবুক হ্যাক তাতেই মাফ চাওয়া চাইয়ি শুরু,Neutral,Creepy,39,7
ফটোগ্রাফার হ্লায় কিভাবে এই মাল না খাইয়া রইসে...? নাকি খাইয়া দিসে..? খুব জানতে ইচ্ছে করে,Neutral,Creepy,87,15
"মেয়েদের কমেন্টে লাইক পড়ছে হাজার, শত শত। আমি এত সুন্দর কমেন্ট করলাম আমার কমেন্টের একটাও লাইক নাই। এটা আমার প্রতি অবিচার। আল্লাহ সব দেখেন এবং জানেন আল্লাহ ক্ষমাশীল আল্লাহ এই অবিচারের বিচার করবে",Neutral,Unbiased,193,33
দেশনেত্রী বেগম খালেদা জিয়া জীপে না চড়ে প্রাইভেট কারে উঠে ঝুলবাজদের কবল থেকে কিছু সময়ের জন্য অন্তত নিজেকে সুরক্ষা করেছেন।,Neutral,Unbiased,120,20
"আনুশকা শার্মাকে নিয়ে ট্রল দেখতে দেখতে ক্লান্ত ছিলাম, নিজেকে এভাবে বাংগালী জাতির জন্য উৎসর্গ করায় তোমাকে ধন্যবাদ।",Neutral,Unbiased,112,17
দেশের অর্ধেক মানুষ মরে গেলেও শেখ বংশীয় ইতরগুলি নিজেদের সফল বলবে. ,Neutral,Unbiased,65,11
অামা‌দের দূভার্গ্য যে  অামরা এই  সমস্ত কুলাঙ্গার‌দের নি‌য়ে বে‌শি বে‌শি  মাতা মা‌তি ক‌রি।,Neutral,Unbiased,88,13
হালা চামচা! গুজব হলে সত্যটা কী?,Neutral,Unbiased,31,6
বাসায় জানে?! ,Neutral,Unbiased,13,2
শাকিব খান কই,Neutral,Unbiased,12,3
সকালে shirt pent পরে yoga করা ভালো ।।,Neutral,Unbiased,37,8
এদের বিচার সরকার করতে পারবে না....... এরা সরকার কে ব্যাবহার করেই আজ আমেরিকায়..... …..কিন্তু পীযূষ গেং রা যে দেশের শত্রু এটা বুঝতে না পারলে ভবিষ্যতে কপালে দুঃখ আছে........,Strongly Negative,Creepy,170,28
"নয়া নাস্তিক,,,তোর বাপে তোর মায়ের সাথে সহবাস কইরা তোর জন্ম দিছিলো,,,এইটা তুই না দেইখা তোর বাপেরে বাপ আর মায়েরে মা কেমনে ডাকছ?",Negative,Unbiased,124,22
"যারা ইসলাম বিদ্বেশী নাস্তিক,  তারা এদেশ ছেড়ে জাহান্নামে চলে যাক। এদেশ তাদের নয় এটা ধর্ম প্রিয় মানুষের দেশ",Negative,Unbiased,105,18
নিজের বডি কখনো দেখেছিস যে ওটা কার তৈরী কে তরে বানাইল এত সুন্দর করে।ইহুদি ও বিশ্বাস করে এই দুনিয়া এমনি এমনি সৃস্টি হয় নাই নিশ্চয়ই এর শস্টা একজন আছেন। আর তুই নাস্তিক চেয়েও নাস্তিক।,Negative,Unbiased,178,34
তরে জুতা মারা উচিত নাস্তকের বাচ্চা,Strongly Negative,Creepy,34,6
তোমার হোগা মারা শেষ? কখন কি বলতে হয় এইটা বুঝে বলতে হয়? সুন্দরের ঠেলায় মুখ দিয়া যা ইচ্ছা বের হয়ে গেলে এমনি হয়। যে আইডিটা খাইছে তারে স্যালুট আমার,Negative,Unbiased,143,29
উনি পুরাই মাল।,Negative,Creepy,14,3
দুধ চাইলে আমরা দেখতে পারি! আমাদের এইভাবে দেখনোর দরকার নাই।,Negative,Creepy,58,10
অনেক তো ঢাললা এবার খুলে দেও,Negative,Creepy,28,6
আজ বিশ্বাস করলাম শয়তান বহুরুপি।কাল তো আবার কাপড় খুলে নাচবি,Negative,Creepy,58,10
গোয়া মারা যা খাওয়ার তা আগেই খাইয়ালাইছো সালি ফকিন্নি,Negative,Creepy,51,9
"তুমি তো তোমার পাছা দেখতে পাওনা, তাই বলে কি তোমার পাছা নাই???",Negative,Creepy,60,12
তুই এক সময় ছিলি আমার ক্রাশ এখন হইলি টয়লেট এর ব্রাশ৷ তুই আসলে কথার কারনে পচনশীল হইলি।,Negative,Creepy,84,17
তোর গুষ্টি চুদি,Negative,Creepy,15,3
এ খান্কি মাগির পাথর মেরে দুনিয়া থেকে বিদায় কর,Negative,Creepy,47,9
"তকে চুদতে চাই মাগি তকে দেকতে মাগি লাগতেছে,,তকে জদি পাইতাম তর পাছা দিয়ে আমার সুনা তেল ছারা ডুকিয়ে দিতাম",Negative,Creepy,102,19
পরেও মাগীর ঘরের মাগীরা,Negative,Creepy,22,4
আজ আমি ছবিটা তুলে দেওয়া সবাই তোমার পাছা দেখচ্ছে,Negative,Creepy,47,9
পরি দয়া করে একটু ফাক করে দাও জানুআমি এখানে দুরুত্বতা বঝায় রেখে ফাক ফাক করে কমেন্ট করব ,Negative,Creepy,86,17
চুদাইয়া মুরি খাও তুমি,Negative,Creepy,21,4
যে ভাবে জরিয়ে ধরেছেন ঠাকুর দার তো পরে যাবে চুয়ে,Negative,Creepy,47,10
"পাছার মধ্যে দিয়া বাশ গেলেও আল্লাহকে স্মরণ করেনা, সামান্য ফেসবুক আইডির কারণে আল্লাহর কথা স্মরণ হয়েছে উনার। এইসব সস্তা মেয়েগুলো সেলিব্রেটি হবার পরে কি যে ভাবে নিজেকে আল্লাহ্ মালুম !",Negative,Creepy,179,30
নটির পোলা,Negative,Creepy,9,2
ভুস্কি মাগি খানকি মাগি তোর জন্মের ঠিক নাই।জারজ তুই পতিতায় জন্ম তোর,Negative,Creepy,66,12
সাফা কবির চুদি আকাশে বাতাসে,Negative,Creepy,27,5
তরাই ত কম না একটা নিরেট মূর্খ জ্ঞানহীন নিয়ে আলোচনা করতুছ আর ওর যে উদ্দেশ্য সেইটা আছিল করতাছুস,Negative,Bullying,93,18
"সালা তোকে কানের নিচে একটা মারতে ইচ্ছে করতাছে।অভিনয়ের মানে বুঝিস সালা।ভালোভাবে কথা বলতে পারেনা,আবালের বাচ্চা আবার হিরো হতে চায়।",Strongly Negative,Bullying,126,19
ঐ মহিলাকে জুতা গলায় দিয়ে ঘোরাতে হবে।,Strongly Negative,Creepy,36,7
"জুতা কবির, মুজা কবির ধন কবির",Strongly Negative,Creepy,28,6
সালারে কেউ মাইরালা,Strongly Negative,Creepy,18,3
ওরে রাজাকার,Strongly Negative,Bullying,11,2
বাল চিনে বালের হিরো,Strongly Negative,Bullying,19,4
তুই একটা পতিতা পল্লীর বেলুন এক্সিডেন্ট এর ফল,Strongly Negative,Bullying,44,8
আপনি আল্লাহর কাছে বিচার চাইছে আবার পরকালেও বিশ্বাস করেন নাটিভি পর্দার মত নাটক পাইছেন ফালতু কোথাকার,Strongly Negative,Bullying,98,16
করবে কেন? সে তো মুসলিমও না হিন্দুও না।,Negative,Bullying,38,8
তমার সৃজিত আংকেল কেমন আছে?,Negative,Bullying,26,5
ইন্না লিল্লাহি ওয়া ইন্না ইলাহি রাজিউন।শান্তনা দেবার মতো ভাষা জানা নেই। শুধু এটুকুই বলতে পারি ধৈর্য্য ধারণ করে দাদির জন্য বেশি বেশি দোয়া করবেন।। আল্লাহ তায়ালা যেন তাকে জান্নাতুল ফেরদাউস দান করেন আমীন।।,Negative,Unbiased,203,33
"কিছু কথা বলার আগে ১০০ বার চিন্তা করবেন। আপনি কি বলতেছেন.....? দেহ দেখানো ভালো কাজ না। দেহ দেখাইতে দেখাইতে এমন অবস্থা হইছে,আল্লাহর কথাই ভুলে গেছেন। এই দেহ দেখানো বন্ধ করেন, আর আল্লাহর কথা চিন্তা করেন,দেখবেন পরকাল বিশ্বাস হবে ইনশাআল্লাহ।",Negative,Unbiased,235,39
"সবকিছুর একজন মালিক থাকে,, এবং আমাদেরও সৃষ্টির একজন মালিক রয়েছে, এটা তো সহজ হিসাব, সবাই সবাই সৃষ্টিকরতার দেখানো পথে চলে আসুন",Neutral,Creepy,123,21
সবি এপ লিংক কেন ভাই!,Neutral,Unbiased,20,5
"বড় দোষ বাংলাদেশের মোল্লাদের,  মরণের পর যদি এদের জানাজা না করতো তাহলে উচিৎ বিচার হতো,  কিন্তু কত নাস্তিকে জানাজা এরা করল।",Neutral,Unbiased,120,21
"ইসলাম যে কোন কাজের ধর্ম না তা সাফা কবিরের প্রফাইলে কমেন্ট সেকশান পড়লেই বোঝা হয়ে যায়। ইসলাম ভেড়া বানাইতে পারে সুন্দর, মানুষ বানাইতে পারে না।",Neutral,Unbiased,139,25
"উনার মত  একজন  বীর যোদ্ধার মৃতকতে জাতি শোকাহত, উনার আত্মার মাগফেরাত কামনা করছি",Neutral,Unbiased,78,13
ঘরের মেশিনডারেও ওর মত অসুস্থ বানাইতাছে,Neutral,Unbiased,38,6
"সেন্স অব হিউমার -আপনি বলিউড একটি সিনেমার অফার পেলেন,আর বাংলা টেলিফিল্ম ২টার কোনটা বেছে নিবেন।",Neutral,Unbiased,93,15
"কি দরকার ছিলো এত্ত ভাব নেয়ার ?বেশি ভাব নিতে গিয়া এখন বিপদে পরছে ।আল্লাহ্ আপনাকে হেদায়েত দান করুক,, আমিন।।",Neutral,Unbiased,106,19
অামি অামার ভোট দিতে পারি নাই,Neutral,Unbiased,28,6
বর্তমানে প্রিয়া সাহা যে মতামত দিয়েছে সে মতামত অনুযায়ী বোঝা যাচ্ছে যে সে প্রধানমন্ত্রী কে ও কাঠগড়ায় দাঁড় করিয়েছে? দূরন্ত এই প্রিয়া সাহা জানিনা এই সরকার তার বিচার করবে কিনা?,Neutral,Unbiased,179,30
সংগ্রামী লাল সালাম,Neutral,Unbiased,18,3
লীগের ছাগলগুলা ম্যা ম্যা করতাসে কিছু কমেন্টে,Neutral,Unbiased,44,7
বাংলাদেশ রিমান্ডে,Neutral,Unbiased,17,2
বাংলাদেশ জিন্দাবাদ❤❤❤,Neutral,Unbiased,21,2
বাংলাদেশ জিন্দাবাদ বিএনপি জিন্দাবাদ,Neutral,Unbiased,35,4
বাকশাল নিপাত যাক,Neutral,Unbiased,16,3
দেশ বাঁচাওমানুষ বাঁচাও,Neutral,Unbiased,22,3
দলে থেকে দলের ক্ষতি যারা করেলাথি মেরে বের করে দেন,Neutral,Unbiased,49,10
এমন সুন্দর একটা ছবি তে যখন হাহা হা রিয়েক্ট দেখা যায় অনেক তখন বোঝায় যায় তার জনপ্রিয়তা,Neutral,Unbiased,84,17
মানুষ ভুল করবে এটাই স্বাভাবিক....সেটা বিচার করার মালিক একমাত্র আল্লাহ্ তায়ালা... এতে বাজে ভাষায় গালি দিয়ে নিজেই পাপের খাতায়  কেউ নাম লিখাবেন নাকি!!,Neutral,Creepy,147,23
আমার প্রিয় খেলোয়াড়,Strongly Positive,Unbiased,18,3
সাব্বস হিরো আলম,Strongly Positive,Unbiased,15,3
জায়েদ খানের চেয়ে হিরো আলম কে বেশি সুন্দর লাগে,Strongly Positive,Unbiased,47,9
তর সাহস আছেন বলতে হবে,Negative,Unbiased,21,5
তোরে ফাসি দেওয়া উচিত...,Strongly Negative,Creepy,23,4
আজ থেকে সাফার নাটক বয়কট করলাম....,Strongly Negative,Creepy,33,6
জুতাপেটা করা দরকার শালিরে,Strongly Negative,Creepy,25,4
অপরাধ টা যখন জঘন্য... তখন  সরি বলাটা বেমানান! অনেকটা গরু মেরে জুতা দান এর মত।,Strongly Negative,Creepy,77,15
ভাইরে ভাই তর তামাশা কবে আসবে? ,Strongly Negative,Creepy,30,6
মামু তার হাসি মিস করিস না কি মিস করিস বুঝি তো।,Negative,Bullying,46,11
বাস্টার্ড।।। নাস্তিকের বংশধর৷ তোর বাপ ও ত নাস্তিক। বেজন্মা কোথাকার।।।,Negative,Unbiased,69,10
তুই নাস্তিক।। তোর নাটক জনগন দেখবেনা,Negative,Unbiased,35,6
"তুমি নাস্তিক,,তোমার  প্রর্ম শেষ মনে রেখো,,তোমার নাটক আর দেখবেনা কেও,,যেমনটা প্রভাও শেষ হয়ে গিয়েছিলো",Negative,Unbiased,99,14
এই শালী একটা মাগির খান কি এত পরকাল বিশ্বাস করে না খালি নাস্তিক,Negative,Unbiased,62,13
পাক্কা বেয়াদব একটা মে‌য়ে,Strongly Negative,Bullying,24,4
হাহাহাহাহা হায়রে বিম্পি,Negative,Bullying,23,3
অই মেয়ে বিয়ের বয়স হইনায়,Negative,Bullying,23,5
দেশ ও জাতিকে উদ্ধার করে ফেলেছে...!!!,Negative,Bullying,36,6
"চায়নার আছে আলীবাবা, আমাদেরকে প্রোটেকশন সরঞ্জাম দিবে। আমাদের আছে ""চল্লিশ চোর"" এইগুলা লুইট্টা পুইট্টা নিবে।......পাকিস্তানের আছে শাহিদ আফ্রিদি, তার ফাউন্ডেশন আইসোলেশন সেন্টার বানাইছে, জরুরি খাবার সরবরাহ করতাছে। আমরার আছে শাকিব আল হাসান সে লাইফ বয় এর বিজ্ঞাপন করতাছে।সংগৃহিত",Negative,Bullying,271,38
তুই তো নাস্তিক তোর গালে জুতা মারি,Strongly Negative,Creepy,33,7
তরে এতো দিন আমি ভালো মনে করতাম এখন মনে করি তর গলায় জুতার মালা দেয়া উচিত।,Strongly Negative,Creepy,72,16
সাফার সব নাটক বর্জন করুন মা** টার নাটক আর কেউ দেখবা না,Strongly Negative,Creepy,54,12
"এই মেয়ের মা এবং বাবাকে জুতা মারা উচিত , কারণ ঐ মেয়ে কে ইসলাম সম্পর্কে কিছুই ধারণা দেয়নি ।",Strongly Negative,Creepy,89,19
কমেন্ট পড়তে পড়তে কি কমেন্ট করতে আসছি সেটাই ভুলে গেছি  ফাক,Strongly Negative,Bullying,57,11
তুমি আমাদের অনুপ্রেরণা,Strongly Positive,Unbiased,22,3
এখানো তো আমরা চাউল চোরদের কন্ট্রোল করতে পারলাম না।করোনা কি ভাবে কন্ট্রোল করবো।,Negative,Unbiased,78,13
সালা বলদ,Strongly Negative,Bullying,8,2
"গরম লাগলে  #AC হাওয়া খাও, ফেনের বাতাস খাও, আবার প্রকৃতির  বাতাস খোজ। কিন্তু বাতাস/হাওয়া তো দেখা যায় না। তার মানে এগুলাও বিশ্বাস করো না নাকি।। আবাল একটা।",Negative,Bullying,152,27
"মানলাম যে আল্লাহ তাকে খাট, কাল বানাইছে কিন্তু অভিনয় করা টা তো নিজের শিখতে হয়। কি বাল শিখছ??? আবাল কোথাকার।",Strongly Negative,Bullying,106,20
"বালের চলচিত্রের সভাপতি হয়ছে যে বাপ,মিশা লোকটা কি বাল সবসময় দেখলাম অশ্লীল মুভি করতে, যেখানে অশ্লীলতা সেখানেই মিশা।এসব বাংলা ফালতু বাংলা সিনামা এখন মানুষ আর দেখেনা এটা সত্যি।আজকে মিশাকে চিনলাম,হিরোর মাধ্যম।",Strongly Negative,Bullying,205,31
ডিম থেরাপি চাই।,Negative,Bullying,15,3
জায়েদ খানের মিশা সওদাগরের মুখে জুতা মারার দরকার,Strongly Negative,Creepy,47,8
তাকে ফাসি দেওয়া হউক,Strongly Negative,Creepy,19,4
তারা আগুন দিয়ে জ্বালাই দিতে হবে।।।,Strongly Negative,Creepy,34,6
এই নাস্তিকের ফাসি চাই,Strongly Negative,Creepy,21,4
অসাধারণ একজন মানুষ ,Strongly Positive,Unbiased,19,3
ইউটিউব  এ লাইক এর চাইতে আনলাইক বেশী ,Negative,Unbiased,36,7
নাস্তিক মাগির পুরি,Negative,Unbiased,18,3
ক্রাশ খাইতে মন চায়। ইরানের সুন্দরী,Strongly Positive,Unbiased,34,6
এ্যাশ লী ট্রাই কর্।,Strongly Positive,Unbiased,19,4
এইডারে রিমান্ডে না নিলে ঠিক হবে না।,Negative,Bullying,35,7
আফরান নিশু নাই এইটা আবার কেমন খেলা?  ,Negative,Bullying,37,7
তুই শুয়োরের বাচ্চা আর কোনদিন আলোর দেখা পাবিনা,Strongly Negative,Bullying,46,8
"কিছু বলদ বলদা মার্কা কথা কয়,কিছু বলদ সেই বলদা মার্কা কথাকে ইস্যু করে বলদামি করতে থাকে, আর কিছু বলদ সবার বলদামি দেখে মজা নেয়,,,।।আসলে আমরা সবাই ****খেয়ে কারো কাজ নাই,খালি ইস্যু খোজা আর সোসাল মিডিয়া গুলোতে এসে লাফালাফি করা",Strongly Negative,Bullying,220,39
বইনরে তোর চেহারা খান দেইখা মনে হইতাছে তোর কোষ্ঠকাঠিন্য আছে!তুই এক ফাইল হারবাল খাঁ।,Negative,Bullying,82,14
বদমাইশ টার বিষয়ে কথা না বলাই ভাল।,Strongly Negative,Bullying,33,7
তোরে জুতা মারি,Strongly Negative,Creepy,14,3
এই সমস্ত নাস্তিক দের কে দেশ থেকে বিতাড়িত করতে হবে।নয়তো দেশে আগুন। দর্ষন রাস্তায় মরতে হবে,Strongly Negative,Creepy,88,16
"ওকে ভালোকরে মারতে হবে,,,,",Strongly Negative,Creepy,25,4
ভালো লাগছে। ভিন্ন গল্প।,Strongly Positive,Unbiased,23,4
অর নাটক আর কেউ দেইখেন না।ওই নাস্তিক হইয়া গেছে।,Negative,Unbiased,46,9
বাকি টুকু খুলে বসলে তো হতো!!আজ কাল অ্যাক্টর দের জামাকাপড় এর খুব অবাব।কাও পারলে সাহায্যের হাত বাড়িয়ে দেন।,Negative,Unbiased,107,18
"আসলে মসজিদে, তার ছিড়া মুরব্বি দের অভাব নাই, সুদ ঘুষ হারাম খেয়ে পাশাপাশি বয়সের কারনে এদের অধিকাংশের তার তোর ছিরা গেছে তাই এমন করে শিশুদের সাথে",Negative,Unbiased,141,26
অর বিরুদ্ধে রাষ্ট্রদ্রোহির মামলা করা দরকার!,Strongly Negative,Creepy,43,6
শালা অশিক্ষিতের ঘরের অশিক্ষিত। আবার কয় এমপি হইবো,Strongly Negative,Bullying,49,8
ফালতু গার্ল.,Strongly Negative,Bullying,12,2
এই ছবিগুলো নিশ্চই নির্মলেন্দুগুনকে জেলাস করাণোর জন্য দিয়েছেন...? ,Negative,Bullying,65,8
"পরীকে দেখা করতে বলেছেন হাবু ভাই, রান্নার হাত দেখবেন বলে...✋✋",Negative,Bullying,60,10
শালার দেশে আবাল মার্কা কমেন্ট  বেড়ে গেছে?,Negative,Bullying,41,7
হিছামারার রিয়েক্ট কই?,Negative,Bullying,21,3
সুবহানাল্লাহ মাশাআল্লাহ খুব সুন্দর চেহারা,Strongly Positive,Unbiased,41,5
নাস্তিকের বাচ্চা তরে পাইলে জুতা দিয়ে বাইরাতাম।,Strongly Negative,Creepy,46,7
এসব নাস্তিকদের সবার সামনে ফাসি দেওয়া উচিত,Strongly Negative,Creepy,41,7
ওনাকে বেগুন থেরাপি দেওয়া হোক,Strongly Negative,Creepy,28,5
"সালা জায়েদ তুরে দেখতে গুন্ডার মত লাগে,স্যালুট হিরু আলম",Strongly Negative,Creepy,54,9
কুতার বাচ্চারে জুতা দিয়ে পিটানোর দরকার,Strongly Negative,Creepy,39,6
এবার দেহি কি করে প্রধানমন্ত্রী,Strongly Negative,Creepy,30,5
হিছামার তোর কোয়ালে।,Negative,Bullying,19,3
বল‌দের ম‌তে ছ‌বি Post,Negative,Bullying,21,4
"নিজেদের অপকর্ম ঢাকার জন্য এটাকে গুজব বলতেছে। আর এটা  শেয়ার দেওয়ার মত এমন কি নিউজ হইলো!?স্বাস্থ্যকর্মীরা মানসম্মত পিপিই পাচ্ছেনা, সব কিছুতে দুর্নীতি হচ্ছে, এসব নিয়া কথা বলেন পারলে।",Negative,Bullying,179,28
বান্দি মার্কা চেহারা নিয়ে মিডিয়ায় যায় কেমনে,Strongly Negative,Bullying,43,7
এই মদন কে গেস্ট করা হলো??? ,Negative,Bullying,27,6
"জায়েদ খান কোন বালের চ্যাট, বাংলাদেশের ৫% মানুষই তুরে চিনে না,, হিরো আলম কে ৮৫% জনগনই ছিনে,, জায়েদ খান তো হিজড়ার মতো দেখতে",Strongly Negative,Bullying,121,23
জুতা মারলাম তোর কপালে।,Strongly Negative,Creepy,22,4
জুতা মার মাগিরে,Strongly Negative,Creepy,15,3
ওকে কি করার দরকার বুজেছেন তো ভাইয়েরা।,Strongly Negative,Creepy,37,7
"যারারিয়েক্ট দিছে, তাদেরকে জুতার বারি।",Strongly Negative,Creepy,37,5
"আস খেলি,খেলা হবে,কেমন লাগেমাপ নাই,তোকে বর্জন করা হবে,তোকে কোথায় টিকতে দেওয়া হবে না,তোকে দিয়ে বাংলার মাটিতে সাক্ষী রাখতে হবে যে,ইসলাম কে খাটো কারী, নাস্তিক, ইসলাম বিদ্বেষী কারো ঠাই এখানে নাই।",Negative,Unbiased,190,30
"তোর জন্মই একটা ভুল,কোন কিছুর বলার আগে তার প্রতিক্রিয়া কি হতে পারে মাথায় রেখে কথা বলা দরকার,এটা মুসলিম সংখ্যাগরিষ্ঠ দেশ,তোর আদি গুষ্ঠি সব এ ধর্ম থেকে আসছে,বেশি ইংলিশ মিডিয়াম চুদার ফসল তোরা নব্য নাস্তিক, ক্ষমা পাবি না।",Negative,Unbiased,216,37
"নাস্তিক ইসলাম বিদ্বেষী পরিবারে জন্ম হলে এমনই হবে এইটাই স্বাভাবিক নিয়মবাবা নাস্তিক গড ফাদার মুরগী কবির, নাস্তিক মাতা খুশি কবীর,নাস্তিক ভাই john কবীর, নাস্তিক বোন সাবা কাবীর",Negative,Unbiased,171,27
পুরো পরিবারই নাস্তিক পরিবার,Negative,Unbiased,27,4
নাস্তিক!! আল্লাহ যেন তোরে মাফ না করে। তুই মুসলিম হয়ে কথাটা কি বলছিস? পরকালে বিশ্বাস করিস না? তাহলে তো তুই আল্লাহ কেও বিশ্বাস করিস না।,Negative,Unbiased,133,25
"চামড়ার ভিতর দিয়ে চামড় গেলে কেন ক্ষতি হয়, না, সেষ ফলটা ভালোই আসে, .. ওই ছায়া কবির তুই তো চামড়া মুখ দিয়ে আল্লাহ গুটা মুসলিম জাতিকে উপমান করছিস,, তুই আবার আল্লাহ কাছে ক্ষমা চায়, যে ব্যাক্তি পরকাল বিশ্বাস করে না, সে কখনোই আল্লাহ কাছে ক্ষমা চাওয়ার যুগ্য নয়, তুমি নাস্তিক, তর ফাঁসি দেওয়া উচিৎ।",Strongly Negative,Creepy,287,54
"নষ্টামি করস মানলাম কিন্তু এইসব বিষয় নিয়ে নাষ্টামি করবিনা,যতসব বেঈমানের দালাল।",Strongly Negative,Bullying,77,11
গ্রামে একটা কথা আছে- ঠেলার নাম বাবাজী!? ঠেলা খাইয়া মাইয়া ঠিক হইয়া গেছে।।,Negative,Bullying,72,13
এই ভাবে যদি খেলার আগে সাগুগুজু করো তাইলে আম্পায়াররা ক্রাশ খেয়ে গেলে কিন্তু বিপদ ,Negative,Bullying,80,14
ওকে বাংলাদেশ থেকে বের করে দিতে হবে,Negative,Bullying,34,7
ও একটা আস্ত মাগি। ওকে বাং,Strongly Negative,Bullying,25,6
"মুসলিম ঘরের মেয়ে এমন কথা বল আপনার উচিত হয়নি নিজের ঈমান নষ্ট করেছে সেই সাথে রাস্তায় পায়খানা করে বাপকে গালি খাওয়ালেন,",Negative,Bullying,120,21
নাস্তিক এর গালে জুতা মারো তালে তালে,Strongly Negative,Creepy,35,7
পায়ের জুতা পায়ে মানায়। মাথায় না,Strongly Negative,Creepy,31,6
কোন দেশনায়ক জাতি জানতে চাই। নায়ক পালিয়ে আছে কেন? অনেক টাকা খেয়ে গেছে আমার। আমার টাকা ফেরত চাই। হাশরের ময়দানে নায়ক / ফায়ক দেখবো না।মারামারি লাগাই দিবো। আমার পাওনা টাকা ফেরত দিতে হবে।,Strongly Negative,Creepy,181,33
আজ থেকে তোর মতো শুয়োরের বাচ্চার নাটক দেখা বয়কট  করলাম,Strongly Negative,Creepy,54,10
জুতা দিয়ে মারা উচিত তোকে,Strongly Negative,Creepy,24,5
মাগির পোলারে জুতা মার,Strongly Negative,Creepy,21,4
বোন তোমাকে কে কি বলল তা দেখার দরকার নেই।আল্লাহ তোমার সাথে আছে। এগিয়ে যাও তুমি।তোমার পাশে আমরা আছি।আল্লাহ নিশ্চই ক্ষমাশীল। সে ফকিন্নিরবাচ্চা গুলা গালি দিতেছে তারা সবাই জারজ সন্তান,Neutral,Creepy,178,29
"সাফা লিখছেআমি যদি কোনো...তারমানে সে শিওর না।আর কিছু পাবলিক তার এই অভিনয়কে বিশ্বাস করতেছে।.যাইহোক, এ মাইয়ারে আগে চিনতাম না।আমি নাটক, সিনেমা দেখি না।৫০০ টাকার জন্যে কাপড় খুললে হয় পতিতাআর লাখ টাকার জন্যে খুললে হয় মডেলিং/নায়িকা।",Neutral,Creepy,224,35
সবকিছু মানলাম বাট ফেসবুক প্রোফাইল হ্যাক হওয়ার জন্য আল্লাহর কাছে বিচার এই কথাটা মানতে পারলাম না,Neutral,Creepy,94,16
ভুল যখন মেনেই নিয়েছেন খমা অবশ্যই পাবেন।আপনারা মিডিয়ার লোকদের আসলে বিশ্বাস করাই ঠিক না।আপনি কি ৫ওয়াক্ত নামাজ ঠিকমত পড়েন???আজ নামাজ পড়ে আমাদের কাছে না আল্লাহর কাছে মাফ চান।মনে রাখবেন খমা করার মালিক একমাত্র আল্লাহ।,Neutral,Creepy,211,34
"বাহ বাহ, সরাসরি বলছেন -আমি পরকাল বিশ্বাস করি না এটা যে কত ভুল সেটা নিয়ে আপনি এখনো সন্দিহান যে এখন বলছেন আপনি কোন ভুল করে থাকলে মাফ করে দিতেমাফ করার মালিক আল্লাহ তিনি মাফ করলে চলে অযথা ফালতু কথা বলবেন না",Neutral,Creepy,202,41
"শুধু ফেসবুকে ক্ষমা চাইলে হবেনা,প্রকাশ্যে সংবাদ সম্মেলন করে ক্ষমা চাইতে হবে",Neutral,Creepy,74,11
সবার লোড নিতে নিতে মাথা খারাপ হয়ে গেচে....জনি ভাই দেশে আইচে মনে হয়,Neutral,Creepy,66,13
"যাকে বিশ্বাস করেনা,,তাকে আবার বিচার দেন শুধু মাএ গালি  আর ফেসবুক বাচাতে ছিহহহ",Neutral,Creepy,77,13
সংক্ষিপ্ত প্রশ্নঃবিড়াল কখন মান্দার কাটা গাছে চড়ে/উঠে? এক রাতেই অদেখা আল্লাহকে বিশ্বাস করা শুরু করে দিলেন দ্বীনদার বোনটি।,Neutral,Creepy,120,18
হ্যায় খানকি তোর ফেসবুক আইডি হ্যাকের বিচার করার জন্য আল্লাহ বসে আছে,Neutral,Creepy,66,12
শুধু ফেইসবুক আইডি হ্যাক না আরো কোনো  বড় খতি হলে খুশি হতাম,Neutral,Creepy,57,12
সাফা কবির তুমি জেনে যাও।তোমার এতো সমালোচকের ভিড়ে আমি একমাত্র তোমায় পছন্দ করি।তুমি আমার ক্রাশ।সমালোচকদের নিয়ে পোস্ট তো দিলে আমায় নিয়ে কবে দিবা ☺..??,Neutral,Creepy,147,24
তারেক জিয়া লও সালামলাল সালাম,Neutral,Unbiased,28,5
জিয়ার সৈনিক এক হও লড়াই করো,Neutral,Unbiased,26,6
গর্জে ওঠ,Neutral,Unbiased,8,2
গণজোয়ার,Neutral,Unbiased,7,1
ঐক্যফ্রন্ট নামক হাস্যকর প্ল্যাটফর্ম বাদ দিয়ে ২০দলীয় জোটের ঐক্য রাখুন,Neutral,Unbiased,68,10
এইবার শেষ খেলা,Neutral,Unbiased,14,3
আন্তর্জাতিক চাপ বাড়াতে হবে,Neutral,Unbiased,26,4
বাল।।।।,Strongly Negative,Bullying,7,1
চুতমারানি ফাসা কবির,Strongly Negative,Bullying,19,3
নিজেও তো বড় দালাল,Strongly Negative,Bullying,17,4
মাশআল্লাহ,Strongly Positive,Unbiased,9,1
খুব সাহসের সাথে সরল সত্যটি উচ্চারণ করেছেন বলে আপনাকে অনেক অনেক ধন্যবাদ।,Strongly Positive,Unbiased,71,12
শুভ কামনা নিরন্তর।,Strongly Positive,Unbiased,18,3
"বুড়ি মাতারি,,,, ",Strongly Negative,Bullying,16,2
জারজ সাফা,Negative,Unbiased,9,2
কুত্তার বাচ্চা।তোর জন্মের ঠিক নাই।তুই খানকি তোর ফ্যামিলি ও খানকি,Negative,Unbiased,64,10
"না পাছা কবির!!ওহ হো, না না।না সাফা কপিলা!!ধ্যাৎ, না না না।না সাফা কবির না,তোমার খেলা আমরা বুঝে গেছি।তোমাকে জনতা বয়কট করেছে।",Negative,Creepy,123,21
মাগী ৪৭ এর কথা এখন বলে কেনো?এখন হলো ২০১৯ সংখ্যালুগুদের স্বর্ন যোগ।আর ১৯৭১ সালের পর থেকে তাদেরকে কেউ ঘুম খুন করছে এমন কোনো ঘটনাতো নেই।,Negative,Creepy,133,25
সৃজিত দা সৃজিত দা ফাহমি দা জনি সিন্সের ছোট ভাই জিন্দাবাদ জিন্দাবাদ,Negative,Creepy,66,12
কাহিনি টা হচ্ছে এমন চোদা শেষ খোদা হাফেজ...,Negative,Creepy,42,8
খানকি মনি,Negative,Creepy,9,2
"নিজেরে একটা কিছু ভাবা শুরু করছিলা, বাংলার সেরা কিছু একটা হইয়া গেছ তাই ভাবে আইসা কি বলতে কি বলছ বুঝনাই!!এখন বুঝছ কারন এই ঘটনার পর ব্যাপক গাঁজা নিধন কইরা মাথা ক্লিয়ার করছপরকালে বিশ্বাস করা ছাড়া,তোমার মত মালের ইহকাল ও নাই!!!",Negative,Creepy,221,40
খাওয়া মাল,Negative,Creepy,9,2
তোমার নাকি লিংক বের হয়ছে?? বিশ্বাস করো আমি পাইনি। নিজ দায়িত্বে যদি একটু ইনবক্সে করতে খুশি হতাম,Negative,Creepy,96,17
"সবচেয়ে সুন্দর, সুঠাম দুধের মালিকিনি",Negative,Creepy,35,5
"বালের গান হইছে এইটা,,আবাল কোথাকার।",Strongly Negative,Bullying,34,5
"সালার পুত হিরু,, ছাগল দিয়ে হাল চাষ।।।",Strongly Negative,Bullying,37,7
"এই নাস্তিক এর বাচ্চারে বাংলাদেশ থেকে বিতাড়িত করে ইহুদি দেশে পাঠানো হোক,আর ওনার সকল প্রকার অভিনিত সিনেমা বয়কট করা হোক।",Strongly Negative,Creepy,117,20
বিচার চাই,Strongly Negative,Creepy,9,2
নাস্তিক কে জুতা পিঠা দেওয়া লাগবে,Strongly Negative,Creepy,32,6
আলহামদুলিল্লাহ। এ সজীবতা নিয়ে সুস্থ্য ও নিরাপদে থাকুন এ দোয়া করি।,Strongly Positive,Unbiased,65,11
আলহামদুলিল্লাহ।,Strongly Positive,Unbiased,15,1
ভক্তদের ভালবাসায় মাশরাফি ভাই ২০২৩ বিশ্বকাপ পর্যন্ত খেলে যাবেন এই প্রত্যাশা...,Strongly Positive,Unbiased,77,11
এরে সকল ভাবেই বিচ্ছিরি লাগে। ইয়াক,Strongly Negative,Bullying,33,6
পোস্ট খেয়ে গাজা করলে তো এমনই হবে,Negative,Bullying,32,7
মি: ছাগল ব্লগার,Negative,Bullying,15,3
এই জায়েদ খানটা আবার কে?পুরানো পাগলে ভাত পায় না নতুন পাগলের আমদানি।,Negative,Bullying,66,12
জুতার বাড়ি কুত্তা তোর মুখে,Strongly Negative,Creepy,26,5
জুতা মার হালারে,Strongly Negative,Creepy,15,3
সাফা কে নিয়ে যে পরিচালক নাটক বানাবে ওকে যে কাজে নিবেতাকে সহ তার নাটক বয়কট করা হবে।,Strongly Negative,Creepy,82,17
"সাফা কে সাফা সাফা কইরা ফালাও,বদমাইসের বাচ্চা",Strongly Negative,Creepy,44,7
আজ থেকে তোর অভিনয় করা নাটক দেখা বন্ধ করলাম,Strongly Negative,Creepy,42,9
পরকাল বিশ্বাস করলেতো শরীর বেচে খেতে পারবেন না ৷   চাপাতির কোপ পড়লে সবই বিশ্বাস করবেন ৷,Strongly Negative,Creepy,87,16
আমার মনে হয় হিরো আলম কে একটা চবি বানানো দরকার কারণ হিরো আলমের জুতা মোচার জন্য জাহিদ ভাইকে দরকার,Strongly Negative,Creepy,95,19
দূরত্ব বজায় রেখে সীমিত আকারে কমেন্ট পড়তে আসলাম,Negative,Bullying,48,8
ওমা... এটা তো আমার ছোট বেলার হারিয়ে যাওয়া সেন্ডু গেঞ্জি টা! এটা তুমি পরে আছো কেনো? ,Negative,Bullying,83,16
"মুর্খ হলে যা হয়.... শরীর বিকিয়ে কতদিন?তুমার মতো মেয়ের বিশ্বাস অবিশ্বাসে কিছু যায় আসে না।আজ থেকে জানলাম তুমি একটা গণ্ডমূর্খ। এসব থাকবে না, সবই মাটির সাথে মিশে যাবে।শুদ্ধ হও,মাফ চাও আল্লাহর কাছে।",Negative,Bullying,193,32
কুত্তারবাচ্চা এখন বাঁচার পথ খুজতেছে।এগুলা বিদেশি এজেন্ট ও বাংলাদেশ কে অস্থিতিশীল করার চক্রান্ত করতেছে।এরা জাতীয় বৈইমান ও বেজন্মা।,Strongly Negative,Bullying,129,18
আলহামদুলিল্লাহ!  ঈদ মোবারক!,Strongly Positive,Unbiased,27,3
রেডিও তে গিয়ে তুই কথাটা বললি কিরে নাস্তিকের বাচ্চা। তোর তো জন্মের ঠিক নাই। কুত্তারর পেটের তে জন্ম তোর। বেজন্মা।,Negative,Unbiased,111,20
নাস্তিক! এসব বলে পাবলিকের কাছে ভাল সেজে লাভ নাই। মাফ পাবি না তুই আল্লাহ্‌ 'র কাছে। তুই শায়তানের বোন। বেজন্মা তুই। বহুত বড় সেলিব্রেটি হয়ে গেছোস নাই না? তোরে বয়কট করলাম। তোর মত নাস্তিকের নিয়ে যে পরিচালক কাজ করবে তাকেও বয়কট করবো!! নাস্তিক! বেজন্মা!,Negative,Unbiased,245,44
ভাইয়া আমি বর্তমানে আস্তিক তবে আপনার সাথে নাস্তিক হতে চাই।কিন্তু একটা শর্ত আছে তা হলো আপনি যদি জাকির নায়েক কে বুঝাতে পারেন পূথিবীতে সৃষ্টিকর্তা বলতে কিছু নাই।,Negative,Unbiased,157,27
পাবলিক এক বার জাগলে শেষ তুই নব নাস্তিক....,Negative,Unbiased,42,8
এই পেইজটাই নাস্তিকদের জন্য তৈরি।,Negative,Unbiased,32,5
জুতা মার ঔ মাগির কপালে,Strongly Negative,Creepy,22,5
পুরোপুরি বহিষ্কার কেন নয়?,Strongly Negative,Creepy,25,4
কুত্তাকে ফাসি দেওয়া হওক।,Strongly Negative,Creepy,24,4
ভাই আমার ক্রাশ এর দিকে এভাবে তাকিয়ে আছেন কাজটা কি ঠিক বলেন,Negative,Bullying,59,12
আল্লাহ দাদিকে বেহেশত নসিব করুন,Strongly Positive,Unbiased,30,5
অনেক সুন্দর হয়েছে ,Strongly Positive,Unbiased,18,3
কোনটা ছেড়ে কোনটা রাখি...।  অসাধারণ ........অসাধারণ ..............।।তিশার তুলনা আমার কাছে শুধুই তিশা...............।,Strongly Positive,Unbiased,115,12
"ব্রো, তুমি নিজেও বড মাপের চিটার। কত সেকেন্ড সিটার বানাইছ নিজেই জান।আর এখন খারাপ লাগে??",Negative,Bullying,86,15
সবাঈ শোনেন জায়েদ খাঁন কিসের নায়ক।না আছে চেহারা না আছে ভাল অভিনয়। hero Alom is Only hero Alom,Negative,Bullying,92,18
দেশ বাচলে আওয়ামীলীগ চুরি করবে।,Negative,Bullying,30,5
তুর গালে  1000 টা  জুতা  বারি  দেওয়া হোক,Strongly Negative,Creepy,40,8
নাইস কাপল ,Strongly Positive,Unbiased,10,2
তোরে জুতা খুলে পিটানো উচিত বোক্সদ আলম,Strongly Negative,Creepy,37,7
"জুতা তোর গালে,থু থু তোর মুখে নাস্তিক শয়তান",Strongly Negative,Creepy,42,8
"এই নাস্তিক সাফাকে ফাঁসি দিয়ে, পরকালে পাঠানো হোক",Strongly Negative,Creepy,47,8
‌যে কথাই বল‌তে পা‌রে না তা‌কে নি‌য়ে আর কত কি দেখ‌বো। মূর্খ্য চোদা নি‌য়ে কত কি কর‌তে‌ছে সব শালা দেশ‌কে বাদর বা‌নি‌য়ে ছাড়‌তে‌ছে। যার স্থান যেখা‌নে তা‌কে সেখা‌নেই রাখা উ‌চিত।,Strongly Negative,Bullying,173,30
"একটি ছবি বানাও নাম হবে ""পাগলের প্রলাপ """,Negative,Bullying,39,8
তর বাপ কে যদি তর মা বলতে পারে।তাহলে তুই এ কতা বলতে পারতেনা। নিশ্চিত তুই জারজ।,Strongly Negative,Bullying,77,16
বাপ এর ঠিক নাই। বেজন্মা.........,Strongly Negative,Bullying,32,5
"এই সব অসভ্য নাস্তিকের বাচ্চাদের কারনেই,,বাংলাদেশ গজব আসে,,কিছু দিন পর পর আগুন লাগে,,আমরা এই নাস্তিকের ফাঁসি দিয়ে দেশকে গজব মুক্ত চাই",Strongly Negative,Creepy,132,21
নাস্তিকের গালে জুতা মারো তালে তালে।,Strongly Negative,Creepy,35,6
শুভ কামনা ডিয়ার তোমার জন্য,Strongly Positive,Unbiased,26,5
মাশাল্লাহ ডিয়ার,Strongly Positive,Unbiased,15,2
নাস্তিক কবিরের গালে গালেজুতা মার তালে তালে,Strongly Negative,Creepy,42,7
আপনে তো একটা বিনেদন্...…..,Negative,Bullying,26,4
এইটা যেন ফটো সেশসেন মধ্যে না থাকে সেটাই কাম্য কারন সকলে হাজার বছরের শ্রেষ্ঠ বাঙ্গালী বঙ্গবন্ধুকে বুকে ধারন করেছে। ধন্যবাদ।,Strongly Positive,Unbiased,122,20
জায়েদ একটা বালের নায়ক,Strongly Negative,Bullying,23,4
"ডিম থেরাপি সরকার না দিলেও আমরা দেবো, তুই দেশে আই আগে",Strongly Negative,Bullying,52,11
"এই যে নতুন নাস্তিক সাফা জনগনের মাইর কি খাইসো,,, খাওয়ার জন্য রেডি হও, তোরে যেখানে পামু সেখানে জুতা দিয়ে পিটামু,,, সরকার এই সব নাস্তিকদের যাবজ্জীবন কারাদণ্ডাদেশ দেওয়া দরকার।",Strongly Negative,Creepy,171,28
তুই একটা নাস্তিক......,Negative,Unbiased,22,3
আরেক টা নাস্তিক এর জন্ম হল বাংলাদেশে!!!,Negative,Unbiased,39,7
খুবই সঠিক পদক্ষেপ। পাশাপাশি আমাদের মন্ত্রীদের কাছ থেকে সেনসেবল বিহেভিয়ার আশা করি।,Strongly Positive,Unbiased,81,12
একটা মানুষের এত গুন কিভাবে হয়?,Strongly Positive,Unbiased,31,6
"সাফা কবির একজন নাস্তিক,তাকে জনসম্মুখে জুতা পেটা করা দরকার।",Strongly Negative,Creepy,58,9
"সাফা কবিরের গালে গালে জুতা মার তালে তাতে,,,, খানকি?",Strongly Negative,Creepy,51,9
"আজ থেকে তর সকল নাটক বয়কট করলাম খানকি কোথাকার,তোর বাপ যখন তোর মায়ের সাথে অকাম করে জন্ম দিয়েছিল তখনও তো তুই দেখিস নি,তুইতো না দেখা জিনিসকে বিস্বাস করিস না। তাহলে তোর জন্ম দিয়েছে কে??? ও ও ও তোর মার সাথে সেদিন শুয়োর নামের জানোয়ারটা সহবাস করে তোকে জন্মাইছিল।তোর যুক্তির সাথে মিলিয়ে দেখ।।",Strongly Negative,Creepy,283,52
বাথরুমে বাঁধাই করে রাখার মতো একটা ছবি।,Negative,Bullying,38,7
সাবাশ হিরো আলম আলম,Strongly Positive,Unbiased,18,4
হাসান মাসুদও কালো ছিলো কিন্তু তার চেহারা নিয়ে কেউ খোটা দেয়নি কারন তার কাজের মান অভিনয় ভালো ছিলো,Negative,Bullying,95,18
তোর পেন্টির ভেতর গুড়া মরিচ ঢেলে just চমকে     দিবো,Negative,Creepy,51,9
তোমার ঠোঁট এত লাল কেন? লিপিষ্টিক দিছ কি?,Negative,Creepy,40,8
"বহু নির্বাচনী প্রশ্ন :,সানি লিওন ও মিয়া খলিফা যদি ভার্জিন হয়,,,, তাহলে ফাটা কবিরের আব্বার নাম কি,,,,,??",Negative,Creepy,103,17
তুকে চুদে তুর সোনার চামরা তুলে নেবো দুই টাকার মাগি,Negative,Creepy,50,10
ধুত তুর মাগির মারে চুদি,Negative,Creepy,23,5
জনির সাথে তেমন মানায় না এইবার মানাইছে দুইটাই ফাউল কোথাকার,Negative,Creepy,57,10
বাকিটুকু খুলে কবে আপ দিবা?,Negative,Creepy,26,5
তোরে দেখতে তো মিয়া খলিফার মতো লাগে... তুই হলি eva angelia তুই হয়লি asa akira. মাগির বাচ্ছা,Negative,Creepy,90,17
"গালাগাল দিয়ে নয়,পারলে গঠনমূলক সমালোচনা করেউনার ভূল শুধরে দিন।ভূলে যাবেন না,ইসলাম সহনশীলতার ধর্ম...",Negative,Unbiased,98,13
ঐ একাটা ধোপেল। চুদু।,Negative,Creepy,20,4
চুদির সালা পরিচাকল।,Negative,Creepy,19,3
অাপনি কেমন মানুষ ফেসবুকের জন্য অাল্লাহ কাছে বিচার চান ছি ছি,Negative,Unbiased,59,11
পুটকি মারার কাম খানকিরে,Negative,Creepy,23,4
"একসময় এইরকম ফালতু ছবির জন্যই বাংলাদেশের চলচিত্রের বারটা বেজেছিলো যা আজো ঘুরে দারাতে পারেনি ওর এতো সহস ভাই তিনটা নাইকা নিলেই হয় না শুধু আবাল মার্কা ছবি করলেই তাকে উৎসাহ দেয়া কোন প্রকার ভালো কাজের হতে পারে না, ভালো মানের ছবি কিনা সেটা দেখার বিষয়।",Negative,Bullying,244,45
"ছাগল দিয় যদি হাল চাষ করা যেত তাহলে মানুষ গরু দিয়ে করাতো না, মিউজিক ভিডিও আর ছবি এক জিনিস না সেটা বোঝা উচিৎ ছিল যেখানে বড় বড় প্রডাকশন হাউস গুলোই ভালো মানের ছবি বানাতে হিমসিম খাচ্ছে সেখান এই আবাল ডিজিটাল মুভি বানায় এট শুধু মজা করাই যায় হলে গিয় দেখার মতো না",Negative,Bullying,254,52
সেই রকম কবিতা,Strongly Positive,Unbiased,13,3
এদের বয়কট করুন,Strongly Negative,Creepy,14,3
আমার জুতা গুলো নিয়ে যেও।,Strongly Negative,Creepy,24,5
"এটা জদি সাইদি হইতো সরকার সাইদির চার বার ফাঁসি দিয়ে দিত,যতোসব ফালতু বেয়াদব পোস্ট কারী",Strongly Negative,Creepy,84,15
কেরিয়ার নষ্ট করতে বেশী কিছুর দরকার পরে না।,Negative,Bullying,42,8
"পরিচালক গাঁজাখোর নায়ক-নায়িকা যা আছে সবাই গাঁজাখোর,, তাও আবার ডেট এক্সপায়ার্ড গাঁজা",Strongly Negative,Bullying,85,12
"কোথাকার কে থার্ড ক্লাসের নাগরিক, পাগল ছাগলদের নিয়ে রিপোর্ট করাটাই ঠিক নয়।",Strongly Negative,Bullying,73,12
খুব মহৎ কাজ❤❤❤,Strongly Positive,Unbiased,14,3
থাকবো ইনশাআল্লাহ,Strongly Positive,Unbiased,16,2
ঈদ মুবারক...❤️❤️❤️,Strongly Positive,Unbiased,18,2
এমন ভাবে তাকিয়ে আছে যেন ভাজা মাছটা উল্টিয়ে খেতে জানে না। তোমাকেও যে কতজন উল্টিয়ে পাল্টিয়ে খেয়ছে সেটাও তো আমরা জানিনা। :/,Negative,Bullying,120,22
জুতা মেরে গরু দান,Strongly Negative,Creepy,17,4
এর বিচার হওয়া উচিত।কিন্তু দুঃখজনক হলেও সত্যি হবে না।,Strongly Negative,Creepy,52,9
"জুতা পেটা করতে ও মন চাইছে না, কারন আমার জুতার একটা ব্রান্ড আছে সম্মান আছে কিন্তু তর কুনো ব্রান্ড নাই,  নাস্তিকের বাচ্চা",Strongly Negative,Creepy,119,22
অসাধারন,Strongly Positive,Unbiased,7,1
জুতা মার সালীরে,Strongly Negative,Creepy,15,3
আগামীর প্রধানমন্ত্রী তারেক জিয়া❤,Neutral,Unbiased,32,4
রেমব্রান্ট,Neutral,Creepy,10,1
অনেকদিন পর খাট কাপানো খেলোয়ার পাইসে রে,Neutral,Creepy,38,7
সেটাই........  ভুল করলে আল্লাহ্‌ ই বিচার করবে.... কারন তিনিই একমাত্র বিচার করার মালিক... আল্লাহ্‌ সবাই কে হেদায়েত দান করুক,Neutral,Unbiased,122,19
মোশারফ করিম যেভাবে মুসলিমদের ভঁয় পায়। সাফা কবির ও ।তাই ক্ষমা চাইলেন ।মুসলিম দের বিজয় হবে হচ্ছে । আপনিও চাইলে এই যুদ্ধে অংশগ্রহণ করেন পারেন ।তার পেইজে গিয়ে ইচ্ছা মত গালি গালাজ করে আসতে পারেন ।আল্লাহ তায়ালা সবার রিজিক এর মালিক ।আমিন ।ainn,Neutral,Unbiased,239,43
যারা সাফা কবির কে গালি দিচ্ছেন তাদের উদ্যেশ্য করে বলছিখানকিটারে গালি দেওয়া বন্ধ করবেন না,Neutral,Creepy,88,15
"সে বলেছে যে, আমি যা দেখি না তা বিশ্বাস করি না, ভালো কথা, তাহলে তার কথায় প্রমাণ হয় যে সে  তার বাবা মায়ের  অবৈধ সন্তান, জারজ সন্তান, কারণ সে কার বির্য দিয়ে তার মায়ের গর্ভে এসেছিলো এটা তো সে দেখেনি, তাই তার উচিৎ এটাও বিশ্বাস না করা করা যে সে তার বাবা মায়ের বৈধ সন্তান",Neutral,Creepy,264,55
"হালা কয়কি কারো বিশ্বাসে নাকি আঘাত করেনি,তুই চুপ থাক, তোরে ভালো জানতাম,কথা বলার আগে হিসাব করে বলবি,ধর্ম নিয়ে বাড়াবাড়ি করবিনা,আর যদি ধর্ম নিয়ে কোনো ধরনের কুরুচিপূর্ণ বক্তব্য দেখি তবে ফল ভালো হবেনা...",Neutral,Unbiased,197,32
যাইহোক আমি তুমি যে মেয়ে নও এটাই বিশ্বাস করি!কারণ আমি তোমার মাঝে মেয়ের কোনো আলামত দেখতে পারছিনা!তাই তুমি কাপড় খুলে ইনবক্সে চুপেচুপে দেখিয়ে বুঝিয়ে দাও তুমি মেয়ে,Neutral,Creepy,158,27
সাফা কবির'কে ভেবেছিলাম বাগান থেকে তোলা উঠতি কোন মাল।এখন দেখি সে স্মৃতি হারা আমার অবাঞ্চিত নিচের বাল...!,Neutral,Creepy,103,17
"আল্লাহ'র কাছে বিচার দিস, আর পরকালে বিশ্বাস নাই। ধর্ম পালন করা তোদের কাজ নয়, তোদের কাজ পরিচালক, প্রযোজকের বিছানা গরম করা। বেডি নাস্তিক কোথাকার।",Neutral,Unbiased,142,24
শুধু তোর ফেইসবুক না তুই নিজে ও হ্যাক হয়ে যাবি অপেক্ষা কর.......তুই আল্লাহর আইনকে অস্বীকার করচছ ...অতএব আপু তুমি বাংলাদেশে না থেকে তাসলিমা নাসরিনেকে ফোন দিয়ে ওনার বাসায় চলে যাও কারন বুঝ তো পোলাপাইনের রক্ত গরম,Neutral,Creepy,207,36
বাল  বলে মাল,Neutral,Creepy,12,3
ফেসবুক হ্যাক করলে এটা আবার পাইলি কই? আর এই বুঝ কি ২ দিন আগে ছিলনা?,Neutral,Creepy,66,15
সাফা কবির তুমি পরকাল বিশ্বাস করো না কিন্তু ফেসবুক হ্যাক করার দায়ে আল্লাহর কাছে বিচার দাও।Shame on you,Neutral,Creepy,101,18
ঘোষনা দেওয়ার কি আছে?এমনেই নাস্তিক,Neutral,Unbiased,33,5
খোলা সব খোলা,Neutral,Creepy,12,3
কচি একটা মেয়ে,Neutral,Creepy,13,3
আল্লাহর কাছে তুবা পড়ে মাফ চাও তিনি মাপ করার মালিক।,Neutral,Creepy,50,10
কেউ কিছু বলতে চাইলে এই লিংকে যাই কিছু বলেন https://www.facebook.com/129914100452483/posts/2008240172619857/?app=fbl,Neutral,Creepy,115,10
ওহ পরী তুমি না.....,Negative,Bullying,19,4
মানুষ রুপি শয়তান,Strongly Negative,Bullying,16,3
সেই লজিকে যারা আপনার **টা দেখে নাই তারাও আপনাকে মেয়ে ভাবে মনে হয়।,Strongly Negative,Bullying,65,13
গাই গরুর  লাহান লাগে,Negative,Bullying,20,4
এই নাস্তিক বলে কি এর ফাসি হওয়া দরকার,Strongly Negative,Creepy,36,8
ভালোবাসা ,Strongly Positive,Unbiased,9,1
ফেরাওন এর মত মাথায় জুতার বারি  মারতে মারতে  খতল করতে হবে,Strongly Negative,Creepy,56,11
জুতা মেরে মাল্য দান,Strongly Negative,Creepy,19,4
চলচ্চিত্র জগতে জাহিদের কি অবদান আরেকজনকে কিভাবে অপমান করে তাকে জুতাপেটা করা দরকার,Strongly Negative,Creepy,81,13
"জেনেছি তুমি জীবন মরণে বিমুগ্ধ চেতনার সারা বিশ্বের বিস্ময়, তুমি আমার অহংকার। বিজয় দিবসের শুভেচ্ছা",Strongly Positive,Unbiased,96,15
কাইল্লা আলম,Negative,Bullying,11,2
বাল পাকনা আলম,Strongly Negative,Bullying,13,3
ওরে তসলিমা নাসরিনের মত দেশ থেকে বিতাড়িত করা হউক।,Negative,Bullying,48,9
এসব ফালতু খবর প্রচারের দরকার কি??,Strongly Negative,Bullying,33,6
"ভাই, আল্লাহ তোমার দিলের নেক মাকসাদ গুলো পুরা করুক।",Strongly Positive,Unbiased,50,9
"আল্লাহ আপনাকে সুস্থ রাখুন, আরো সম্পদ দান করুন যাতে আরো মানুষের কল্যানে কাজ করতে পারেন",Strongly Positive,Unbiased,85,15
ইনশাআল্লাহ জয় হবেই আমাদের,Strongly Positive,Unbiased,25,4
জয় বাংলা..!!,Strongly Positive,Unbiased,12,2
তর ফাঁসি চাই,Strongly Negative,Creepy,12,3
তসলিমা নাসরিনের উত্তর সূরি?? নাস্তিক তো এমনই  হয় যে পরকালে  বিশ্বাস  করে না? এর মত নাস্তিক কে তসলিমা নাসরিনের  মত বাংলার জমিন থেকে  জুতা পিটা করে বাহির  করে দেওয়া হোক???,Negative,Unbiased,169,30
"সকাল বেলা ১২ ভাতারির মুখ দেখলাম,সারাটাদিন কি দেইখা যাইবো,আল্লাহ জানে?",Negative,Creepy,69,10
দুধ দেখায় কি লাভ। ঝুলে যাওয়া দুধ কে খাবে।🙄🙄🙄,Negative,Creepy,44,9
মাগীর বাচ্চা ....,Negative,Creepy,17,3
"তোরা হলি বাজারের ব্যাশ্যা,, ব্যেশ্যার আবার,,,,,,,,   খানকি",Negative,Creepy,58,7
আরেক পাগলচোদা কয় কি,Negative,Creepy,19,4
"পাগল চোদা, রোহিঙ্গা চেনে রোহিঙ্গা",Negative,Creepy,33,5
"হিরো আলম কিসের নায়ক, ও যত খানকি মেয়েদের সাথে অশ্লীল ভিডিও বানায়। ওরা সাপোর্ট যারা করে তারাও ওর মত বস্তি।",Negative,Creepy,104,20
এই ছুদানির মাগী যেরকম তুর মা বাবাও একি রকম,Negative,Creepy,42,9
মাগির দেশ থেকে দাঁড়াক,Negative,Creepy,22,4
আরে এটা তো মাগির মত,Negative,Creepy,19,5
বেশ্যারা পরকাল বিশ্বাস না করাটাই সাভাবিক।,Negative,Creepy,41,6
বেশ্যারা পরকালে বিশ্বাস না করাটা অবাক হওয়ার কিছু নয়।,Negative,Creepy,52,9
কেউ অস্লিল বা বাজে কমেন্ট চুদাবেন্না..!আমরা পরিস্থিতি নিয়ন্ত্রনে আনার চেষ্টা করছি...,Negative,Creepy,84,11
আগেই চোদা দেয় ওরা,Negative,Creepy,17,4
খানকি মাগীর জন্য উপহার।,Negative,Creepy,23,4
চুদি তোরে,Negative,Creepy,9,2
চুদি তোরে হালির ঘরের হালি,Negative,Creepy,25,5
অাইছে এহন খানকি,Negative,Creepy,15,3
তুইতো একটা খানকি!,Negative,Creepy,17,3
কোন বেশ্যা পরকালে বিশ্বাস করবে না.. এটাতে অবাক হাওয়াই তো এক অবাক কান্ড,Negative,Creepy,70,13
নতুন নাস্তিকের আত্নপ্রকাশ,Negative,Unbiased,25,3
নাস্তিকের বাচ্চা একটু সেলিব্রেটি হইয়া অহংকার বাইড়া গেছে তাইলে এবার বুজবি তর কি হাল হয় কোন দিকে যায় তর অংকার।জারজের বাচ্চা,Negative,Unbiased,121,21
হুম এখন গ্রুপ খুলে নাস্তিকের বাচ্চার সেলিব্রেটি হওয়ার সখ নামাইতেই হবে,Negative,Unbiased,69,11
সাফা কবির হয়তবা কন্ডম দুরগঠনায় তোমার জন্ম হয়েছে তাই এমন নাস্তিক এর মত কথা বলতে পারেচো,Negative,Unbiased,85,16
"নাস্তিক তুই, তোর ফাসি জন্য আন্দোলন করা হবে",Strongly Negative,Creepy,42,8
তুই তো বাংলার নাস্তিক তোরে পাইলে জুতা দিয়ে পিটতাম,Strongly Negative,Creepy,49,9
আল্লাহ আপনার ভালো করুক,Strongly Positive,Unbiased,22,4
দূরো আলারফুতালা,Strongly Negative,Bullying,15,2
মাস্কে ঢাকা মুখআতংকে ছুটছে লোক.,Negative,Bullying,31,5
সেরা দিলি।।কুত্তা রে চিনে পেলছিস।। কি বলিস mohammad Md Sarid Uddin Siddique Ovi Chy Sakib,Negative,Bullying,89,15
"আমাদের আলোচনার সাইজ বড় হয়েছে। আগে ছাগল নিয়ে আলোচনা চলতো, এখন গরু নিয়ে চলে।তো ছোট থাইকা বড়তে চলে গেল।গেলরে গেল সবই গেল।জয় বাংলা। হেইপর কি জানি oh জেইডা লন ১৫০ বাইসসা লন ১৫০।ভালো মানুষ হওয়ার চেষ্টায়,বড় মানুষ নয়.....by boro vai",Negative,Bullying,234,40
সেডা দিয়া রক্ত বের করে দেও সালীরে,Strongly Negative,Creepy,33,7
নাস্তিকের বাচ্চা ফাসি চাই,Strongly Negative,Creepy,25,4
তোকে জুতা পেটা করা উচিত,Strongly Negative,Creepy,23,5
ভাই চেস্ট এক্সারসাইজ কম করতেছেন নাকি আগের চেয়ে ছোট হয়ে গেল যে!,Negative,Bullying,62,12
ইমু চেম বালামার ভাল সাজছ এনে আইসা।।,Strongly Negative,Bullying,35,7
হিরো আলমের মতো হয়ছে,Negative,Bullying,19,4
"হিরো আলমকে নিয়ে এতো চোদাচদি করার কি দরকার তোদের,, তোদেরকে হিরো আলম এর জুতা মুচতে রাখবে ওর জাগায় জীবনে তোরা জেতে পারবি",Strongly Negative,Creepy,117,22
নতুন নাস্তিকের নাকি আমদানি হলো দেশে?.......জুতাটা খুলে তোর গালে দুটো বাডি বসাতে পারলে এই ঘরমে কিছুটা  শান্তি পেতাম।।  কুকুরের বাচ্চা কোথায়কার।।,Strongly Negative,Creepy,143,21
জুতা খাইয়া লাইনে আইলায় নি।,Strongly Negative,Creepy,26,5
আল্লাহুআকবার,Strongly Positive,Unbiased,12,1
জয় বাংলা বাংলার জয়,Strongly Positive,Unbiased,18,4
আলহামদুলিল্লাহ বেগম জিয়া আছেন এবং থাকবেন এদেশের কোটি মানুষের অন্তরে.,Strongly Positive,Unbiased,68,10
বিয়া দপ পাগল পাগল চোূাূদা,Strongly Negative,Bullying,25,5
বদ৷ কর শালা,Strongly Negative,Bullying,11,3
পাগল মন আমার তাহেরা,Negative,Bullying,19,4
বাটপার everywhere,Strongly Negative,Bullying,17,2
"আজ'ই ডির্ভোস দিবো তুমাকে, আগেই না করছিলাম এইসব লাইনে না যাইতে, অনেক রিকুয়েষ্ট করছো, তারপর আমি রাজি হইছিলাম, কিসের জন্য শুধু ভালোবাসি তাই, কিন্তু এইসব দেখার জন্য রাজি হইছিলাম শয়তান? তাও সবাইকে দেখাইতেছো!",Strongly Negative,Creepy,202,33
সাফা তুমি শেষ,Strongly Negative,Creepy,13,3
"মানুষ তার কর্মের মাঝে বেচে থাকে, উনিও থাকবেন জীবিত বাঙালির মনে। বিনম্র শ্রদ্ধা আপনাকে।",Strongly Positive,Unbiased,86,14
ভালো কাজ হয়েছে। সীমাবদ্ধতার মধ্যে থেকে করা কাজটি  ভালো লেগেছে।,Strongly Positive,Unbiased,62,10
তর কপালে জুতার বাড়ি,Strongly Negative,Creepy,19,4
"সালারে জুতা মার,সালার জ্বিব্বাহ কাইটালা।",Strongly Negative,Creepy,40,5
হাড্ডিসার,Negative,Bullying,9,1
হাড্ডি,Negative,Bullying,6,1
জাতি এই দূর্দিনে এসব নষ্ট-ভষ্টদের সবক গ্রহণ করবে !,Negative,Bullying,50,9
বুইড়া মাগী,Negative,Creepy,10,2
আপনি কি আপনার নিজের পাছা নিজে দেখতে পান? যদি না পান তাইলে বিশ্বাস করেন কিভাবে আপনার পাছা আছে :o আপনার পাছা না থাকলে হাগেন কেমনে :o অবশ্য আপনার নাম উল্টা করে লিখলে পাছা কবির হয়,Negative,Creepy,175,35
তোর বাপ যে তোরে জন্ম দিছে সেটা কি তুই দেখছোসসেহেতু তুই দেখোস নাইতাহলে তোর এই বাপ তোর আসল বাপ না.তাই এর মানে দাড়ালো তুই জারজ সন্তান.তোর জন্ম কনডম র্দূঘটনায়,Negative,Creepy,161,29
খানকি মাগিরে বাংলাদেশ থেকে তাড়াও,Negative,Creepy,32,5
মাগী এটা,Negative,Creepy,8,2
খানকি মাগী কোথাকার,Negative,Creepy,18,3
"দোস তো ওর না,দোস হলো ওর মতো খানকি যে জন্ম দিয়েছে তার।",Negative,Creepy,53,12
মাগিকয় কি?,Negative,Creepy,11,2
যে খানকির পোলারা এডিট কোরছে তাদের জম্নের দোষ আছে। যাতে কোন সন্দেহ নেই।,Negative,Creepy,70,13
"বাপরে চুদন,এ কি পাওয়ার",Negative,Creepy,22,4
তুমি ফুল আমি কলি***নাম্বার দাও কথা বলি***তুমি চাঁদ আমি আলো***তোমাকে আমার লাগে ভালো***তুমি মেঘ আমি বৃষ্টি***তোমার জন্য আমার সৃষ্টি***আমি গোলাপ তুমি জবা***তুমি কি আমার হবা* **যদি হতে চাও তাহলে দুটি হাত বাড়াও***.,Negative,Creepy,209,32
ডিজিটাল পতিতা,Negative,Creepy,13,2
ভোদাই জায়েদ এর কমেন্টস গুলো পড়া উচিত কারে মানুষ চেনে। বাল ছেড়া নায়ক,Negative,Bullying,67,13
দেখতে তো অনেক নম্র ভদ্র লাগতো! ইভেন মেহজাবিনের পর তোমাকেই বেশি ভালো লাগতো...বাট রশুনের পুটকি যে একটাই তুমিও তাই প্রুভ করলা,Negative,Creepy,122,21
"নগ্নতা যদি ফ্যাশন হয়, ধর্ষণ হবে শারীরিক ব্যায়াম",Negative,Creepy,47,8
পাগল কুকুরের পুলা,Strongly Negative,Bullying,17,3
ওরে ফাশি দেয়া হোক,Strongly Negative,Creepy,17,4
"ইতির মুখো জুতার বারি,,,,ইতিরে তাছলিমা নাসরিন গুতাইছে",Strongly Negative,Creepy,52,7
"তুইত পরকাল বিশ্বাসও করছ না, বিচার দিয়ে লাভ কি, তুরাত যে পার্ট সহকারে কথা বলছ, ওর মধ্যে আমি যা দেখিনা তাতে বিশ্বাসী নয় যে মুড নিয়ে কথা বললি এইসব দেখেত ইচ্ছা করছিল সামনে পাইলে জুতা পেটা করতাম।ফালতু কোথাকার",Strongly Negative,Creepy,203,38
বিবাহ করিতে চাইনা এবং angels  দেখেছি। বাকিগুলিও দেখব। loved your works Tahsan Khan bhai,Strongly Positive,Unbiased,87,14
হক কথা । সাবাস ।,Strongly Positive,Unbiased,16,5
"সংস্ক্রিতি মানুষের একটা অবিসেদ্দ অংশ। বিনোদন দেওয়ার জন্ন্যে শিক্ষা দিক্ষার প্রয়োজন। চেহারা বিষয়না।ওভিনয় জানতেহবে।শিক্ষা থাকতে হবে।হিরু আলমের কোন বিষয়টা আপনি আনবেন যে,তার এটা আছে???চেহারাটা থাকলেও হতো?বলাযেত চেহারার গুনে হলেও সে অভিনয়ে আসচছে।!!!",Negative,Bullying,244,32
খারাপ কমেন্ট কারিদের উদ্দেশ্য আমি একটা কথা রেখে  যাই কে আস্তিক কে নাস্তিক এটা আবিষ্কার কথার আগে আবিষ্কার করুন আপনি কতটা শুদ্ধ ✔✔আপনি কোনটা  নিশ্চয়ই  আল্লাহ ক্ষমা কারি  চাইলে সে  যে কাউকে ক্ষমা করে দিতে পারে✔,Negative,Unbiased,207,36
নাস্তিকরা অবিশ্বাসের কথা বলে নরকে যায় আর অস্তিকরা অকথ্য ভাষায় গালাগালি করে পুণ্য কমায় যাতে চ্যালচ্যালায় সগ্গে যাইতে পারে।,Negative,Unbiased,121,19
"আসলে এই পাগলের পলাফ না শুনাই ভালো কারন এরা নিজেরাই জানে না ওরা কি বলছে, এদের মত লোকদের গালি দিয়ে নিজে মুখ খারাফ করার চেয়ে ওদেরকে বয়কট করুন। আসলে এদের জন্মের কোন ঠিক নেই, আবার নাম রাখছে সাফা কবির ও কখনই মুসলিম হতে পারে না ও একটা নাস্তিক শয়তান।",Negative,Unbiased,242,49
আর শাহরিয়ার কবিরের মেয়ে যদি হয়ে থাকে তাহলে সে যে নাস্তিকের বীজ তাতেতো সন্দেহ নাই,Negative,Unbiased,80,15
"হাসব না কান্না করব কিছুই বুঝতেছি না।শালা আসলেই পাগল। মানুষ কেমনে তার ছবি দেখবে আমি কিছুই বুঝতেছি না। তার যে ছেহারা,যে ডায়লগ হা হা হা",Negative,Bullying,132,25
এই বলদ এইখানে কি করে..,Negative,Bullying,22,5
নাস্তিকদের গালে গালে জুতা মারো তালে তালে,Strongly Negative,Creepy,40,7
এই সমস্ত লোকের কথা না বললেই ভালো হয়। কারন এরা মূর্খ।।।। আর এই সমস্ত লোককে একগরে করে দেওয়া উচিত।।।।। সালিরে জুতা মারা উচিত।,Strongly Negative,Creepy,123,23
তোরে জুতা দিয়ে পিটা করার দরকার তোর কোনো ক্ষমাও নাই কারণ তুই নাস্তিক কারণ তুই পরকাল নিয়ে হাস্যকর বক্তব্য দিয়েসছ,Strongly Negative,Creepy,112,20
তাহসান ভাই অাপনার তুলনা অাপনি নিজেই।  দ্য লিজেন্ড ♥,Strongly Positive,Unbiased,51,9
গুরু অাপনি সেরা।  অভিনেতা হিসেবে গায়ক হিসেবে অাপনি লিজেন্ড।  যেমন ভদ্র তেমন অমায়িক।  তাই এতো ভালবাসি ♥,Strongly Positive,Unbiased,102,17
কুত্তার বাইচ্চা,Strongly Negative,Bullying,15,2
কেটে কি নিজেদের বাসায় নিয়ে যাচ্ছে ??,Negative,Bullying,36,7
"ইফতারের আগে লাইফবয় দিয়া হাত ধুইছিলাম, বাল তাও পেট খারাপ হইয়া গেছে,,",Negative,Bullying,67,12
জাহান্নাম এর অগ্রিম টিকেট পেয়ে গেছো বালিকা।,Negative,Bullying,43,7
তাদের এইদেশে রাখা হবে না।।হিন্দুস্তানে তাদের পাঠানো হোক,Strongly Negative,Creepy,55,8
নাস্তিক দর জবাই কর,Strongly Negative,Creepy,18,4
"নাস্তিক,,, ওকে জুতা মারুন।",Strongly Negative,Creepy,26,4
রাষ্ট্রদোহীতার জন্য ফাসি চাই।,Strongly Negative,Creepy,29,4
মানিকে মানিক চিনে শুকর চিনে কচু,Negative,Bullying,31,6
"তুমি তো পরকাল বিশ্বাস করনা, তাহলে যে আল্লাহ তায়ালা তোমাকে ক্ষমা করবেন,, এটা কিভাবে বিশ্বাস করলে।যে মানুষ লাইভে বলতে পারে। আমি পরকাল বিশ্বাস করি না, এটা কেমন প্রশ্ন বলতে পারে।সে মানুষ পাগল ছাড়া আর কিছু না।।",Negative,Bullying,207,36
চমৎকার জরিপ। সহমত ভাই।পাবলিক করেন সেয়ার করতে চাই। Jamil Uddin,Strongly Positive,Unbiased,61,10
"ঐসব আবালের চাইতে হিরো আলম ভাল অভিনয় করে,,,,হিরো আলমের যা জ্ঞান বুদ্ধি আছে ঐসব ক্ষেত পুলাপাইনদের অত টুকুও নাই,,,, তুই জাহেদ আমাদের লিজেন্ডদের নাম ধরছ কেন?? বল ফারুক আব্বা,রাজ্জাক আব্বা",Negative,Bullying,183,30
ওভার অ্যাক্টিং ভালো না আলম।,Strongly Negative,Creepy,27,5
"হাঙ্গির জি তুই তারাতারি দেশের তেন বিদাই হ, দেশের মানুষ না খাইয়া মরতাছে তুই আছত তুর  অয়েভ সিরিজ নিয়া",Strongly Negative,Creepy,99,19
জুতা মার শালা জায়েদের গালে।,Strongly Negative,Creepy,27,5
আকাইম্মা মানুষ গুলা রাস্তাঘাটের মেয়েগুলাদের সেলিব্রেটি বানিয়ে দেয়!  কোথাকার কোন সাফা,Negative,Bullying,84,11
আকাইম্মা মানুষ গুলা রাস্তাঘাটের মেয়েগুলাদের সেলিব্রেটি বানিয়ে দেয়! কোথাকার কোন সাফা,Negative,Bullying,83,11
তাহলে আমিও এল্যার কোন উলঙ্গ ছবি দেখি নাই তাই আমার বিশ্বাস এল্যা একটা হিজড়া।#হিপোক্রেসির জবাব,Negative,Bullying,92,15
সত্যি আপনি অনেক ভালো মানুষ,Strongly Positive,Unbiased,26,5
আগে মজা নিতাম সালমান মুক্তাদিরের পোস্টের কমেন্ট পইড়াএখন চাপা আপার পোস্টের কমেন্টও কম যায় নাপচুড় ভিণোদনযাই হোক ভাল্লাগতো এই মাইয়া রে..বাট নাওবিচার একদিন হবে। অই দিন আল্লাহ কে বলবি আল্লাহ একটা সুযোগ দাওমজার ব্যাপার হলো তখন পরকালে থাকবি,Negative,Bullying,233,38
ফহিন্নি রে কেউ জুতা পিটা করে না ক্যারে???,Strongly Negative,Creepy,41,8
জুতা মারি,Strongly Negative,Creepy,9,2
আগে শেখ হাসিনার নামে দেশদ্রোহীর মামলা করা হোক কারন প্রিয়ার দেশদ্রোহীমূলক বক্তব্যের অনুপ্রেরনায় হাসিনা।ছি!,Strongly Negative,Creepy,105,14
এটা ছাগল দিয়ে হালচাষ করা হইছে,Negative,Bullying,29,6
ওকি নায়ক না ছাগল,Negative,Bullying,16,4
এটা হাস্যকর পুরো বাঙ্গালী জাতীর জন্য হাস্যকর ফালতু বেড়ি,Negative,Bullying,55,9
"শালায় ত কথাটাও বলতে পারেনা। টাকা হলেই সব করা যায় এ জন্যেই আমাদের দেশের এ অবস্থা,",Negative,Bullying,80,16
এটাকেও জবাই করবে কেউ না কেউ। শুধু শুধু পরিচিত লাভ করার জন্য আজে বাজে কথা বলে এ সব নাস্তিক কুলাঙ্গার বাচ্চারা।,Strongly Negative,Creepy,109,21
ভালোবাসা অবিরাম প্রিয় ম্যাশ,Strongly Positive,Unbiased,27,4
শাশিরে জুতা মার..........,Strongly Negative,Creepy,25,3
নিজের ভুল বুজতে পেরেছেন এই জন্য আপনাকে অনেক ধন্যবাদ।এবার বেশী করে আল্লাহর কাছে ক্ষমা চান।আল্লাহ খুব দয়ালু।তার কাছে ক্ষমা চাইলে তিনি ক্ষমা করে দিবেন।এর পর এ ধরনের মন্তব্য করার আগে ভেবে নিবেন।তাহলে অন্যের খারাপ মন্তব্য শুনতে হবেনা।ভাল থাকবেন।,Positive,Unbiased,240,38
জাতির বীরশ্রেষ্ঠ সন্তানদের প্রতি রইল শ্রদ্ধা।,Positive,Unbiased,45,6
অনলি রাকিব,Neutral,Unbiased,10,2
ঠিক আছে দাদা। ছবি মুক্তি পাওয়ার সাথে সাথে ডাউনলোড করে রাখবো।,Neutral,Unbiased,60,11
"হিরো আলম বাসটা খুব সুন্দর করেই দিছে, লজ্জা থাকলে জায়েদ খান আর কথা কইবো না।",Neutral,Unbiased,74,15
ওনার ঋন শোধ করার মত না।,Neutral,Unbiased,24,6
ও কে আবার,Neutral,Unbiased,9,3
"আজকে ১০০ জন আসলো লন্ডন থেকে, টেস্ট না করে বাসায় পাঠায় দিয়েছে ",Neutral,Unbiased,64,12
"বঙ্গবন্ধুর একজন সংগী, অনুরাগী, অনুসারীর কাছে দোয়া চাওয়া ভাল মনের পরিচয়।",Neutral,Unbiased,71,11
আমিও ফিরতে চাই ,Neutral,Unbiased,15,3
মামা❤,Neutral,Unbiased,5,1
"গালাগালির দরকার আছে, গালি না দিলে তো আর ভুল বুঝতে পারতা না, ক্ষমাও চাইতা না,,, সো তাদের বিরুদ্ধে বিচার না দিয়ে তাদের ধন্যবাদ দাও, জ্ঞানের চোখ খুলে দিছে তোমার",Neutral,Unbiased,157,29
আসুন দর্পনের চোখে বাংলাদেশ কে দেখি। তাই আর দেরি না করে (বাংলার  দর্পণ) গ্রুপে জয়েন করি❗✅https://www.facebook.com/groups/469823917202282/?ref=share,Neutral,Unbiased,146,16
ফরহাদ আহমেদ নিশান,Neutral,Unbiased,17,3
তাতে তোমার কি সমস্যা?,Neutral,Unbiased,21,4
"আলম ভাই এই করোনা ভাইরাস এর সময় ছবি রিলিজ দিওনা, এখন ছবি রিলিজ দিলে ধরা খাবা, এখন সিনেমা হলে গিয়ে কেউ ছবি দেখবে না, তুমি ঈদে ছবিটি মুক্তি দিও, তোমার ভালোর জন্য বললাম, ধন্যবাদ",Neutral,Unbiased,175,34
কন্যা সাহসিকা,Neutral,Unbiased,13,2
প্রতিটা বাবার কাছেই তার মেয়ে রাজকন্যা।বেচে থাকুক ভালোবাসা,Positive,Unbiased,57,8
"ধন্যবাদ, ভবিষ্যত রাষ্ট্রনায়ক । দুই মেয়রকে শুভেচ্ছা ও অভিনন্দন । জয় বাংলা ।",Positive,Unbiased,74,13
সকল বাধা পেরিয়ে এগিয়ে চলুক এই পথচলা।। শুভ কামনা নিরন্তর।।,Positive,Unbiased,59,10
বাংলাদেশ এর মাটিতে নাস্তিক এর জায়গা হবেনা ওর নাটক সবাই বয়কট করেন।,Positive,Unbiased,65,12
এই ছবিটি দেখে ক্রাশ খেয়েছি ❤️....আমার ফ্রেন্ড হতে চাও❤️,Positive,Unbiased,56,9
মাগির বাচছার গালে জুতা মার তালেতালে,Strongly Negative,Creepy,35,6
"এখানে হিন্দু মুসলিম ধর্ম টা আসে অনেক পরে আগে যে অপরাধ করে সে অপরাধী, তাকে আইনের আওতায় এনে শাস্তি দেওয়া হোকআমি একজন বাউল সঙ্গীতের বক্তা হিসেবে তীব্র নিন্দা জানাই, অতিবিলম্বে অপরাধী চিহিন্ত করে শাস্তি দেওয়া হোক",Strongly Negative,Creepy,209,36
এরা বরাবরই সুবিধা ভুগী।,Negative,Bullying,23,4
এনশাল্লাহহহ,Strongly Positive,Unbiased,11,1
তোদের সব বালের হিরো,Negative,Bullying,19,4
বাল মার্কা মুখের শ্রী কঞ্চির মতন শরীর ওর থেকে আমাদের বস্তির ছেলে অনেক ভালো অভিনয় করে এবং দেখতে সবকটা এক একটা বোকাচোদা,Strongly Negative,Bullying,118,22
ও কি শাহরিয়ার কবিরের মে?,Negative,Bullying,24,5
"কবরে যখন তোর গালের পট্টি টেনে ছিড়বে তখন বুঝবি,,,,",Strongly Negative,Creepy,49,9
জুতা মার রাম ছাগী রে!!,Strongly Negative,Creepy,22,5
গুনীজনই গুনের কদর দিতে জানেন।আল্লাহ তাকে বেহেস্ত দান করুন।এখন জাতির উচিৎ তার পরিবারের পাশে দাড়ানো।,Strongly Positive,Unbiased,98,15
কি সুন্দর করে বললেন আমি পরকালে বিশ্বাস করি না আর এখন বলছেন আল্লাহ মাফ করবেন। সত্যি করে বলেন তো আপনি আসলে কি চান!!!,Strongly Positive,Unbiased,114,23
"সাফা হয়ে গেলি নাফা,,খিচুড়ি চিনো,,চিনো না চিনবা।",Strongly Negative,Creepy,47,7
জুতা মার মুরগী চুরার মেয়ের মুখে,Strongly Negative,Creepy,31,6
উগান্ডা থেকে ফিরছেন নাকি,Negative,Bullying,24,4
একজন প্রতিবন্ধীর কথায় কান দিতে নেই,Negative,Bullying,34,6
জয় একটা ফালতু উপস্থাপক ওনার কথাবাতা রিকশাওয়ালা মতো,Strongly Negative,Bullying,50,8
আপ্নি সুধু মিডিয়ার হিরো না বাস্তবে ও হিরো। সেলুট বস।,Strongly Positive,Unbiased,52,10
জয় বাংলা ।,Strongly Positive,Unbiased,10,3
আল্লাহ আপনারে ফোন করে বলছে নাকি যে আপনি আল্লাহর কাছে মাপ পেয়ে গেলেন ? আপনি দুইদিন আগে আল্লাহর অস্তিত্বে বিশ্বাস করেননা বললেন আর এখন আল্লাহ ভক্ত মহিলা সাইজ্জ্যা গেলেন। আগে জানতাম ডিম থেরাপি দিলে কাজে লাগে এখন দেখি ডিমের চাইতে গাইল থেরাপি আরো মজবুত আরো শক্তিশালী।,Negative,Bullying,261,46
তাকে জম্ম দিইআ তার মা ভ্ুল করছে,Strongly Negative,Creepy,31,7
আজ থেকে ওর সবকিছু দেখা বন্ধ।  ওরে যেখানে দেকবেন জুতা মারবেন সবাই।,Strongly Negative,Creepy,65,12
নাস্তিক সাফা কবির এর এই দেশে কোনও জায়গা নেই। ওরে জুতা মারা দরকার।  ফাজিল কোথাকার।,Strongly Negative,Creepy,81,15
"কুত্তার বাচ্চা দেশে এসে কথা বল, তোর জিব্বা টেনে ছিড়ে ফেলবো",Strongly Negative,Creepy,58,11
ছাপা এখন কমেন্টের চাপা পরে নতুন আরেকটা পোস্ট প্রসব করলো। আমি খুবই চুদনা হয়ে গেলাম গাইল থেরাপির কার্যকারিতা দেখে। ডিম থেরাপিকে নিমেষেই হার মানল গাইল থেরাপি।,Negative,Bullying,155,26
গুড looks,Strongly Positive,Unbiased,9,2
ছিঃছিঃছিঃ এজন্যই ওরা কুত্তার মত মরে রাস্তা ঘাঠে,Strongly Negative,Bullying,47,8
হিরো আলম পুরো বাংলাদেশের মানুষ চেনে যায়েদ খান এ শালা লুচ্চা আবাল,Strongly Negative,Bullying,64,12
হ্যাঁ বলছে তো চেহারা কোন ফ্যাক্টর নো,Negative,Bullying,36,7
সুভানাল্লাহ!,Strongly Positive,Unbiased,12,1
কুত্তার বাচ্চা তোরে জবাই করমু তর বেচেঁ থাকার কোন অধিকার নাই,Strongly Negative,Creepy,59,11
জাহিদ খানের মুখে জুতা মারিএদের মতো মানুষ ছোটদের কেতুচ্ছ মনে করে এদের মতো মানুষদের মুখেজুতা মারি,Strongly Negative,Creepy,95,16
"কি কইতাম,, পোষ্ট কারি অমানুষটারে,,,,জুতা দিয়ে পিটাইলেও জুতার অসম্মান হবে,,",Strongly Negative,Creepy,74,10
"এরা সবাই ইলুমিনাতির সদস্য। আমাদের দেশে ওয়েস্টার্ন কালচার গুলা হর হামেশা চড়াচ্ছে। সাফা,সালমান, সোভিক সব গুলাই নাস্তিক।",Strongly Negative,Bullying,117,17
অভিন্দন সবাইকে,Strongly Positive,Unbiased,14,2
সিরাজুদ্দৌলার সাথে দেখা কর গিয়া মা ি,Strongly Negative,Bullying,36,7
"এতো তারাতাড়ি শেষ না করলে ভালো হইত। আরও কয়েকজন ইন্টারন্যাশনাল খেলোয়াড় কে   invite করলে ভালো হইত। যেমনঃ   Shahid Afridi, Kumar Sangakara...",Negative,Bullying,137,21
"এই বালের দুধের চেয়ে, ছেলেদের বিচি মনে হই বড় হবে, কাঠবডি বাল।",Negative,Creepy,60,12
সব মাগির আড্ডা,Negative,Creepy,14,3
ওর বাপে কই। চুরি করতে বাহির হতে নিষেধ করে রাখিস বেডি,Negative,Creepy,52,11
মাগিগ হাতি দিয়ে চুদে বের করছে। খানকি শালি,Negative,Creepy,41,8
খানকি মাগী তোরে কমেন্টে মানুষ কুকুর দিয়া চুদছে উহ অাহ তো কর,Negative,Creepy,59,12
ভন্ড দেল্লে রাজাকারের নুনু কেটে দেওয়া হউক,Negative,Creepy,41,7
বাগদানের পরে সব খুলে মেলে যাচ্ছে,Negative,Creepy,32,6
মাল একচুল দিয়ে সবকিছু ঢেকে ফেলেছে,Negative,Creepy,34,6
"বাংলার সানি লিওন,আপনি খান'কি",Negative,Creepy,28,4
কুত্তার বাচ্চা নটি মাগী,Negative,Creepy,23,4
আচ্ছা তুই কি তোর বাবা আর মায়ের চুদাচুদি দেখেছিস?? আর যদি না দেখে থাকিস তাহলে কেম্নে বিশ্বাস করিস যে তোর মায়ের যে স্বামী সে ই তোর বাবা??,Negative,Creepy,135,27
প্রিয়া সাহার বালও কেই ছিড়তে পারবানা...... বাঙালী বলদচোদারা শুধুই লাফায়....,Negative,Creepy,74,10
তর মারে জেগগিয়া চুদিছে তুলই জানছ নি,Negative,Creepy,35,7
তলফাটা আফা,Negative,Creepy,10,2
তরে কুত্তা দিয়া চুদানো উচিত....,Negative,Creepy,31,5
শেফুদারো দিয়া তরে চোদানো উচিত...,Negative,Creepy,32,5
আল্লাহ আপনার ভালো করবেন,Strongly Positive,Unbiased,23,4
বাছার জন্য এসব বলছে। মাননীয় প্রধানমন্ত্রী কে ও কলংকিত করছে !,Strongly Positive,Unbiased,60,11
জানিনা আল্লাহতায়ালা আপনাকে ক্ষমা করবেন কিনা তবে আপনি যে কথাগুলো বলেছেন তার জন্য আপনাকে ক্ষমা না করাই উচিত।আজ যদি ইসলাম ক্ষমতায় থাকতো তাহলে আপনাকে প্রকাশ্যে ফাসি দেওয়া হতো ১০০%,Strongly Negative,Creepy,178,29
জুতা পিঠা করা দরকার তুঁকে☺,Strongly Negative,Creepy,26,5
"তোরে জুতা দিয়া পিডাইয়া কপালের চারা ফাডাইয়া হালান উচিত,,,নাস্তিকের ঘরের নাস্তিক কোথাকার",Strongly Negative,Creepy,86,12
"ফেসবুক বন্ধুদের কাছে কমা চেয়ে কি করবেন,মহান সৃষ্টিকর্তার কাছে কমা চেয়ে নিন এবং তা প্রকাশ্যে নয়, নিশ্চয়ই আল্লাহ কমাশীল, হয় তোকমা করলেও করতে পারেন",Positive,Unbiased,144,24
বিশ্বকাপ জয়ের মাধ্যমেই এই বৃত্ত পূর্ণ হবে ইনশাআল্লাহ ! ,Positive,Unbiased,55,9
হিরো আলমের নামে সমালোচনা করে জায়েদ খান ভাইরাল হলো জায়েদ খানকে তো মানুষ চিনে না,Neutral,Creepy,80,15
হিরো আলম হউক সমালোচিত তবে জায়েদ খানের চেয়ে হিরো আলমের পরিচিতি বেশি ১০০%....,Neutral,Creepy,75,13
"আজ যদি ইসলামের আইন কায়েম থাকত,পাছা কবিরকে ডিল,পাথর ছুড়ে মেরে ফেলা হইত।",Neutral,Creepy,70,12
বলতে পারবেন আপনার বাবা কে?মায়ের পেটে থেকে দেখছিলেন কি কাউকে?আপনি কি জারজ সন্তান,Neutral,Creepy,79,13
বলতে পারবেন আপনার বাবা কে?মায়ের পেটে থেকে দেখছিলেন কি কাউকে?নোট; আপনি জারজ সন্তান,Neutral,Creepy,81,13
হযরত জিব্রাঈল (আঃ) বলেন:- পৃথিবীতে কত ফোটা বৃষ্টি পড়ে সেইটা আমি গুনতে পারি কিন্তু যৌবন কালের আমল এত বেশী লিখা হয় যা আমি গুনতে পারি না। — সুবহানাল্লাহ.,Neutral,Unbiased,150,28
জনি ভাই তুমি আসার দরকার নাই বিমান বেক কর তোমার রুগী কিছুটা সুস্থ্য হয়ে উঠছে,Neutral,Unbiased,75,15
তাহলে এই হইলো ঘটনা,Neutral,Unbiased,18,4
"হিরো আলম তুমি এগিয়ে চলো, আমরা আছি তোমার সাথে।",Positive,Unbiased,45,9
জয় বাংলা।জয় বঙ্গবন্ধু।,Positive,Unbiased,22,3
"বর্জন করা হোক - তার মাধ্যমে প্রমাণ হোক যে বাংলার মাটিতে নাস্তিক, ইসলাম কে খাটো কারী,ইসলাম বিদ্বেষী, কেউ টিকতে পারবে না।",Positive,Unbiased,119,21
ক্যাপ্টেন অফ বাংলাদেশ,Positive,Unbiased,21,3
অন্যরকম .. ভালো লাগলো ..❤️,Positive,Unbiased,26,5
হিংসা হয় আমার  ছবিটা দেখে ,Negative,Bullying,26,5
তোর বাবা মা কি ভাবে তোকে জন্ম দিয়েছি তুই কি দেখেছিস কুত্তা,Negative,Bullying,59,12
"সাফার উদ্দেশ্যে-->আরিফ আজাদের লেখা মনে পড়ে গেল""আপনি কি আপনার মা-বাবাকে যৌণ সঙ্গম করতে দেখেছেন?না দেখে কিভাবে উনাদেরকে মা বাবা মেনে নিচ্ছেন??আপনার মা কে জিজ্ঞাস করে নিয়েন যাকে আপনি বাবা ডাকছেন উনি আপনার আসল বাবা কিনা,নাকি অন্য কেউ আছে??কারণ আপনিতো না দেখে কিছু বিশ্বাস করেন নাহ।#প্যারাডক্সিক্যাল_সাজিদ",Negative,Bullying,300,45
ওর বাপের নাম যেন কি???,Negative,Bullying,22,5
মর,Strongly Negative,Creepy,2,1
আজ ভালো করে আল্লাহর কাছে মাফ চেয়ে নিও,Strongly Negative,Creepy,37,8
আগে আল্লাহর কাছে নামাজ পড়ে কাঁদতে হবে তাঁর মালিকের কাছে এমন ভাবে কাঁদেন আপনাকে মাফ করে দেয়,Strongly Negative,Creepy,90,17
এ-ই রকম মেয়ে রা জাতির জন্য কাল সাপ!! ওকে সবাই দরে আগে জুতা পিটা করা হোক তার পর আইনের আওতায় আনা হোক,Strongly Negative,Creepy,98,22
ওকে আগে জুতা পিটা করা হোক তার পর আইনের আওতায় আনা হোক তার??,Strongly Negative,Creepy,58,13
"আপনাকে আপন ভেবে সেদিন রাত জেগে,ফোনের চারজ নষ্ট করে কত সুন্দর কবিতা লিখে একটা টেক্সট করেছি কিন্তু সেই টেক্সটের রিপ্লাই আপনি এখনো দেন নি,আপনার বিচারের ভারও আমি আল্লাহর কাছে দিলাম",Negative,Bullying,176,30
চুরি করে দেশের মিলিয়ন মিলিয়ন টাকা আত্নসাৎ করে যারা দলের নামে ডোল বাজায় তারাই আজ সুশীল....,Negative,Bullying,89,16
"ছোট্ট মেয়েটি আজ কত বড় হয়ে গেছে, বাবা মেয়ের ভালবাসা অবিরাম   ",Strongly Positive,Unbiased,60,11
"অনেক ভাল লিখেছেন ভাই,  কিন্তু ছাগু গুলো তা বুঝে না, অন্যকে গালি দিয়ে তারা নিজেকে খুব ধার্মিক প্রমান করতে চাই,  কিন্তু তারা আসলে রাসূল সাঃ এর শিক্ষার বিপরীত কাজটাই করছে, সঠিক শিক্ষার অভাবে তারা ধর্মের নামে ভ্রান্ত ধারণা ছড়াচ্ছে,  মুসলমানদের নাম খারাপের জন্য এরাই যথেষ্ঠ",Strongly Positive,Unbiased,268,45
তিন বাটপার এক জায়গায়,Negative,Bullying,22,4
এই পাগলের আমদানি কোথায় থেকে আমি এই প্রথম নাম শুনলাম ইসলামকে বিক্রি করে তদের ফেমাস হইবার এত সখ তুই মর,Strongly Negative,Bullying,100,20
অসাম্প্রদায়িক এই দেশে উগ্র সাম্প্রদায়িকতার জোন স্হান নেই।মিথ্যা অভিযোগ করে দেশের ভাব মূর্তি নষ্টের জন্য দেশদ্রোহীতার অভিযোগে এই মহিলাকে গ্রেপ্তারের দাবি জানাচ্ছি।,Strongly Negative,Creepy,162,22
ভাই আপনার কাঁকড়ার খামারের শ্রমিকদের বেতন বকেয়া এগুলো কি আদো সত্যি??? ,Strongly Negative,Creepy,69,11
আবারও প্রমাণিত হয়ে গেল নাস্তিকের পেটে নাস্তিকের জন্ম ।আর সে যে ক্ষমা চাইলো ওটা তার অভিনয় আর বাস্তবতা হচ্ছে সে আসলেই নাস্তিক  ।সো তাকে জনসম্মুখে প্রকাশ্যে ফাঁসি দেয়া হোক ।হে আল্লাহ তুমি আমাদের কে নাস্তিক মুক্ত দেশ দান করো ।,Strongly Negative,Creepy,225,40
বডি ক্যামনে বানাইছেন স্যার?,Negative,Bullying,27,4
হলে গিয়ে মুভি দেখিনা প্রায় ২ বছরহিরো আলম ভাইয়ের এই মুভি দেখবো হলে গিয়েঅনেকে হয়তো অবহেলা করে দেখবেন না চেহারা দিয়ে সব কিছু হয়নাআর গরিব এর ভাই হিরো আলম গরিব মানুষের পাশে থাকবেন দেখবেন আল্লাহ আপনার সব কিছু সফল কতে দিবেন,Negative,Bullying,216,41
সে জারজ সন্তান,Strongly Negative,Bullying,14,3
ঢেলে দেই!,Negative,Bullying,9,2
কই এখন তো কোনো মহাত্মা গান্ধী কমেন্টে সত্যি কথা বলতেছেনা!!,Negative,Unbiased,58,10
ইন্নালিল্লাহি ওয়া ইন্না ইলাহি রাজেউন আল্লাহ তাকে জান্নাতবাসী করুক।,Negative,Unbiased,67,9
"ভোটের অাগের দিন রাত ৮টায় পুরো এলাকায় পুলিশ তল্লাশি চালাই, সাউন্ড় গ্রেন্ড দিয়ে অাতঙ্ক সৃষ্টি করে। বিনা অপরাধে নিরিহ লোকদের গ্রেফতার করে। রাত ১২ টায় পুনরায় পুরো এলাকায় অাতঙ্ক সৃষ্টি করে, তার পর পর পুলিশ এবং অাওয়ামী কর্মী বাহিনি দিয়ে ঝাল ভোটের মাধ্যমে ব্যালট বক্স ভরে।ধিক্কার ধিক্কার।",Negative,Unbiased,281,47
তুর মত নাস্তিক এদেশে তাকতে পারবেনা। সবাই এই নাস্তিক এর নাটক দেখা বন্ধ করুন। ওর আইডিতে রিপোর্ট করুন।আসুন নাস্তিক দের বাংলার মাটি তেকে বিতাড়িত করি।,Strongly Negative,Creepy,145,25
তীব্র নিন্দা জানাইদোষীদের দৃস্টান্তমুলক শাস্তি চাই,Strongly Negative,Creepy,50,6
ছুয়া!,Negative,Bullying,5,1
"যে পরিমান ধান তারা নিয়ে যাচ্ছে তাতে ২০-৩০ জনে একজন শ্রমিকের কাজ করতে পারবে। জাস্ট সো অফ হবে, কাজের কাজ কিচ্ছু হবে না।",Negative,Unbiased,117,23
"মহান আল্লাহ তালা জান্নাতবাসী করুন, আমীন",Strongly Positive,Unbiased,39,6
কি দারুন পল্টি রে বাপু!!!,Negative,Unbiased,25,5
আফা আপনাকে আগে থেকেই ভালো লাগতো না।এখন তো আপনারে দেখলেই বান্দরের শলা লাগাই দিতে মন চাইতাছে কুটনি,Negative,Bullying,96,17
"ওদের দুজনের সম্পদের হিসেব নিলে জানাযাবে ওরা কতবড় মাল। দেশের নীতিনির্ধারক ও সেইরকম, এ ধরনের একটা মালকে গুরুত্বপূর্ণ পদে বসান",Negative,Bullying,123,20
আজ কি নিয়ে কথা বলতে পারে মানুষ. মানুষ মানুষকে ছোটো করে দেখা ভালো না.ছরি হিরো আলম. তোমাকে বোজাতে পারিনি আমি.হিরো আলম. পাগল হরেও মানুষ টা ভালো. কারণ সরল কথা বলে.,Negative,Bullying,159,30
"এই প্রথম এত ভদ্র লূকে দেখে যাচ্ছে, মাশাল্লাহ ভাল লাগছে ❤",Strongly Positive,Unbiased,56,11
"জুতা মারি তোর দুই গালে,,,নাস্তিকের বাচ্ছা",Strongly Negative,Creepy,41,6
আমি তোরে সামনে পাইলে জুতা দিয়ে মারতাম,Strongly Negative,Creepy,37,7
"এদেশে নিরাপদে থাকতে চাইলে, তওবা ও জাতির কাছে মাফ চাও,নয়তো সবাই শব্দ বোমা মারবে,, ,,,,, খানকি মাগি একটা,",Positive,Unbiased,103,18
জয় ভাই প্রোগ্রামের টিআরপি বাড়ানোর জন্য এতসব পাগলামি করে। এগিয়ে যান অনন্ত ভাই।,Positive,Unbiased,77,13
রিয়েল হিরো,Positive,Unbiased,10,2
টেক কেয়ার,Positive,Unbiased,9,2
দৌড়টা ভালো ছিল ,Positive,Unbiased,15,3
এক পায়ে নুপুর,Positive,Unbiased,13,3
"ধন্যবাদ আপনাদের!! দারুন কিছু মুহুর্ত উপহার দিলেন!! কনটেন্ট এর এতো বৈচিত্রতার মাঝে কখনোই টানা এতক্খন specific কোন একটাতে নীরবচ্ছিন্ন ভাবে সেঁটে থাকিনি, এখানে যেভাবে শেষঅব্দি লেগে ছিলাম!!",Positive,Unbiased,185,27
অস্থির হইছে। কিন্তু ডিমান্ডিং হয় নাই। এই পোজটা ক্লিভেজ ডিমান্ড করে।,Positive,Unbiased,67,11
হা হা হা,Positive,Unbiased,8,3
জাতীয় বিপ্লব ও সংহতি দিবস?????,Positive,Unbiased,30,5
আজ প্রথম নিজেকে ফটোগ্রাফার হতে ইচ্ছে করছে।।,Neutral,Unbiased,43,7
অনলি ১০ মিনিটে ৭৬ টা ফ্লুয়ার নাই,Neutral,Unbiased,32,7
ভোটার ভোট দিতে আসতে ভুলবেন না।,Neutral,Unbiased,30,6
ধরবো এবার আচল টেনেকিন্তু করবো এবার হননএবার আমার জেতার পালা✌✌✌,Neutral,Unbiased,61,10
বিশাল হাওরে ছাত্রলীগ/যুবলীগ কে নিয়ে কৃষকের ধান কেটে দিচ্ছেন রাষ্ট্রপতি পুত্র মাননীয় সংসদ সদস্য জননেতা Rejwan Ahammad Taufiq ভাই ❤️,Positive,Unbiased,130,20
"ওহ পরিমনি,দিনে দিনে আপনার প্রতি ভালো লাগা আরো বেড়ে যাচ্ছে",Positive,Unbiased,57,10
আল্লাহ আপনাকে হেদায়েত দান করুন ৷,Positive,Unbiased,32,6
তাকাব্বাল আল্লাহু মিন্না ওয়া মিনকুম।,Positive,Unbiased,36,5
আল্লাহ অত্যন্ত ক্ষমাশীল তা-ই হয়ত আল্লাহ মাফ করে দিবে তবে ভুলেও ইসলামের নিন্দা করতে যেওনা ধংশ হয়ে যাবে তুমিতো সামান্য ব্যাক্তিত্ত তোমার চেয়ে বিশাল বিশাল নাস্তিক মূহুর্তে নিস্বঃছিন্ন হয়ে গেছে,Positive,Unbiased,189,30
তোরা তো চুরি ছাড়া কিছুই শিখচ নাই।,Negative,Bullying,33,7
চাউল চোরদের নিয়ে কিছু বল।,Negative,Bullying,25,5
ও আচ্ছা মুরগি কবির ও খুশি কবিরের ঔরসজাত ভাইরাস সাফা কবির।,Negative,Bullying,57,11
"কাঁচাবাজার,নিত্যপ্রয়োজনীয় সমগ্রী খোলা থাকবে দাম এর কথা কথা কিছু চিন্তা করছেন??আপনার টাকা আছে আপনি চড়া দামে নিতে পারবেন সাধারণ জনগণ কিভাবে নিবে।চিন্তা করেন উল্টা পাল্টা কথা বলে প্রধানমন্ত্রীর নাম খারাপ কইরেন না।",Negative,Unbiased,210,32
ওরে জানুয়ারের বাচ্চা তুই এখন আছিশ কোথাই বল।,Strongly Negative,Bullying,44,8
ওর ফাঁসি চাই |,Strongly Negative,Creepy,14,4
জুতা তোর গালে,Strongly Negative,Creepy,13,3
তোমারে জুতা পিটা করা উচিতকর্ম,Strongly Negative,Creepy,29,5
শালার কোনও বাপনেই দুনিয়াই এমনিতেই চলেএসেছে,Strongly Negative,Bullying,42,6
ইনশাআল্লাহ প্রিয় ভাই।,Strongly Positive,Unbiased,21,3
"আমি মনে করি ভুল সবার হয়,,,,  মহানআল্লাহ সব চেয়ে বড় বিচারক,,,আল্লাহ সবাইকে বুঝার তৌফিক দান করুক। আমিন।",Strongly Positive,Unbiased,101,17
শাহরিয়ার নাজিম জয় একটা ফালতু। সে কিছুদিন পরপর কি ফালতু সমস্ত আলাপ নিয়ে অনুষ্ঠান করে আজাইরা অনুষ্ঠান মানুষকে খোঁচাতে খোঁচাতে উঠাইয়া দেয়। stupid ekta,Strongly Negative,Bullying,152,24
দুর শালার খোবিশ,Strongly Negative,Bullying,15,3
তো কি এহন নাচমু,Negative,Bullying,15,4
কম্বলে আগুন জ্বালিয়ে দিলে টিক বুজবা,Strongly Negative,Creepy,35,6
দেখেছি অনেক ভালো লাগলো।,Strongly Positive,Unbiased,23,4
হেতেরা যা কয় তাই সুন্দর লাগে। কি কইতে কি কয় কোন তাল ঠিক পায় না। কইরা মারন দরকার।,Negative,Unbiased,80,18
বেশ্যা মাগি তর বাবা সহ তরে জুতা মারি,Strongly Negative,Creepy,36,8
এসব সাইকো রে পিটাইয়া দেশ থেইকা বের করে দেয় না কেন!!,Strongly Negative,Creepy,51,11
নাস্তিকের দুই গালে জুতা মরো তালে তালে।,Strongly Negative,Creepy,38,7
কলকাতা সরকার ও বাংলাদেশে সরকারের গর্ব সেরা নায়েক হিরো আলম।গরীবের বন্ধু দরদী রূপায়ণ হিরো।,Strongly Positive,Unbiased,88,14
মাশাল্লাহ....নাতির কাছে তথ্য এসে গেছে,Strongly Positive,Unbiased,37,5
"তোরে কাছে পেলে জুতার মালা গলায় দিয়ে তিন রাস্তার মোড়ে দাড়করায় রাখতাম,,,,নাস্তিক কোথা কার।",Strongly Negative,Creepy,88,14
ওকে গুলি করে মারা উচিত,Strongly Negative,Creepy,22,5
এক্সকিউজমীসামাজিক দূরত্ব বজায় রেখে ফাঁক ফাঁক করে কমেন্ট করুন!আদেশক্রমে স্যার জাস্টিন কাদের!,Negative,Bullying,91,12
তর মু‌খে এসব কথা মানায় না।,Negative,Bullying,26,6
"তুমি সব সময় ভালো থাক, সুস্থ থাক।আর আমাদের কে বেশী বেশী করে তোমার মনোমুগ্ধকর অভিনয় উপহার দাও।",Strongly Positive,Unbiased,92,17
আসিফ একজন সমকামি।সাম্মি এক টা খানকি মাগি। এরা নাকি আবার মুক্ত মনা।।হা হা হা।,Negative,Creepy,76,14
মাল্টিপ্লাগ বিজ্ঞাপন ছাড়াই বিক্রি হয় বার বার প্রচারের কোন মানি হয় না।,Negative,Creepy,69,12
চুতমারানি মাগী...পরিচালকদের দাচু দিয়ে নাটক করার সুযোগ নিছোস..একটু জনপ্রিয়তম পেয়ে যা মন চায় তাই বলিস..চুতমারানি মাগি,Negative,Creepy,115,16
ওরে চুতমারানি মাগী তুই তো পরকাল বিশ্বাসই করসনা...তাইলে তুই কেমনে বিচার দিস..বিচার ত সব পরকালেই হবে..!!চুতমারানি মাগি তোর মায়েরে বাপ....,Negative,Creepy,135,20
"মামা পরি মনি দাবি করছে যে,তুই ব্রা প্রেসেন্ট না করলে এরকম ই চলবে....",Negative,Creepy,68,13
তোমাকে ক***ম দিয়ে চু**& চাই আমি ক******* না ব্যাবহার করলেতো আবার এইডস হইবো।মাগি একটা,Negative,Creepy,84,14
তোমাকে ক***ম দিয়ে চু**& চাই আমিক******* না ব্যাবহার করলেতো আবার এইডস হইবো।মাগি একটা,Negative,Creepy,83,13
এইসব পাগলগুলারে যারা ভাইরাল করে তারা বড় আচোদা,Negative,Creepy,45,8
আলহামদুলিল্লাহ Ma sha Allah,Strongly Positive,Unbiased,27,4
তাহ‌লে গঙ্গার জ‌লে যা।,Negative,Bullying,22,4
আরে সায়েদ খান শালার ঘরের শালা তুই কেডা রে মাদারচোদ তুমিতো লুচ্চা তোর মিশা বাবা তার চেয়ে বেশি পরিচিত হিরো আলম,Strongly Negative,Bullying,109,21
"এদের ফাঁসির জন্য আন্দোলন করা উচিত,,,,,অথবা দেশ ত্যাগে বাধ্য করা উচিত।",Strongly Negative,Creepy,69,11
তোর মুখে জুতার বাড়ি হারামজাদি,Strongly Negative,Creepy,30,5
"একদিন তাকে নিয়ে ঘুমের মধ্যে স্বপ্নদোষ হয়ে যাচ্ছিলো,পরে ঘুম ভেঙে গেলো এর পরে আর কিছু করি নাই,কোপাল ভালো এমন বাজে জিনিশ নাস্তিক  কে কিছু করি নাই।",Strongly Negative,Creepy,143,26
আসসালামুআলাইকু ভাই হিরো আলম  বাংলাদেশের এমন কোন মানুষ নাই চিনে না বাংলাদেশ চলচ্চিত্রের জাত তারে  কয়জনে চিনে এত আইসিতু লুচ্চামি করার লাইগা  হেতে কয় পাটনা কতা তুই কোন জায়গার চ্যাটের বাল,Negative,Bullying,186,31
অশিক্ষিত মূর্খ মহিলার উপর যখন শয়তান ভর করে তখনই এ ধরনের আচরণ তার কাছ থেকে আশা করা যায়,Strongly Negative,Bullying,87,18
"জায়েদ কে? আমি এই প্রথম দেখলাম,আমার কাছে মনে হলো, সে একজন আবাল,হিরো আলম একজনই।",Strongly Negative,Bullying,77,14
গালীবাজ বাঙ্গালীর জন্ম কুত্তাতে সেটার প্রমাণ আবারো হলো৷ সে ধর্মে বিশ্বাস করুক বা না করুক তাতে তোদের কি রে শুয়োরের জাত??? জোর করে ধর্ম পালন করাবি?? চ্যালচ্যালাইয়া বেহেস্তে যাবি?,Strongly Negative,Bullying,176,29
আমদের ত পুলিশে গুলি করে মেরে ফেলছি,Strongly Negative,Creepy,34,7
তোরে জুতা পিটা করলে তুই বুঝবি জুতার আঘাতে সব মনে পরে যাবে কারন আঘাত তো দেখা যায়না মাগী।,Strongly Negative,Creepy,87,18
আজ থেকে ওর নাটক সকলের বয়কট করতে হবে,Strongly Negative,Creepy,35,8
জুতা দিয়া বাইরা জায়েদ  খানকে মাগির পুত,Strongly Negative,Creepy,38,7
"উনি বলেছেন যদি ভুল করে থাকি , তার মানে সে নিশ্চিত নয় এটা ভুল কিনা । অতএব এই কথা বলে এই ধরনের ক্ষমা চাওয়া ও মহান আল্লাহর সাথে একটা বেয়াদবি ।",Negative,Bullying,139,31
বলত,Negative,Bullying,3,1
পাগলে কি না বলে ছাগলে কি না খায়,Negative,Bullying,31,8
তসলিমা নাসরিনের যোগ্য সহচর হিসেবে সাফা কবিরকে তার সাথে যোগ দেয়া উচিৎ।,Negative,Bullying,69,12
অবশ্যই অাইনের অাওতায় নিয়ে অাসা উচিৎ! এইসব কিট! গুলাকে!,Strongly Negative,Creepy,54,9
"সালমান মুক্তাদিরের মতো ওকে সবাই আনলাইক, আনফলো করে দিন।",Strongly Negative,Creepy,54,9
"বইন। তুমি পরকালে বিশ্বাস করোনা, আবার আল্লাহকে বিশ্বাস করছো এটা বলছো। কাহিনী কি বইন? খুইলা কউ নাইলে রাতে আমার ঘুম আসবো না। আর যদি সত্যিই পরকালে বিশ্বাস না করে থাকো, তাহলে যেই রেডিওতে লাইভে বলেছো এই কথা, সেই রেডিওতে আমাকে ইনভাইট করো, আমরা ডিবেট করবো ইনশাআল্লাহ।",Negative,Unbiased,259,46
"খুব সুন্দর পরিবেশ ভাই, ভাল লাগলো।",Strongly Positive,Unbiased,33,6
ছাগল আলম নামটা হলে ভালো হতো,Negative,Bullying,27,6
মুরগি চোরের মাইয়া কতদুর ভালো হবে,Negative,Bullying,32,6
ইন্না লিল্লাহি ওয়া ইন্না ইলাহী রাজিউন,Negative,Unbiased,37,6
"কে এই হিরো আলম,তাকে নিয়ে, এত উতপাত,কেনো,ভাই,সেকি,চুপ চাপ,ঘরে, বসতে,পারে না,সালা,পাগল,ছাগল,কথাকার,,,জনগন,করোনা,নিয়ে, বেসতো,,আর,এই,সালা,নিজেরে,,নিয়ে, বেসতো",Negative,Bullying,153,12
"ফালতু, বেয়াদব, রাবিস কোথাকার!!!",Strongly Negative,Bullying,31,4
"ভাগিনা তুমি কই? প্রতি নির্বাচনের আগে তুমি ভবিষ্যতবানী দেও, করোনা কবে শেষ হবে সেই ব্যাপারে যদি একটা ভবিষ্যতবানী দিতা জাতি কৃতজ্ঞ হতো!",Positive,Unbiased,132,22
"স্যালুট টাইগার সাকিব আল হাসান। আজ  দেশের মানুষের পাশে আপনি দাড়িয়েছেন। আপনার স্মৃতিময় ব্যাট বিক্রি করেছেন এ দেশের মানুষের জন্য, এ দেশের মানুষের কাছে আপনি কখনো বিস্মৃত  হবেন না। আপনি আবার মাঠে ফিরে আসুন স্বমহিমায়।",Positive,Unbiased,211,35
সাব্বাস! ভন্ডামি বাদ দিয়ে সত্য কথা বলেছেন।,Positive,Unbiased,42,7
ছোট ভাই একটু কষ্ট করে ইউটিউব নিজের আইডি তে আপ করো তা হলে দেখতে এবং শুনতে পারবো নিজের মনে করে এতে তোমার দিক থেকে তুমি ভালো করবে এখন থেকে একটু ইউটিউবার হতে মনোযোগ দাও আর কোন ধরনের পরামর্শ লালে ইন বক্সে করো আমাকে  । ধন্যবাদ ভাই আমার,Positive,Unbiased,229,47
তামিমের চেহারা অনেকটা ইলিয়াস কাঞ্চনের মত হয়েছে দেখতে...,Positive,Unbiased,55,8
বাংলাদেশ আওয়ামীলীগের প্রতিটি নেতা কর্মীকে অফুরান ভালবাসা এবং শ্রদ্ধা।,Positive,Unbiased,69,9
আল্লাহ পাক আমাদের সহায় হোন।,Positive,Unbiased,27,5
আল্লাহ নেক হেদায়েত দান করুন,Positive,Unbiased,27,5
মাশাআল্লাহ...... পুতুল গুলো নিয়ে খেলা করা তাহলে সমস্যা নয়!!!!!,Positive,Unbiased,64,9
আপনা‌র  জন‌্য ভালবাসা,Positive,Unbiased,21,3
ম্যাডাম আপনি তো ক্লোজআপ হাসি দিচ্ছেন।,Positive,Unbiased,37,6
"দেশ তো ভাই রাজত্ব +বাকশাল হয়ে গেছে,,,,",Neutral,Unbiased,38,7
সারাকেই ভাললাগতেছে।,Positive,Unbiased,19,2
সময়োপযোগী পদক্ষেপ,Positive,Unbiased,17,2
"এত কাহিনী না করে খালাম্মা তওবা করেন। আর বলে দেন আমি নাস্তিক না, আমি মুসলমান। ইসলামের মৌলিক সকল বিষয়কে আমি না দেখেই বিশ্বাস করি।",Positive,Unbiased,127,24
শ্রদ্ধেয় ড. কামাল হোসেন সাহেব আর যাই হোক একজন শিবির কর্মী আর আরেকজন উশৃংখল ও টাকা পাচারকারীর পক্ষ অবলম্বন করে ভাবমূর্তি খোয়ালেন!,Positive,Unbiased,128,22
বাহ! প্রথমে তো চিনতেই পারিনি,Positive,Unbiased,28,5
আল্লাহ ক্ষমাশীল। ভুল বুঝতে পেরে তওবা করলে ইনশাআল্লাহ পাপ মোচন করবেন। আল্লাহ আমাদের সবাইকে বুঝার তাওফিক দান করুন,Positive,Unbiased,111,18
আপুকে জুতা মার,Strongly Negative,Creepy,14,3
"অসাধারণ পাওয়া , মধুর সমাপ্তি ❤️",Strongly Positive,Unbiased,31,6
প্রিয়া সাহা যতই চাপা চাপি কর কোন লাভ নাই ৷ তোমার মত বেইমানদের দেশ থেকে বিতারিত করা উচিত ৷ বাংলাদেশে থেকে যেই সব হিন্দু ভারত প্রীতি দেখাই তারা ও কাল সাপ ৷,Strongly Negative,Creepy,153,32
খানকিরে কোপানোর দরকার,Strongly Negative,Creepy,21,3
কমেন্ট ঝাড়তে এলাম ,Negative,Bullying,18,3
বাটপারি,Negative,Bullying,7,1
"অসাধারণ অভিনয় আপনার,আরো ভালো করেন এই প্রত্যাশা।",Strongly Positive,Unbiased,48,7
ফালতু ফারিয়া,Strongly Negative,Bullying,12,2
"ছাগলের মুখে আম পাড়া সুরা,,,,,",Negative,Bullying,29,5
জুতা মেরে গরূ দান,Strongly Negative,Creepy,17,4
অনন্তের চাইতে সাকিব অনেক সিনিয়র। সুতরাং সাকিবই সেরা।,Strongly Positive,Unbiased,52,8
ফুটানি পাবলিক তাদের বাবা মায়ের চরিত্র সম্পর্কে ভালোই ধারণা দিয়ে যাচ্ছে।,Negative,Unbiased,71,11
"জুতার ইমো জি  নাই রে ভাই,,,  থাকলে কেউ ধার দাও,, এই নাস্তিকটার মুখে কয়েকশ জুতা মারি।",Strongly Negative,Creepy,84,16
"ওর বিচার তো করতে হবেই ওর জামাই কেও দুদক এর সহকারী পরিচালক পদ থেকে অব্যাহতি দিতে হবে,দেশদ্রোহী দের এই দেশে থাকার কোনো অধিকার নাই",Negative,Bullying,127,24
"টানা ১৪ দিন ভাত না খেয়ে শুধু মুলা খেয়ে রানের চিপায় আটকে রেখে যদি ঠাস ঠাস করে তোর মুখে কয়টা পাঁদ দিতে পারতাম, তাহলে মন টা শান্তি পাইতো। শালা বাইনঞ্চুদী",Negative,Bullying,150,30
মাশা আল্লাহ!!!! নির্বাচন কমিশনারের উদ্দেশ্য কি ফলাফল দিয়ে দিলেন নাকি?!,Strongly Positive,Unbiased,70,10
"দেশি গুলো তো ছোট পোষায় না, ইন্ডিয়ান বড় গুলার বাজার দর কেমন? ও হ্যা পেয়াজের দাম জানতে চাচ্ছি",Negative,Bullying,91,18
তুই অাসলে একটা সানুুুু ,Negative,Bullying,23,4
আপা আপনার গালে জুতা দিয়ে মারলে ৩০ হাজার টাকা পাবো নিবে কি তুমি মারতে পিলিজ,Strongly Negative,Creepy,74,15
আমি ত্রিপুরা থেকে ভাই সে নায়ক কি করে হল ভারতের ফিল্মে তারে জুতা ঠিক করতে ও রাখত না সে নাকি Hero তারে Facebook এ দেখলে আমার হাসি রাখতে পারিনা,Strongly Negative,Creepy,140,29
কুত্তা ভাগ্য,Negative,Bullying,12,2
ডঃ এনায়েত উল্লাহ আব্বাসি কই সাফাকে আপনি কি ফতুয়া দিবেন,Negative,Bullying,54,10
"এইসব জাহান্নামের নর্দমাদের কথা কেন জানি,বালের মিডিয়া গুলি প্রচার করে",Negative,Bullying,68,10
এইসব ফালতুদের কথা কেন জানি মিডিয়া প্রচার করে,Strongly Negative,Bullying,44,8
বেশি মডার্ন চোদাইতে গেলে যা হয়।নেক্সটাইম সাবধান থাকবেন।নাইলে পাব্লিক আপনার আব্বুর গালফ্রেন্ড তছলিমার ঠিকানায় আপনাকেও সেন্ড করে দিবে।,Negative,Creepy,132,18
"তুর জন্মর ঠিক নাই তুকে আরেক জুনে চুদি জন্মদিছে তাই তুর ভাষার এই অবস্হা,, আল্লাহর মাপচা জলদি",Negative,Creepy,91,17
"মাগি তুই ত এখন ও ভুল সিকার করতে ভালো করে পারলি না,তুর জন্মের ঠিক নাই",Negative,Creepy,68,15
"যা বিশ্বাস না করলে দিনে তিন ড্রোজ করে দিয়ে দিস, মাইগ্গার ঘরের মাগী,",Negative,Creepy,67,13
পতিতা পললিতে কত মেয়ে ওভাবে থাকে  তুই  খানকি চুদা দিতে পারিস না তর তো  ই মান নাই,Negative,Creepy,80,17
"পাগল, চো***দা, আমার ধনের নায়ক, বাংলাদেশের চলচ্চিত্রটাকে ধংশ করে দিলো, আবাল চুদা পুলাপাইনে,বোকা চুদা ডিরেক্টর",Negative,Creepy,108,15
তোর ছবি দেখবে বেশ্যারা,Negative,Creepy,22,4
"তোমার পুটকিতে নাকি গন্ধ,আমার কুত্তারে দিয়ে পরিষ্কার করাতে হবে",Negative,Creepy,61,9
"রাগ কমবে কেমনে লিখে পোষ্ট দিলে আমরা বিশ্বাস করব না, ভিডিও করে লিখতে হবে।মূর্খ চোদা",Negative,Creepy,82,15
তোর পুটকিতে ঘোড়ার হোল ঢুকে তোর পুকটি ফাটিয়ে দেবো,Negative,Creepy,50,9
বাচ্চার খাবার ঢেকে রাখুন...,Negative,Creepy,27,4
বালের বুবলি,Negative,Creepy,11,2
"দে দে, মাগিরে ভইরা দে।",Negative,Creepy,22,5
ওই খানকি মাগি তোর এখন যে বাপ্ আছে সেই যে তোর বাপ তুই কি করে বিশ্বাস করিস. তুই তখন দেখেছিলি তো বাপ্ যখন তোর মার সাথে ইয়াকরেছিলো,Negative,Creepy,126,27
তুই জার্মান সেফাত চিনস. ওহ নো তুই তো দেখিস নাই চিনবি কি করে. যখন পাছা দিয়ে অর্থাৎ তোর মল দ্বার দিয়ে অর্থাৎ তোর বাকি দিয়ে যখন ঢুকায়া দেওয়া হবে তখন চিনতে পারবি খানকি তোর বাপ কে তুই চিনিস নাকি চিনিস না,Negative,Creepy,198,41
পাছা কবির। হাহা। হাহা,Negative,Creepy,21,4
কমেন্টবক্সে মুমিন মুসলমানদের কমেন্ট পড়ার পর মনে হল -'ইসলাম' একটা চুদাচুদির ধর্ম।,Negative,Creepy,80,12
"মন চায়,একটা রড গরম কইরা,ঠান্ডা দিক টা তর পাছায় ডুকাবো,আর গরম দিক বাহিরে রাখব যেন গরম বুইঝা কেউ বাহির করতে না পারে",Negative,Creepy,113,22
পাগলের বাচচা,Strongly Negative,Bullying,12,2
জায়েদ খান আমার বালের নায়ক।,Strongly Negative,Bullying,26,5
হেতির গালে গালে জুতা  মার তালে তালে।,Strongly Negative,Creepy,36,7
পিনিকে খুশির ঠ্যালায় বলে ফেলছ। এখন আদিক্ষেতা দেখাচ্ছ কেন।।।।। কোথায় কি বলা উচিৎ আগে এটা শিখ মেয়ে। আল্লাহ তোমাকে হেদায়েত দান করুন।,Negative,Unbiased,129,22
আমাদের সৃষ্টিকর্তা মহান পবিত্র আল্লাহ.!!!!...ব্লগার মানে আপনি নেশায় আসক্ত হয়ে মন যা চাইবে তাই লিখবে এমন ব্লগারদের কে আমি জুতা মারি গালে গালে?,Strongly Negative,Creepy,141,23
জাহেদ খাঁন এইটা আবার কে চিনলামনা শালা হিরো আলমের জুতার সমান হবেনা,Strongly Negative,Creepy,65,12
মার জুতা,Strongly Negative,Creepy,8,2
তোরে জুতামারা করবো মাগি,Strongly Negative,Creepy,23,4
আমি তো চলচ্চিত্র কোন সাপোর্ট করিনা তবে এখানে জায়েদ খান যে আবাল মার্কা লোকটা আছে তাকে তো আমরা কোনদিন কোন মিডিয়াতে দেখি নাই,Negative,Bullying,123,23
ওরা পাগলা কুওা গাছের পাতা পরলেও ঘেও ঘেও করবে আর একটায় ঘেও করলে বাকি গুলায় ও ঘেও করব,Strongly Negative,Bullying,83,18
জায়েদ কে জিবনে পথম নাম শুনলাম এই গাজায় খোর কি বলে ওই নিজে জানে না ওর সাথেতো আরক বলদ তো আছে ওর কথা আর কি বলবো,Negative,Bullying,108,26
ধন্যবাদ   ঈদ মোবারক,Strongly Positive,Unbiased,19,3
হাসি পায় Facebook এই সব video দেখে। বাংলাদেশের চলচ্চিত্রের আজ নিকৃষ্ট মানের সিনেমা বানানো হচ্ছে যার জন্য এইসব আউল ফাউল নিম্ন মানের হিরো দিয়া ভরে গেছে। যার জন্যে হিরো আলমের মত লোক আজ নিজেকে হিরো দাবি করে চিন্তা করছে বাংলাদেশ চলচ্চিত্র আজ কোথা ডাষ্টবিনের ময়লায়।,Strongly Negative,Bullying,259,45
"তুই এখনো মরিস নাই? বেয়াদব!  .তোর নাম #সাফা  এর বদলে #সেফুদা রাখলে ভালো হতো....অন্তত মেনে নিতাম তুই মদ খায়া মানুষ হবি....তুই যেহেতু কিছু না দেখে বিশ্বাসী না, আমিও তোর #বাপে বিশ্বাসি না..",Strongly Negative,Bullying,185,32
"প্রিয়া সাহা রাষ্ট্রদ্রোহী জাতীয় বেঈমান, মিথ্যা তথ্য দিয়ে বর্হিবিশ্বে বাংলাদেশর সুনাম বিনষ্টকারী প্রিয়া সাহার ঠাঁই বাংলাদেশে নাই কুত্তির দৃষ্টান্ত মূলক শাস্তি চাই !",Negative,Bullying,163,23
খানকির দুই গালে জুতা মারো তালে তালে,Strongly Negative,Creepy,35,7
এর জানাযা দেয়ার দরকার নেয়।।,Strongly Negative,Creepy,27,5
তাইলে তো তোমার খবর আছে,Strongly Negative,Creepy,22,5
ভালোবাসা অবিরাম ♥,Strongly Positive,Unbiased,17,3
আপনি সত্যিই জিতছেন...,Strongly Positive,Unbiased,21,3
"ফেইসবুক ইউজ করা কি বাংলাদেশের কালচার? এত যে কালচার কালচার করছেন আপ্নারা এখানে নিজের প্রয়োজন মেটানোর সময় কতটুকু কালচার মানেন? সবকিছুতেই উন্নত বিশ্বকে ফলো করি আমরা, অথচ নিজের দেশের কোনো সেলেব্রিটি ওদেরকে ফলো করলে আর আমাদের ভালো লাগেনা। কেন রে ভাই?",Negative,Unbiased,245,41
হিরো আলমের জুতার সমান নাই জায়েদ,Strongly Negative,Creepy,31,6
এখন বাঁচার জন্য শেখ হাসিনাকে অনুপ্রেরণা হিসেবে সামনে আনছে।দালাল তুই বড় দালাল,Strongly Negative,Bullying,76,12
আপির পেং কই!(বেঙ্গলী)বাট বাল অনেক বড়. ( হিন্দিতে)কিপ ইট আপ (ইংলিশ),Strongly Negative,Bullying,66,11
সাফা তুমি আমারে বিয়া না করলে আমি কিন্ত অন্য কাউরে বিয়া করুম। তখন কিন্ত কাদতে পারবা না:/,Negative,Bullying,87,17
অশিক্ষিত মানুষ সেটা বোঝাই যায়।,Negative,Bullying,30,5
আপনার স্বামী কই,Strongly Negative,Creepy,15,3
আমার জুতা তোমার গাল...ঠাস ঠাস ঠাস.....,Strongly Negative,Creepy,38,6
মরবি কবে,Strongly Negative,Creepy,8,2
"আপনার আইডি হেক করছেআপু একটা কাজ করেন আপনে কালকে হরতাল ডাকেনকেন জানেন? কারন আপনার পাশে আল্লাহকে তো পাবেন না পাবলিকও পাবেন না,,আপনে একা একা রাস্তায় নাইম্মা হরতাল করেন,আপনাকে জুতা দিয়া বাইরানের জন্য ছাত্রলীগের দরকার নাই,, পাবলিক আপনার পিছনে টিশ টিশ করে মেরে বাসায় পাঠাইয়া দিবে",Strongly Negative,Creepy,273,45
মানুষ পাগলত তর নাটক দেকব,Negative,Bullying,24,5
তারপর যা দেখলাম রাসেল ভাই ফটোগ্রাফার এর অনেক ধৈর্য্য,Negative,Bullying,52,9
হিজলা বালা সাহা,Strongly Negative,Bullying,15,3
বড় ছাগল টা এই কোরবানিতে হাটে উঠাবো,Negative,Bullying,34,7
তোরে তো সামনে পেলে ছেড়া জুতা পেটা করতাম।।,Strongly Negative,Creepy,41,8
মাশাল্লাহ।!!!!,Strongly Positive,Unbiased,14,1
পুরোনো নাটক।। ,Neutral,Unbiased,14,2
"অহ ,আহারে তুমিতো টপ ফ্যান।। তুমি না করলে হপে??",Neutral,Unbiased,46,9
অনেকেই আছে বাংলাদেশে চাকরি বা ব্যবসা-বাণিজ্য করে আর ওই টাকা দিয়ে ইন্ডিয়ার আত্মীয়-স্বজনদের মাধ্যমে সেখানে নিজের নামে জমি-জমা কিনে।একসময় সে স্বেচ্ছায় চলে যায়। এদের সংখ্যা কিন্তু অনেক। প্রিয়া সাহার কি এই পরিসংখ্যান জানা আছে?,Neutral,Unbiased,221,34
কমেন্ট পড়ে ভালোই বিনোদন পেলাম!,Neutral,Unbiased,31,5
"মেসেজ পড়তে আসলাম,দেখি কে কত গালি দিতে পারে। আমি পয়েন্ট দিমু।যে সবচেয়ে বেশি নাম্বার পাবে তাকে দেওয়া হবে একটি সুন্দর আন্ডারওয়ার।",Neutral,Unbiased,126,21
ছেলেটা কে ভাই?,Neutral,Unbiased,14,3
"সঁপল হোন,,,,",Neutral,Unbiased,12,2
অভিনন্দন!,Positive,Unbiased,9,1
অনন্ত ভাই আপনার জন্য দোয়া আর ভালোবাসা রইলো ❤,Positive,Unbiased,44,9
সম্পূর্ণ  সহমত স্যার।,Positive,Unbiased,21,3
ভাই আপনিও ভালো থাকুন। ,Positive,Unbiased,22,4
"সুন্দর হউক বাংলা নাটক, বেঁচে থাকুক বাংলা সংস্কৃতি. বেঁচে থাক তুমি",Positive,Unbiased,65,11
এধরনের একটি প্রশ্নের উত্তর দিয়েছেন আসিফ মহিউদ্দীন৷ পাবেন এই লিংকে: http://dw.com/p/1Gghk,Positive,Unbiased,88,11
ফেইসবুকে ক্ষমা চাইলে কি আল্লাহ ক্ষমা করে দিবে সবাই শুধু দোয়া ক্ষমা এখন ফেইসবুকে চায় বুঝালাম না,Neutral,Creepy,94,17
মাশারাফির প্রিয় রং সাদা,Neutral,Unbiased,23,4
এই মুহূর্তে প্রতিটি গ্রামে ক্যাম্প করে সরকারি রেশনিং মূল্যে নিত্য প্রয়োজনীয় সামগ্রী বিক্রির ব্যবস্থা করলে মনে হয় গরীবদের উপকার হতো।,Neutral,Unbiased,131,20
ওরা তো সাংবাদিক না ওরা সাংঘাতিক।,Neutral,Unbiased,32,6
এমন পিক তুলার পর ফটোগ্রাফার ঠিক ছিলো?,Neutral,Unbiased,37,7
ও তেরি,Neutral,Unbiased,6,2
"অবগত নই, জানার ইচ্ছে বশতঃ প্রশ্ন-ডোনাল ট্রাম্পের কাছে মিথ্যে অভিযোগকৃত প্রিয়া সাহার ভিড়িওটি কিভাবে পাওয়া গেল?? কোন খবরে কি তা প্রকাশ করা হয়েছিল?? ডোনাল ট্রাম্পের কাছে যেসব অভিযোগগুলো উপস্থাপিত হয়, তা কি ট্রাম্পের পক্ষ হতে প্রকাশ হয়?? বিষয়টি কেউ যদি একটু বুঝিয়ে দিতেন-",Neutral,Unbiased,267,43
মানুষ বাঁচলে দেশ বাঁচবে,Neutral,Unbiased,23,4
গতকাল যারা বাজে কমেন্ট করেছিলে আজ তারা গণহারে মাশাল্লাহ বলে লাভ্রিয়েক্ট দিয়ে যাও❤,Strongly Positive,Unbiased,81,13
হোম কোয়ারান্টাইনে থাকা এক ব্যক্তি সড়ক দুর্ঘটনায় আহত হয়েছেন!,Negative,Unbiased,59,9
বাংলা থেকে একে বিতারিত করা হওক,Negative,Unbiased,30,6
এই রকম নাস্তিকের ফাসি চাই,Strongly Negative,Creepy,25,5
সমস্ত ছেড়া জুতা এক করো বাঙালি ওই জুতো দিয়ে সবাই মিলে পিটানো হবে ওকে,Strongly Negative,Creepy,69,14
"অবশেষে বুঝলা তুমি বাংলাদেশে আছো,, আর এদেশের বাঙালিরা রড যেমন দেয় বাঁশও তেমন দিতে জানে।।",Strongly Negative,Creepy,87,15
ভাই ভালো হয়ে যান,Negative,Bullying,16,4
ছিড়া প্যান্ট রোজার মাসে বাদ দেন,Negative,Bullying,31,6
এরে চুতমারানি তোর তো অনেক সাপোর্টার আছে সেটা জানোস না তুই কেমনে এই পর্যন্ত আসচোছ আল্লাহ যদি না চাইতো আল্লাহ যদি তোরে কানা বানাইতো এই পর্যন্ত আসতে পারতি আবার বলস পরকাল বিশ্বাস করোস না। আমার মনে হয় তো তোরে এই দেশ ছাড়া করা দরকার। পালতু।,Strongly Negative,Bullying,233,45
জায়েদ  খান না ভাই  ওর নাম  হল  লুচ্চা  খান,Strongly Negative,Bullying,42,9
"এই কুলাংগারকে বাংলাদেশ থেকে বিতারিত করে তসলিমা,সানি লিওনির কাছে পাঠিয়ে দেওয়া হোক।",Strongly Negative,Creepy,81,12
হায়রে মানবতা কিছুই বলতে চাই না শুধু ধিক্কার  জানাই,Strongly Negative,Creepy,50,9
বেশীর ভাগ মানুষই মিথিলাকে ঘৃনা করছেন আবার তাকে ফলোও করছেন ,Negative,Unbiased,58,10
আশ্চর্যজনকভাবে এতগুলো কমেন্টের ভিতর এখনো কোন হিন্দু ধর্মাবলাম্বীদের কমেন্ট পেলাম না।বাহ্.....তার মানে বাংলাদেশের হিন্দু সমাজ ও প্রিয়া সাহার সাথে সহমত।তালিয়া হবে তালিয়া।,Negative,Unbiased,168,22
তর জন্ম টা বেজাল,Strongly Negative,Bullying,16,4
কাঙালী শালা,Strongly Negative,Bullying,11,2
হুযুর হয়েছে শয়তান,Strongly Negative,Bullying,17,3
হারামজাদী কে ডাকার মানে কি?,Strongly Negative,Bullying,27,5
"জাহেদা খাতুন তো বোকাচদ্দা নায়িকা,,,,,  সালা বোকাচদ্দা জুতা মারি জাহেদা খাতুন কে",Strongly Negative,Creepy,79,12
কুত্তা মহিলাটারে জুতা পেটা দরকার,Strongly Negative,Creepy,32,5
আল্লাহ ক্ষমাশীল ও পরম করুনাময়। মাফ চাইলে আল্লাহ ইনশা আল্লাহ মাফ করে দিবেন।তবে আপনি ইসলাম গ্রহণ করেন বা ছাড়েন সেটা সম্পুর্ন আপনার নিজস্ব চিন্তা চেতনা এখানে জোরাজুরির কিছু নাই। আল্লাহ আপনাকে হেদায়েত দান করুন,Strongly Positive,Unbiased,205,34
অবশেষে শয়তান বোরকার তলে!,Negative,Unbiased,24,4
ড.কামাল জাতীয় বেইমান,Negative,Unbiased,20,3
আমি তোরে ফলো করতাম  কারন তুই আমার ক্রাস ছিলি কিন্ত এখন থেকে ক্রাস তো দূরের কথা সামনে পাইলে তোরে জুতা দিয়া পিটাই তাম  ফাজিল ফালতু কোথা কার সাফা তুই তো নাস্তিক,Strongly Negative,Creepy,157,31
জায়েদখানে কে আমি চিনিনা কিন্তু  হিরো আলম   ভাই  হল গরিবের বন্ধু  আমি মনে করি তুদের ছেয়ে ওর  মনটা অনেক বড় আর তারা হিরো নামের লুচ্চা  তাই ওকে  হিংসা  করছ শালা  চুটু লুক জায়েদ  খান  না তুই বাল,Negative,Bullying,189,37
হে আল্লাহ তুমি এই জানোয়ার কে দুনিয়ায় জীবিত থাকতে বুঝিয়ে দাও সৃষ্টি কর্তা আছে কিনা!!!,Negative,Bullying,84,15
ও ভাই থামেন সবাই তো সমালোচনাই করতাছে। যেমন ছবি থেমন কমেন্ট করতাছে।,Negative,Bullying,66,12
"ঠেলার নাম বাবাজি,তোর মত ফালতু মেয়ে আমাদের দেশের জন্য কলঙ্ক, লাইভ এ বসে বলে বিশ্বাস করেনা আর স্ট্যাটাসে বিশ্বাস করে,বেঈমান",Strongly Negative,Bullying,121,20
সাফা কে সামনে পাইলে  দিয়া পিটাই তাম,Strongly Negative,Creepy,35,7
এর আবার ভক্ত কে?,Strongly Negative,Creepy,16,4
"যারা যারা পরের সমালোচলা করতে ব্যস্ত হয়ে পড়েন,,,আগে নিজের চরিত্র,,, ও ঘরের বেড়া আছে কিনা ভালো করে দেখেন,,, কেউ ভূল করলে তার ভূল দরিয়ে দিন,,, সেটা না করে কাটা গায়ে লবনের ছিটা মারে,,এমন মাদারছোদ দের জুতাপিটা করা দরকার,,,সালার বেটারা,,,",Strongly Negative,Creepy,232,39
তোকে জুতা মারা উচিত,Strongly Negative,Creepy,19,4
বদমাশ,Strongly Negative,Bullying,5,1
হারামজাদী ,Strongly Negative,Bullying,10,1
নীরব ও গোপন দান আল্লাহর নিকট বেশী প্রিয়।,Strongly Positive,Unbiased,40,8
বাবা  মা কোরান হাদিস সম্পর্কে ঠিকমত শিক্ষা দেয় নাই সেজন্য এইকথা বলতেছে,Negative,Unbiased,70,12
হেতেরে দেহার পর মনটা কইতাছি এমন করি। ,Negative,Unbiased,37,7
"আনেন বেশি করে গাজা খান খালাম্মা,,,,,,",Strongly Negative,Bullying,37,6
"ওর সবই নস্টামি,,",Strongly Negative,Bullying,16,3
একটা ছাগী আছে.!!,Negative,Bullying,16,3
ফালতু লোক জাহেদ,Strongly Negative,Bullying,15,3
তুই তো ওডা হাগল,Strongly Negative,Bullying,15,4
নতুন আরেকটাকে খাওয়ার ধান্দা,Negative,Creepy,27,4
অামাদের বাংলাদেশে এমন মালের কদর করতে পারছে না যেমনটা সানি লিওনদের হয়,Negative,Creepy,68,12
এই মাগি আমার টা পরোস না কেরে,Negative,Creepy,28,7
এই মাগি এই মাগি,Negative,Creepy,15,4
এইমাগি,Negative,Creepy,6,1
কিরে মাগি,Negative,Creepy,9,2
খানকির জিয়ে তো নামাজ পরেনা,Negative,Creepy,26,5
দরু মাগি কথা কস না কে,Negative,Creepy,21,6
ডিজিটাল প্রস্টিটিউট,Negative,Creepy,19,2
মাগীদের কথা না বলি,Negative,Creepy,18,4
কন্ডম দুর্ঘটনার ফসল এগুলা,Negative,Creepy,25,4
"ক্যারিয়ার বাঁচাতে এখন ধর্মের আশ্রয় নিচ্ছে, এইসব মাগীদের বর্জন করুন ওর পেজ এ এত ফলোয়ার কেমনে থাকে এখনো বুজিনা",Negative,Creepy,108,19
চুদির বেটি কয়কি??,Negative,Creepy,17,3
"তোর বুকে দিলাম লাথি, আর মুখে দিলাম থুথু এবং পাচায় দিলাম চার রাস্তার মোরে আইকেউলা বাঁশ।",Negative,Creepy,86,16
দুদু দুইটা বের করে শুভেচ্ছা টা জানালেই পারতি। বেশ্যা কোথাকার,Negative,Creepy,60,10
পাগল চোদা,Negative,Creepy,9,2
তুই একটা কানখি মাগি,Negative,Creepy,19,4
ছেলুট আপনাকে,Positive,Unbiased,12,2
অাল্লাহ হেদায়েদ দিক,Positive,Unbiased,19,3
ডঃ কামাল একজন সংবিধান রচয়িতা। বাংলাদেশের একজন গুণী ব্যক্তি।,Positive,Unbiased,60,9
আল্লাহ সহায়হোন আগামী দিনগুলি পারকরতে।,Positive,Unbiased,37,5
লায়লা আপু দোয়া রইলো আপনার জন্য,Positive,Unbiased,30,6
ছালাম আপনি অনেক জায়গায় এন বিতরন করছেন আললাহ আপনাকে অনেক ভাল রাখুক আপনার পরিবার কে ভাল রাখুক আমি কোথাও কোন এন পায়নি আমার সাসী ডেলি রোজগার এখন সব কাজ বনদ আমার দুইটা বাচছা আছে আপনি একটু আমাকে সাহায ঠিকানা হল বিটাক হরিমনদির ,Positive,Unbiased,220,42
অথচ হিরো আলম কে দিয়ে জাহিদ কে চিনলাম।এগুয়ে যাও হিরো আলম,Positive,Unbiased,55,11
"পাছা গভীর আপু,,,ওপসসস,,,সরি,,,সাফা কবির আপু,,,প্লিজ তুমি সবাইকে দেখিয়ে দাও যে তুমি একটা মেয়ে,,,ওরা কেউ ই না দেখে বিশ্বাস করতেই চাইছে না যে তুমি একটা মেয়ে,,,প্লিজ পাছা গভীর আপু তুমি অতি তাড়াতাড়ি একটা লিংক বের করো,,,,তোমার এই অপমান আমার আর সহ্য হয় না,,,",Neutral,Creepy,251,42
ওর কষ্টমার এখন অনেক বেশি,Neutral,Creepy,24,5
আসিফ সাঈদ মাল,Neutral,Creepy,13,3
বাংলা ছবি দেখে কে? একটা বাংলা নাটকে একদিনে লাইক পড়ে 30k আর একটি বাংলা ছবির লাইক পড়ে এক মাসে 1k। তবে best of luck Hero Alam,Positive,Unbiased,122,26
ক্যারেকটার গুলো ছিল ভিন্নধর্মী এবং ক্যারেক্টার এর জন্য পারফেক্ট ম্যান চয়েজ করা ছিল চ্যালেঞ্জিং । আপনি হচ্ছেন সে সেই চ্যালেঞ্জার যে কিনা   অসাধারণ অভিনয় দিয়ে দর্শক হৃদয় হরণ করেছেন। Really we feel proud of you.......,Positive,Unbiased,218,35
"এ নাটকের কনসেপ্ট সত্যিই অসাধারণ, আর অভিনয় সেটা বলার অপেক্ষা রাখে না!!!!!",Positive,Unbiased,73,12
শেষ ফিনিশিং টা দেখে চোখের পানি আর ধরে রাখতে পারলাম না,Positive,Unbiased,53,11
ভালো ছিল!,Positive,Unbiased,9,2
কেউ যদি ভুল করে নিজের ভুল বোঝতে পারে এবং অনুতপ্ত হয় আল্লহ্ নিশ্চয় অনুতপ্ত কারিকে পছন্দ করেন.. আল্লাহ্ ক্ষমাসিল ও অতি দয়ালু ..আল্লাহ্ আপনি আমাদের সবাইকে হেফাজত করুন ও হেদায়েত রহমত দান করুন আমিন .....,Positive,Unbiased,198,35
"আমাদের উত্তর ধীরাশ্রমে হিন্দু ছিল না,এখন ৭থেকে ১০ টি পরিবার জমি নিছে,তিনটি পরিবার বস বাস করছে।",Negative,Creepy,94,16
আপা ক্ষমা করার মালিক আল্লাহ ❤️আপনি এখন পোস্ট করেছেন আপনের ক্যারিয়ার বাঁচাতে মানে মুখে মুখে ✌️সব মানুষ বুঝে।এর পরেও যদি আপ্নের মন থেকে অনুশোচনা আছে আল্লাহ আপনাকে ক্ষমা করবেন ✌️,Negative,Creepy,176,30
হিরো কনডমের মত পাতলা এবং ভরসা নেই,Negative,Creepy,33,7
আলহামদুলিললাহ ,Strongly Positive,Unbiased,14,1
জায়েদ  কোন  চ্যাটের  বাল,Strongly Negative,Bullying,24,4
অসভ্য ছোট লোক মহিলা তোর আইডিতে আসতে হবে কোনদিন ভাবি নাই...তুই আবরার এর নামের বানান পারিস না আবার ওকে নিয়ে পোস্ট দেস....ওই পোস্ট টা পাবলিক কর,Strongly Negative,Creepy,140,26
সালা কুকুরের বাচছাকে যে যেখানে পান।জুটা দিয়ে সবাই পিটান।,Strongly Negative,Creepy,56,9
আমি সকলের কাছে অনুরোধ করছি.  এই নাস্তিক কে দেশ থেকে ঝাড়ু পেটা করে জুতার মালা পড়িয়ে দেশ থেকে বিতাড়িত করা হোক.,Strongly Negative,Creepy,108,21
কিরে ভাই তোর কি মরার ভয় নাই..?,Strongly Negative,Creepy,30,7
জুতা পিটা কর সালার জায়েদ হালারে।,Strongly Negative,Creepy,32,6
আপু চেহারার এই হাল হলে কেও আর ফিরে ওওওও তাকাবে না।,Negative,Bullying,50,11
তামাশা ;),Negative,Unbiased,9,2
বেকুব মাইয়া,Negative,Bullying,11,2
"আপনির পেশাটাই তো ভুল পেশা। আবার বলেন যদি কোনো ভুল করে থাকেন,,, মাথায় কি কোনো সমস্যা আছে আপনার?? আচ্ছা আপনারা যারা চলচিত্রের সাথে জড়িত তারা এতটাই আবাল যে ইসলামের খুব সাধারণ আর মৌলিক বিষয়গুলাই জানেন না?? আল্লাহ বা ইসলাম কি এসব কাজের  বৈধতা দিয়েছে?? কেন আব্লামি করেন মুর্খের মত।",Negative,Bullying,279,49
"পাগল ছাগল সব ছবি করে, হাইরে বাংলাদেশ,",Negative,Bullying,37,7
আচ্ছা ভাই আমরা তো জানি আমাদের পরকাল আছে আমরা বিশ্বাস করি বতমানে দেশের অবস্তা এমন হোয়েছে মনে হয় কেয়ামত বেশি দুরে নয়,Strongly Negative,Creepy,114,22
"আমি পরকাল বিশ্বাস করিনাঃ- সাফা কবিরনতুন নাস্তিকের আমদানি, জুতা মারো তার গালে।",Strongly Negative,Creepy,77,12
আগে অনেক বড় ভক্ত ছিলাম এখন আর ভক্ত তো দূরের কথা ওর চেহারাই আমি দেখুম না আনলাইক এন্ড ফ্রেন্ডস পারলে রিপোর্ট করেন এই পেইজটা কে।,Strongly Negative,Creepy,125,25
আগে মর তারপরে বুঝবি।,Strongly Negative,Creepy,20,4
তথ্য উপদেষ্টার প্রতিক্রিয়া খুবই তাৎপর্যপূর্ণ। প্রিয়া সাহা ভয়ংকর মিথ্যাচার করেছেন।,Negative,Unbiased,81,10
ভালবাসা অবিরাম ❤❤❤,Strongly Positive,Unbiased,18,3
"আলহামদুলিল্লাহ, তবে বর্তমানে এমিপ হবার নেশায় আসক্ত এসব করেননি এটাই মনে করি।কখনও সুযোগ আসলে পরে ভাববেন। কারন এমপি হলে ভালোবাসায় ঘাটতি হতে পারে।",Strongly Positive,Unbiased,142,23
মাশাআল্লাহ! হয়ত শিশুটা জনাব মিজানুর রহমান আজহারীর মাহফিল দেখেনী। দেখলে হয়ত তা অনুকরন করে সঙ্গীদের নিয়ে একটা মাহফিলের আয়োজন করে ফেলত।আল্লাহপাক তাকে কোন মাহফিল দেখার তওফিক দান করুক।,Strongly Positive,Unbiased,179,28
পাগল হিরো আলম,Negative,Bullying,13,3
"বজ্জাত,,মরি ল বুজবি!!!",Strongly Negative,Bullying,22,3
একেই বলে অল্প বিদ্যা ভয়ংকরী। এক কথায় সে মূর্খ বিদায় এই কথা বলছে। সে কখনো তার অঙ্গরুহ বা তার বডির যন্রাংশ সম্পর্কেও জানে না ও গ্রহ নকত্র সম্পর্কেও জানে না । সে কি ভাবে পরকালের খবর জানবে সত্যিই সে একটা বড় মূখ।,Negative,Bullying,207,42
জাহেদ একটা পাগল ওর চাইতে হিরো আলম ভালে,Negative,Bullying,38,8
এখনো সময় আছে এদেরকে জুতা মেরে বের করো বাংলাদেশ থেকে,Strongly Negative,Creepy,52,10
শালারে জুতার বাড়ি দাও,Strongly Negative,Creepy,21,4
ফেসবুক হ্যাক জন্য ক্ষমা চাইছো।নাটক করার জয়গা পাও না বুঝি। ও খানে করিস নাটক কিনতু ইসলামকে নিয়ে যদি নাটক করিস তাহলে জুতা দিয়ে মারয়ে সুড়া করে দিব।তুই খারাপ মন্তব্য করিস তাহলে মুসলিম জনতা প্রতিবাদ করে ফেসবুক হ্যাক। কালমা না পরে কিসে ক্ষমা,Strongly Negative,Creepy,234,42
জুতা মারা উচিত তরে..,Strongly Negative,Creepy,20,4
জুতা মারো সবাই সাফা সালিকে,Strongly Negative,Creepy,26,5
তোর মতো খানকির ফাঁসি হওয়া উচিৎ,Strongly Negative,Creepy,30,6
কুক্তি তোর ফাসি হওয়া উচিৎ,Strongly Negative,Creepy,25,5
এটা তোমার মত নষ্ট মেয়েদের দেশ নয়। এদেশে নব্বই ভাগ মুসলমান আছে  আর তুমি যা খুশি তা বলে যাবে  জুতা পিটা দেওয়া হবে,Strongly Negative,Creepy,111,23
জুতা মেরে গরু দানতুমি হাসাইছো সব নাস্তিকদেরআর কাদাঁইছো সব মুসলিমদের,Strongly Negative,Creepy,67,10
কতো বড় জানোয়ার বাচ্চা এটা।ওরে 100000 জুতা মারা দরকার,Strongly Negative,Creepy,52,9
ওরে জবাই দেয়,Strongly Negative,Creepy,13,3
সালি কুত্তার বাচ্চা,Strongly Negative,Bullying,19,3
ছাগলি,Negative,Bullying,5,1
আজকে তো কিছুই দেখা যাচ্ছে না.... হতাশ হয়ে ফিরে যেতে হলো...সালমান ভাইরে বলো তোমার বুকের ওপরে একটু তার হাত চালাইতে... আশা করি সে পারবে...,Negative,Bullying,135,24
একটা ছাগল কে ছেড়ে দিয়েছে?,Negative,Bullying,25,5
তার বিরুদ্ধে প্রতিটি জেলা জজ আদালতে রাষ্ট্রদ্রোহ মামলা হোক।,Negative,Unbiased,59,9
তোর মতো দশ টাকা দামের মেয়ের থেকে বেশী কিছু আশা করাটাই হলো বোকামী ।তোরে আবাসিক হোটেলেই বেশী মানায় ।ধর্মে-কর্মে নয় ।বন্যেরা বনে সুন্দর আর সাফা কবির পতিতালয়ে ।,Negative,Unbiased,158,28
ধন্যবাদ ক্যাপ্টেন ❤,Strongly Positive,Unbiased,19,3
লাভ ইউ ভাই,Strongly Positive,Unbiased,10,3
ধন্যবাদ প্রিয় আপা,Strongly Positive,Unbiased,17,3
আপনি আগে আপনার খামারের কর্মচারীদের চার মাসের বেতন দেন।,Strongly Negative,Creepy,54,9
"কমেন্ট ডিলিট করতে থাক, দেখি তুই কয়টা কমেন্ট ডিলিট করতে পারস",Strongly Negative,Creepy,59,11
"এই বাংলার জমিনে কোন নাস্তিক মাগির স্হান নেই,যেখানেই পাবেন সেখানে জুতা পেঠা করেন।",Strongly Negative,Creepy,80,13
আমার মতে ওরে নিয়া এত মাতামাতি না করে ...জুতার মালা দিয়া দেশ থেকে বের করে দেয়া হোক,Strongly Negative,Creepy,81,17
তর কপালে জুতা,Strongly Negative,Creepy,13,3
নাউজুবিললাহ এই কুকুরের বাছচা কে জবাই দেওয়ার মতাে কােন ইমান দার আছে কে। বাংলা দেশে,Strongly Negative,Creepy,81,15
ওর হুগায় কেও গরম কারেন্ট দে,Strongly Negative,Creepy,27,6
মার্ক জুকারর্বাক মামা তোর হাতে ধরি একটা জুতা রিয়েক্ট বের কর  প্লিজহাহা রিয়েক্ট আর পোষায় না,Strongly Negative,Creepy,90,16
সুদীপ্ত সরকার je somoy tela khaba sei somoy bujba,Strongly Negative,Creepy,49,9
তুই একটা নাস্তিক। ২য় তছলিমা নাছরিন।তুরে জুতা মারা দরকার হান্কি,Strongly Negative,Creepy,62,10
ছাগলের তিন নাম্বার বাচ্চার মতো লাফায়,Negative,Bullying,37,6
পাগলের সেট বাংলাদেশে কত রকমের পাগল আছে এখন দেখি মেয়েরা পাগল হয়ে গেছে,Negative,Bullying,70,13
"উনি যে গাড়ি নিয়ে ফিরেছেন তার ব্রান্ড, মডেল কয় লিটার তেল খরচ হইছে, কোন জায়গায় থুতু ফেলছে, গাড়িতে চিপস না বিস্কুট খাইছে,পানি পান করছে কিনা এবং কোন কোকম্পানির পানি ছিল, কয়টা সেলফি তুলছে এইসব যদি বলতেন প্রিয় অসাংবাদিক ভাই।",Negative,Bullying,218,39
উনি কি নাসার মাধ্যমে চান্দে গেছিল নাকি!!,Negative,Bullying,40,7
আপা আন্নেরে সামনে পাইলে জুতা দিয়া বাইরাইয়া মাথার চারা ফাটাইয়া ফালাইতামনাস্তিক,Strongly Negative,Creepy,77,11
আমি সাফার একজন বড় ফ্যান চিলাম কিন্তু সেজে একজন বড় নাস্তিক আগে জানতাম না  আমার মোবাইল থেকে তার সব নাটক কেটে দিলাম জুতা মারি তুর গালে,Strongly Negative,Creepy,131,26
লাতি মারি বের করে দেওয়া হবে। বেয়াদব কোথাকার জুতা দিয়ে সুজা করে দেব।,Strongly Negative,Creepy,67,13
"আইছে বোদা মারানি,, এই বোদা মারানি কে ছিলা কুত্তায় ও চুদবে না",Negative,Creepy,61,12
"বাংলাদেশ গরু, ছাগল উৎপাদনের আদর্শ দেশ, ফেসবুক না থাকে জানা হতো না, এই জন্য খালেদা জিয়া ২০০১/২০০৫ পর্যন্ত ছাগল পালন করিয়ে বাংলাদেশের মানুষের ভাগ্য উন্নয়ন করতে চেয়েছিলেন, এখন বুঝতে পারলাম যে ছাগল দিয়ে ছাগল লাল পালন করতে চেয়েছিলেন।।।",Negative,Creepy,230,38
আল্লাহ! আমার ফেসবুক আইডি হ্যাক হইসে।।তুমার কাছে বিচার দিলামওই সবাই মুনাজাত ধর,Negative,Creepy,77,12
ইংরেজি চোদায়।,Negative,Creepy,13,2
"সাফা কবিরফকিন্নি চোদা শাওয়ার বাল তুমি কি তোমার বাপ মার হাংগা দেখছো,দেখোনি তাহলে সব এলাকার দারোয়ান গুলারে আব্বা ডাইকো,",Negative,Creepy,117,19
আন্তর্জাতিক পতিতার জানালা তো সবসময় খোলা ছিল।,Negative,Creepy,44,7
তাহলে লেংটা হয়ে ছবি দিলেই ত পারতেন,Negative,Creepy,34,7
বেশ্যা মাগী,Negative,Creepy,11,2
রমযান বেশি কিছু বলবনা তর মত মেয়েদের কারনে দেশ টা নষ্ট হইতাছে বেশ্যা রমযান মাসে ভাল হওয়ার চেষ্টা করি,Negative,Creepy,99,19
তোরে ছুদমু মাগি,Negative,Creepy,15,3
তোমাল তোতা কেও তোদে না...,Negative,Creepy,25,5
নুনু চুলকায়।,Negative,Creepy,12,2
বলছো কি।বাড়া,Negative,Creepy,12,2
সি তোমাদের জ্বালায় একটু পর্ন পিক ও দেখা যাবে না। এখানেও হাজির।,Negative,Creepy,62,12
আপনার নামটা চেঞ্জ হয়ে গেছে #পাছা_কবির,Negative,Creepy,38,6
আপনার নামটা চেঞ্জ হয়ে গেছে #পাছা_কবির.....,Negative,Creepy,43,6
আমরা কি কেনো খোলা দৃশ্য দেখতে পারবও?? ঐটার অপেক্ষায় রইলাম,Negative,Creepy,57,10
নাইচ টিটস,Negative,Creepy,9,2
তোর গোয়া দিয়া বাশ ঢুকাইবো,Negative,Creepy,25,5
আর ব্যাবস্থা নেয়া লাগবে না। এখন যা ব্যাবস্থা করোনাই নিবে। লিখে রাখেন আজ ২৩ মার্চ ২০২০। ২৩ এপ্রিল ২০২০ দেইখেন কেমন সাইজ চলে। আশা করি আমার কথাটা মিথ্যা হোক।,Neutral,Unbiased,154,29
জয় ভাই যে ভাবে বলে দিয়েছেন সে ভাবে ই হবে।,Neutral,Unbiased,41,10
কি সুন্দর নয় ছয় বক্তব্য?,Neutral,Unbiased,24,5
আক্কেলেই হোক আর আখখেতেই হোক- এর কোনোটিই ব‍্যাপক অর্থবহ উপমা না। বাউলদের গান এমনই হয়। তবে সুরসমূহ সবভাবেই সকলকে আকৃষ্ট করে।,Neutral,Unbiased,122,21
কয় শর্ট দিছো,Neutral,Unbiased,12,3
"তাহাকে কেউ পায়জামা,বেলাউজ কিনে দে...শালার গরিব",Neutral,Creepy,46,6
ইয়াছীন রিপন একে নিয়ে কোনো সমালোচনা করতে আমি ইচ্ছুক না,Neutral,Unbiased,55,10
ইয়াছীন রিপন এরা নিষিদ্ধ পল্লীর মেয়ে এদেরকে নিয়ে কি সমালোচনা করবো,Neutral,Unbiased,67,11
এই মেয়ে ভালো পোষাক নাই তোমার। পদা করো । এই সুন্দর রূপ ধ্বংস হয়ে যাবে ।,Neutral,Creepy,71,16
তোর বিচার পরকালের মালিক করবে।,Neutral,Creepy,29,5
"খোলা জানালা দিয়ে ঢুকবে তাহসান। খোলা দরজা দিয়ে ঢুকবে সৃজিত, খোলা ভ্যান্টিলেটর দিয়ে ঢুকবে ফাহামী।",Neutral,Creepy,95,15
"আচ্ছা,,, পাবলিক তো আপনার গোপন জায়গাগুলো দেখে নাই,,,তাহলে কিভাবে বুঝবে যে আপনি একজন মেয়ে,, ওরকম বুক ওচা আর লম্বাচুল তো রাস্তায় হেটে বেড়ানো হিজড়াদেরও থাকে,,,,রাগ করবেন না,,,আমি আপনার লাজিকটাই ব্যাবহার করলাম",Neutral,Creepy,204,31
আল্লাহ এদের হেদায়েত দান করুক!,Positive,Unbiased,29,5
ইনশাআল্লাহ চেষ্টা করবো,Positive,Unbiased,22,3
"হিরো আলম এগিয়ে চল।জনগণ আছে তোমার সাথে।হিরু আলম এগিয়ে চলো, আমরা আছি তোমার সাথে মিশা, জায়েদ নামে কাউকে আমরা চিনি না।",Positive,Unbiased,114,21
"ফটো টা খুব সুন্দর হইছে,,,,, ",Positive,Unbiased,28,5
আল্লাহ আপনার প্রতি রহমত দান করুক!!!  আমিন,Positive,Unbiased,41,7
প্রাণ প্রিয় মাননীয় প্রধানমন্ত্রী দেশরত্ন  জননেত্রীশেখ হাসিনার  বিকল্প বাংলাদেশে ও নাই বিদেশে ও নাই জননেএীর জন্য অবিরাম ভালোবাসা রইল।জয় বাংলা জয় বাংলা জয় বঙ্গবন্ধু।,Positive,Unbiased,163,24
মুখে ধোন ঢুকাইয়া দুধডি টিপতে হইবো,Negative,Creepy,33,6
তুই তো মাদারচোদ খাংকীমাগি,Negative,Creepy,25,4
তোর মতো মাগী মরলে তার পর বুঝবি পরকাল কি,Negative,Creepy,39,9
ওগো মতো বেশ্যার মুখথেকে আর কি আসা করাযায়,Negative,Creepy,40,8
অভিনন্দন আপনাকে,Strongly Positive,Unbiased,15,2
জোস একটা গল্প দুর্দান্ত অভিনয়... অনেক শুভ কামনা।,Strongly Positive,Unbiased,48,8
মহামূল্যবান খবর!  বিবিসিতে লাইভ দেখাচ্ছে ,Strongly Positive,Unbiased,41,5
বাজে মেয়ে,Negative,Unbiased,9,2
"পরিষ্কার কথা ইলামের নামে যারা নাটক করবে তাদেক বিতাড়িত করে ছাড়ব ইনশাল্লাহ। সাফা কবির কে উদ্দেশ্য করে বলছি ফেসবুক হ্যাক হয়েছে  তাই তুই ক্ষমা চাইসিস, নাটক বন্ধ কর",Strongly Negative,Creepy,159,28
জুতা মারার রিয়েক্ট থাকলে খুবই ভালা হইত,Strongly Negative,Creepy,38,7
আপনাদের ধন্যবাদ বহিষ্কার করার জন্য।,Strongly Negative,Creepy,35,5
বেশ্যা মাগীর ফাঁসি চাই সরকারের কাছে,Strongly Negative,Creepy,35,6
তোকে ফাঁসি দেয়া উচিত মাগী,Strongly Negative,Creepy,25,5
একে দেশ থেকে বিতারিত  করা  হোক,Strongly Negative,Creepy,30,6
"তুকে জুতা মারি, বেশ্যা।",Strongly Negative,Creepy,23,4
তরে কুট্টাইলবাম,Strongly Negative,Creepy,15,2
তবে তর কপালে সনি আছে,Strongly Negative,Creepy,20,5
নাস্তিকের গালে গালে জুতা মার তালে তালে,Strongly Negative,Creepy,38,7
শালায় একটা নাস্তিক শালারে আগুন লাগায়া দে,Negative,Unbiased,40,7
নব্য নাস্তিক! যিনি পরকালে বিশ্বাস করেন না! আর উনার যুক্তি যা দেখেন না তা বিশ্বাস করেন না! এখন কিছু প্রশ্ন থেকে যায়! আপনি তো আপনার সেন্স ও দেখতে পান না তাহলে কি আপনি সেন্সলেস! মাথামোটা টাইপের অভিনেত্রী! কোনো কমন সেন্সটাও নাই! ওহ সরি আপনার তো সেন্সই নাই আবার কমন সেন্স!,Negative,Unbiased,267,50
অতঃপর  আরো  একজন নব্য নাস্তিক এর জন্ম নিল বাংলাদেশে,Negative,Unbiased,51,9
তা হলে কাফের,Negative,Unbiased,12,3
আবার নতুন নাস্তিকের পরিচয়,Negative,Unbiased,25,4
কিছু কিছু পোলারা আছে ধুদ বাইর করা ছবি পাইলে বলে নাইছ আর এ ওগো নাইছ মা বলে জুতা মার,Strongly Negative,Creepy,82,19
খুবই ভালো উদ্যোগ শ্রদ্ধা আপনাদের প্রতি।,Strongly Positive,Unbiased,39,6
ভাই রে ভাই!কি কবিতা রবীদা বেচেঁ থাকলে নির্ঘাত ফাসি লইতো,Strongly Negative,Creepy,55,10
"সাফার উদ্দেশ্যে-->আরিফ আজাদের লেখা মনে পড়ে গেল""আপনি কি আপনার মা-বাবাকে যৌণ সঙ্গম করতে দেখেছেন?না দেখে কিভাবে উনাদেরকে মা বাবা মেনে নিচ্ছেন??আপনার মা কে জিজ্ঞাস করে নিয়েন যাকে আপনি বাবা ডাকছেন উনি আপনার আসল বাবা কিনা,নাকি অন্য কেউ আছে??কারণ আপনিতো না দেখে কিছু বিশ্বাস করেন নাহ...",Negative,Bullying,279,45
কুত্তার পেট থেকে জম্ম নিলে এই রকম মনে হবে???,Strongly Negative,Bullying,44,9
"জায়েদ খান কে হিরো আলমের কারনে আমি চিনলাম জায়েদ খান আসলে কি করেন ভাই জায়েদ খান গার্মেনটসের হেলপার,সালা টোকাই কোথাকার  ধন্যবাদ",Negative,Bullying,127,21
ওর মা কুত্তা দিয়ে করে ওরে বানাই ছিলো,Strongly Negative,Bullying,36,8
"এর ক্ষমা হয়না,,,, চাপে পরে ক্ষমা চাওয়া আর না চাওয়া একই কথা,,,",Strongly Negative,Creepy,61,12
এই সব জানোয়ারের বাচ্চাকে ফাসি দিয়ে মারা হোক,Strongly Negative,Creepy,43,8
এইসব জানোয়ারের বাচ্চাকে ফাসি দিয়ে মারা উচিত,Strongly Negative,Creepy,43,7
খানকিমাগী কিতা কয়  জুতা মারি তোরে আগে অনেক পছন্দ করতাম এখন তোর থেকে পতিতাদেরও বেশি ভালো মনে হয়।,Strongly Negative,Creepy,95,18
তোদের মত নাস্তিকদের জুতা মেরে দেশ থেকে বের করে দেয়া উচিত,Strongly Negative,Creepy,56,11
এই নস্তিকের বাচ্চার ফাসি ছাই,Strongly Negative,Creepy,28,5
তোমার নাটক আজ থেকেই শেষ ।।।রমজান মাসে তোমার নাটক আর ইসলাম নিয়ে কোনো অনুষ্ঠান দেখলেই জুতা মারমু,Strongly Negative,Creepy,94,17
ওকে ছাফেত এর কাছে পাঠিয়ে দাওয়া তবেই সব বুজতে পারবো,Strongly Negative,Creepy,50,10
ধন্যবাদ বাংলাদেশ সরকারকে। আল্লাহ পাক আমাদের সকলের সহায় হোন।জয় বাংলা জয় বঙ্গবন্ধু।,Positive,Unbiased,81,12
হেবি্ব লাগছে!!!,Positive,Unbiased,15,2
আপনি আমাদের তারন্যের অহংকার লিডার,Positive,Unbiased,33,5
স্বাধীন দয়াল আমিও আছি গনতন্রের সাথে ।।,Positive,Unbiased,39,7
বাঘের বাচ্চা হিরো আলম,Positive,Unbiased,21,4
মিজানুর রহমান আল আজহারি বাংলাদেশের জন্য বড় এক নেয়ামত,Positive,Unbiased,52,9
"মাসাঅাল্লাহ দূরদর্শিতা সম্পূন্ন জ্ঞানী সরকারের ভালো উদ্যােগ,Stay at home keep safe from.covid19",Positive,Unbiased,95,12
"অপেক্ষায় রইলাম,,, তোমায় দেখবার",Positive,Unbiased,30,4
আপু আসসালামুয়াইলাকুম,Neutral,Unbiased,20,2
আপা আরেকটা অডি গাড়ি কবে লইবেন??,Neutral,Unbiased,31,6
একন পুদুইনা আর আদা দিয়ে রঙ চা বেশি জোস হবেদে হয়দে,Neutral,Unbiased,49,11
সে এখন কেমন বোধ করছে জাতি জানতে চায়,Neutral,Unbiased,35,8
নিউজে দেখলাম আপনার কাকড়া প্রতিষ্ঠানে কর্মরত শ্রমিকদের ৪ মাসের বেতন দিচ্ছেন না। এর কারন কি এবং বেতন কবে দিবেন?,Neutral,Unbiased,109,19
যেয়সাকো অয়সা মিলে  ,Neutral,Unbiased,19,3
আচ্ছা নিজেই নিজের নাম লিখল কেন? আমি বলা উচিত ছিল না?,Neutral,Unbiased,52,11
"বাপের বেটা হিরো আলম, ঐ শালা জায়েদ কে কে চেনে? ফকিন্নি...",Neutral,Unbiased,56,11
রোজা আছেন্নি আপু?,Neutral,Unbiased,17,3
সাকিব থাকলে ভালো হতো,Positive,Unbiased,20,4
বোন আপনি প্যারাডক্সিকাল সাজিদ বইটি পড়েন। ইনশাআল্লাহ আপনার সন্দেহ দূর হয়ে যাবে।আল্লাহ আপনাকে হেদায়ত দান করুক।,Positive,Unbiased,108,16
আপনাকে ভাদ্র মাসের শুভেচ্ছা ☺,Positive,Unbiased,29,5
"জাহিদ খান কে আমি তাকে তো চিনি না, হিরো আলম ভাইকে আজ অনেক দিন থেকে চিনি, আর হিরো আলম বাংলাদেশের হিরো,",Positive,Unbiased,100,21
আগুনে পুরবি রেডি থাকো,Strongly Negative,Creepy,21,4
সাফা খানকির জন্ম মনে হয় নটি বাড়িতে হইছে.. ও মনে হয় এক হাজার মানুষের চুদার  পর জন্ম নিছিলো.. খানকিতে,Strongly Negative,Creepy,99,19
জুতা মার সালিরে,Strongly Negative,Creepy,15,3
জাহিদের মুখে জুতা মারো সালা ওহংকারি মাদার চোদ,Strongly Negative,Creepy,45,8
"দুই দিনের বইরাগী ভাতেরে কয় অন্ন,,,,জুতা মার নাস্তিকটারে।ফ্যাশনের তালে পইরা সব ভুইলা গেছে।",Strongly Negative,Creepy,89,13
তাই প্যান্টের চেইন খুলে ভনভন করে নাচবো পুটকি মার্কা নিউজ ,Strongly Negative,Bullying,57,10
"সকাল সকাল কি তামাশা শুরু করলেন ,নোবেল ভাই?করোনা কালে শারীরিক দুরুত্ব বজায় রাখা উচিত।",Negative,Bullying,84,14
"মরার পর টের পাবেন সৃষ্টিকর্তা আছে কি নাই। দেখা হবে হাশরের ময়দানে। :) তবে, তাঁর আগেই যেন আল্লাহ আপ্নারে হেদায়েত দান করেন সেই দোয়াই করি, আমীন।",Negative,Bullying,140,26
ভাই আপনার বিকাশ নাম্বারটা দেন কিছু টাকা পাঠাই নতুন প্যান্ট কিনুন সুখে থাকেন,Negative,Bullying,75,13
মিলাদ মাহফিলে মিথ্যা দিয়ে শুরু।জিয়া নাকি বাংলাদেশের প্রথম প্রেসিডেন্ট???  হা হা হা,Negative,Unbiased,82,12
তুমি সবার চাইতে রূপসী ,Strongly Positive,Unbiased,22,4
মাসঅালাহ্,Strongly Positive,Unbiased,9,1
এই পোস্ট টা যে করেছে তাকে একটু দেখা দরকার সে কি আসলে মানুষ না মানুষরূপী জানোয়ার অন্য একটা কন্ঠ এডিট করে তার নামে চালাইয়া দেওয়া হইতেছে ওরে প্রকাশ্যে জুতা পিটা করে মারা উচিত অমানুষের বাচ্চা মানুষ।,Strongly Negative,Creepy,197,36
তেকে ৬মাসের ফাঁসি দেওয়া উচিত,Strongly Negative,Creepy,28,5
সরকারের কাছে দাবি এই জানোয়ারকে ফাসি দেওয়া হোক,Strongly Negative,Creepy,45,8
"খমা তো দুরে থাক, তোকে আল্লাহ জাহান্নামে জায়গা দিবে কিনা সন্দেহ আছে,,,,এক দিন আগেও যারা তোকে পছন্দ করতো খোজ নিয়ে দেখ আজ তারা তোকে সামনে পাইলে তোর মুখে জুতা পেটা করবে।",Strongly Negative,Creepy,165,31
বাংলাদেশ জাতীয় দলই কিছু করতে পারে না আর আপনারা নারী দল কি করবেন আমাদের জানা হয়ে গেছে,Strongly Negative,Creepy,84,17
তোদের মতো লোকদের ফাসি দেওয়া উচিত,Strongly Negative,Creepy,32,6
ছেড়া জুতা জোড়া,Strongly Negative,Creepy,14,3
"আগে মর,,,, তার পর খেলা হবে,,,,খেলা হবে",Strongly Negative,Creepy,38,7
জুতার বারি তোর কপালে বাজারের পতিতা,Strongly Negative,Creepy,34,6
এদের বেচে থাকার অধিকার নাই,Strongly Negative,Creepy,26,5
জুতা পিটা দিতে মন চায়,Strongly Negative,Creepy,21,5
"খুব পছন্দ করতাম, এখন এই জানোয়ারকে জুতা দিয়া পিটাইতে ইচ্ছা করতাছে",Strongly Negative,Creepy,64,11
কেয়ামতের আর বেশি দিন দেরি নেই,Strongly Negative,Creepy,29,6
খানকির কপালে জুতা মার,Strongly Negative,Creepy,21,4
জুতা মাইরা গুরদান এমন বিচার আমরা মানি না আপনি অবুঝ শিশু আপনি ১টা নাস্তিক তাই এরম কথা বলছেন আল্লাহ আপনার বিচার করবে সেই পরকালেই দেখে নিয়েন আল্লাহর কুদরত ধোপা কবির,Strongly Negative,Creepy,161,30
এটা যঘন্নো ঘৃনিত অপরাধ ।উপুযুক্ত তদন্তের মাধ্যমে বিচার হওয়া উচিত,Strongly Negative,Creepy,64,10
কোপ হবে,Strongly Negative,Creepy,7,2
সালা কুত্রার বাচচা অাসিফকে কতল করা ফরজ,Strongly Negative,Creepy,38,7
"না,এটা বলদ এর কথা",Strongly Negative,Creepy,17,4
এমন কিছু মানুষের জন্য লেটেস্ট গালি আবিষ্কার করতে হইব,Strongly Negative,Creepy,52,9
জুতা।মারলে।বুঝবে,Strongly Negative,Creepy,16,1
কুত্তি ফহিন্নি তোরে ট্রস ট্রস করে জুতা মারা উচিত.....,Strongly Negative,Creepy,53,9
তাইরে আমার কাছে আইনা দে ৮৬ কেজির মাইর দেই,Strongly Negative,Creepy,41,9
ওরে ফাসি দেওয়া হোক,Strongly Negative,Creepy,18,4
তোর মুখে জুতা মারি,Strongly Negative,Creepy,18,4
যখন মনে হয় তুই এই দেশের নাগরিক।  তখন ফাসি খাইরা মইরা যাইতে মন চায়।জিবনটা বেদনা,Strongly Negative,Creepy,78,15
তোর ঘালে জুতা মারি....বেহায়া,Strongly Negative,Creepy,28,4
নতুন নাস্তিকের উদয় হয়ছে। সব মুসলমান ভাই ও বোনদের দৃষ্টি আকর্ষন করে বলছি এই নাস্তিকের নাটক দেখা বন্ধ করে দিন। নাস্তিকটা মুসলমান দাবি করে আবার পরকাল belive করেনা। জুতা পেটা করা উচিত।,Strongly Negative,Creepy,180,32
নাস্তিক সাফা কবিরের নাটক দেখা সবাই বন্ধ করে দিন। জুতা পেটা করা উচিত। মাগি একটা।,Strongly Negative,Creepy,79,15
"তুই পরকালে বিশ্বাস করচ না আবার আল্লাহ কে কি বিচার দিবি,তোর বিচার তো আল্লাহ পরকালে করবেই,তোর ফেমেলির সবাই নাস্তিক,এখন থেকে তুই ও নাস্তিক হয়ে গেলি,মর শালির ঘরের শালি,জন সম্মুখে জুতা মারা এবং ডিম থেরাপি দেয়া উচিত তোকে,নষ্টা!",Strongly Negative,Creepy,221,37
এর পরিবার কে বাংলাদেশের নাগরিকতা থেকে বাদ দেওয়া হউক,Strongly Negative,Creepy,51,9
"আগে মর, তারপর ঠেলা বুঝবি",Strongly Negative,Creepy,24,5
অনবিলম্বে এই অবুঝ প্রানীর (পশুর) নাটক বয়কট করা হোক।,Strongly Negative,Creepy,51,9
আমি মুসলিম তাই বকাবকি  করে পাপ বাড়াব না। কিন্তুু তোকে কি ভাষায় বকা দেয়া দরকার  সেটা বুঝতে পারছি না। তুই মুসলিম জাতির কলঙ্ক।  তোকে জনমানুষের সামনে ফাসি দিয়ে কাফের  মেরে যারা  এখন কাফের আছে তাদের শিক্ষা দেয়া উচিৎ। ছি ছি ছি মুসলিম  হয়ে তুই এটা কি বললি নাস্তিক । আল্লাহ  তোকে বোঝার তৌফিক দান করুক।।,Strongly Negative,Creepy,294,55
রুবেল হোসেন মামলা করবে,Strongly Negative,Creepy,22,4
অচল মালের দোয়া নিলে তো ভালকারন তোরাও অচল হয়ে যাবি,Negative,Unbiased,49,10
পরকাল থাকলে খুনি অাসামীদের ইহকালে ফাঁসি না দিয়ে পরকালে শাস্তির বিধান বলবৎ রেখে...বিচারকেরা অাপাতত মৃত্যুদন্ড প্রদান থেকে দায়মুক্তি পেতো..তাই নয় কি?,Strongly Negative,Creepy,147,21
কিগো সাফা আফা    জুতা মাইরা গরু দান একটা কথা আছে।আপনি ঠিক ঐ রকম। প্রথমে পরকাল বিশ্বাস করেন না বলে দিলেন।আর এখন যখন মাফ চাইবেন তখন বলতাছেন আপনি আর আপনার আল্লাহ জানে।।।।।আপনি আসলেই একটা মাইয়া বটে।।। ছিঃShame on you....,Strongly Negative,Creepy,217,38
আগুন খাইলে আংরা বাহির হবে. বিশ্বাস করলেও পরকালে হিসাব দিতে হবে..  বিশ্বাস না করলেও দিতেই হবে  কিয়ামত এর পর হাশর ময়দানে সব্বাইকেই দাড়াতে হবে.,Strongly Negative,Creepy,140,24
বিচার চাই........,Strongly Negative,Creepy,17,2
জাহিদ খান হিরো আলম জুতা মস্ত রাখবে না,Strongly Negative,Creepy,37,8
আমাদের উচিত মানববন্ধন করে এই নাস্তিক সাফা কবির কে দেশ থেকে বিতাড়িত করা।আর সবাই ওর আইডিতে রিপোর্ট করেন।,Strongly Negative,Creepy,102,18
ইস্ অামি যদি পারতাম!,Neutral,Unbiased,20,4
শোকাহত। শ্রদ্ধা। আত্মার শান্তি কামনা করছি।,Neutral,Unbiased,42,6
"সুস্বাগতম। আপনার অনেক ভক্ত আছে আমার মত, তাদের সবাইকে বলে দিয়েন রক্তদানে এগিয়ে আসতে। বিশেষ করে, এই রমজানে মূমুর্ষূ রোগীরা খুব অসহায়ভাবে তাকিয়ে আছে আমাদের দিকে। রোজার দিন বলে কেউ রক্তদান করতে চায় না। আপনি একটু বলে দিলে সবাই মানবতার এই কাজে ঝাপিয়েঁ পড়বে। আপনিও অসহায়দের দুয়া পাবেন। সো প্লিজ-",Neutral,Unbiased,288,50
"আপনার অনেক অন্ধ ভক্ত আছে আমার মত, তাদের সবাইকে বলে দিয়েন রক্তদানে এগিয়ে আসতে। বিশেষ করে, এই রমজানে মূমুর্ষূ রোগীরা খুব অসহায়ভাবে তাকিয়ে আছে আমাদের দিকে। রোজার দিন বলে কেউ রক্তদান করতে চায় না। আপনি একটু বলে দিলে সবাই মানবতার এই কাজে ঝাপিয়েঁ পড়বে। আপনিও অসহায়দের দুয়া পাবেন। সো প্লিজ-",Neutral,Unbiased,282,50
"আপু- জাস্ট একবার রক্তদান করে সেই সেলফি আপলোড করেন, আপনার দেখাদেখি অনেকেই এগিয়ে আসবে রক্তদানে। প্লিজ- <3",Neutral,Unbiased,103,17
প্রমান হলো প্রধানমন্ত্রীর নির্দেশেই গ্রেফতার.....আবার প্রধানমন্ত্রীর নির্দেশেই মুক্তি !,Neutral,Unbiased,87,9
এতকিছু বলা হইলো দামটা বললে না,Neutral,Unbiased,29,6
"সে একজন নাট্য কর্মী, তার চালচলন সেরকমই হওয়ার কথা, তাকে বাংলাদেশের প্রকৃত রিসালতে দেখতে এত কৌতহল কেন? সে (মিথিলা) স্পষ্ট বিপথগামী, তা সে বোঝেনা কারন তার কর্ম তাকে এটাই উপযুক্ত করে রেখেছে।",Neutral,Unbiased,186,32
একজন মুসলমান নারী হিসেবে আপনি এই ধরনের মন্তব্য কিভাবে করলেন? আপনার কথা শুনে বোঝাই যাচ্ছিলো আপনি মন থেকেই এই কথা বলেছেন। সবাই যদি এই কথার বিরোধিতা না করতো তবে আপনি সবার কাছে ক্ষমা চেয়ে এই পোস্ট দিতেন না। আল্লাহ্‌ আপনার হেদায়েত দান করুন। আমিন।,Neutral,Unbiased,241,44
"বাসা দিয়া বের হওয়া ধরছিলাম,আপনি কইছেন তাই আর বের হইলামনা।বাসাতেই থাইক্কা গেলাম",Neutral,Unbiased,78,12
"সাফা কবির নাষ্তিক। কাফের, আল্লাহু  তাকে যেন জাহান্নামে নিক্ষেপ করেন। আমিন",Neutral,Unbiased,73,11
"ডয়চে ভেলে বাকস্বাধীনতার পক্ষে৷ আর আমরা শুধু নাস্তিকদের মতামত নয়, সবপক্ষের মতামতই তুলে ধরার চেষ্টা করছি৷ আমাদের নতুন আয়োজন #dwAlaap সম্পর্কে বিস্তারিত জানতে ভিজিট করুন: http://www.dw.com/alaap",Neutral,Unbiased,191,26
"দেশের সবচেয়ে বিস্স্তৃত ব্রডব্যান্ড ইন্টারনেট নেটওয়ার্ক, কার্নিভাল ইন্টারনেট সম্পর্কে বিস্তারিত জানুন! Visit now: https://carnival.com.bd/",Neutral,Unbiased,137,14
কমেন্ত পরে আমি ত শিহরিত.....,Neutral,Unbiased,28,5
"বছর শেষে ঝরা পাতাবললো উড়ে এসে ,১টি বছর পেরিয়ে গেলো হাওয়ার সাথে ভেসে।নতুন বছর আসছে তাকেযত্ন করে রেখোস্বপ্নগুলা সত্য করেভীষণ ভালো থেকো। শুভ নববর্ষ।~",Neutral,Unbiased,146,24
বাবার মতোই ।,Neutral,Unbiased,12,3
জানালা দিয়ে উকি দেয়ার পর!!Maruf Uddin Naiem Marzan Masum Montaj Anik Dutta,Neutral,Unbiased,75,12
মাস্ক কোথায়? ,Neutral,Unbiased,13,2
দিন্দাডের খবর কি বস?,Neutral,Unbiased,20,4
মুসলমান না হলে কোন সমস্যা নেই। তোমার জন্য দোজখের আগুন ই যথেষ্ট। তবে হ্যাঁ আল্লাহ তোমাকে হেদায়েত দান করুন।,Neutral,Unbiased,105,19
কেয়ামতের দিন আল্লাহ তায়ালা বলবেন যে গুলোর কোন দলিল ছিলনা সেই গুলো বিশ্বাস করেছো।আর কোরআন হাদিস ছিল আলেমরা দলিল দিয়ে কথা বলতো কিন্তু তোমরা বিশ্বাস করতে।তখন মানুষ বলবে আর একবার সময় দাও সব ইবাদত শুধু তোমার জন্য হবে।আল্লাহ বলবেন সময় শেষ।,Strongly Negative,Creepy,233,41
"বাল ফালা মালাউনের বাচ্চা, সামনে পাইলে মাথা আলগা কইরা হাতে দিতাম।",Strongly Negative,Creepy,64,11
"এই সকল অভিনেতাদের জন্য, বাংলাদেশ চলচ্চিত্রের এই অবস্থা, বাংলা চলচ্চিত্রের পর্দা তেকে এই সকল নাস্তিক কে, বহিষ্কার করা হোক,বাংলাদেশ সরকারের কাছে আমার আবেদন রইলো...... জয় বাংলা",Strongly Negative,Creepy,173,26
"বেশ্যা মায়ের মেয়ে,বেলুন দূর্ঘটনার জন্ম নাসরিন কেমন আছিস,গণপিটুনির সোদন কেমন লাগলো স্ট্যাটাস দিয়ে জানাবি না।",Strongly Negative,Creepy,107,15
জুকার বার্গকে অনুরোধ করবো প্লিজ একটা জুতার রিয়েক্ট চালু করেন। কারন angry রিয়েক্ট দিয়ে মনে শান্তি পাচ্ছি না,Strongly Negative,Creepy,106,18
টোকাই আলমের ২ গালে জুতা মারো তালে তালে,Strongly Negative,Creepy,38,8
তোমারে জুতা দিয়া পিডামু,Strongly Negative,Creepy,23,4
"এই জায়েদ শালার পুত একটা হাই লেভেলের বেয়াদব, সে বড়দেরকে নাম ধরে ডাকে, আচ্ছা মান্না ভাই, সালমান শাহ  ভাই উনারা কি হিরো ছিলনা, ওদের কথা বাদ দিলাম, বর্তমানে সাকিব খান চলচ্চিত্র ধরে রাখছে সে কি হিরো না, শালার পুত জায়েদ, এই জায়িদকে জুতা দিয়া মারা দরকার,",Strongly Negative,Creepy,247,46
শালিরে জুতা মার,Strongly Negative,Creepy,15,3
ঈদ মোবারক ❤️,Strongly Positive,Unbiased,12,3
জয় বঙ্গবন্ধু,Strongly Positive,Unbiased,12,2
পইচা গেছেন জনগণ জুতায় হাগু লাগাই পিটাইবে রাস্তায় বের হইয়েন। নাস্তিক কোথাকার পরকার বিলিভ করেনা সেটা নাকি চোখে দেখেনা তাহলে আপনি আপনার আব্বার বিয়ে ও দেখেন নাই সেটা কিভাবে বিলিভ করেন আপনি তাদের জন্ম দেওয়া বেওয়ারিশ প্রডাক্ট????,Strongly Negative,Creepy,223,37
ওর হুগাই বাঁশ ডুকিয়ে স্লোগান দেওয়া হোক,Strongly Negative,Creepy,38,7
আমাদের নায়ক হলেন হিরো আলম ভাই প্রকৃত নায়ক হলেন সেই বাদবাকি সব গুলো জুতো চোর এই শালারা জুতা চুরি করে বড়লোক হয়েছেন নায়ক ভিলেন হয়েছেন শালার বাচ্চারা।,Strongly Negative,Creepy,152,27
তোর মুখে জুতা মারা দরকার,Strongly Negative,Creepy,24,5
এমন সুন্দর চেহারা খুলে রাখেন কেন,Strongly Negative,Creepy,32,6
অবশ্যই চাই তাদের রাষ্ট্রদোহ মামলায় গ্রেপ্তার দাবি করছি,Strongly Negative,Creepy,54,8
আগে মর তারপর!,Strongly Negative,Creepy,13,3
ঐ পরি মনি তোমার কি মরার ভয় নেই.?,Strongly Negative,Creepy,32,8
"তুর নাস্তিক এর মারে লই,,,শালার মাগির গরের মাগি,,,",Negative,Unbiased,49,8
"চুদানি খানকি,পুটপাতের মাগি,,,,চুদমারানি,,,,তুকে খুব বেশি পছন্দ করতাম,তুর নাটক একটাও মিস করতাম না খানকি মাগি,,,তুকে কুকুর দিয়ে চুদা দরকার,শালার নাস্তিক মাগি",Negative,Unbiased,155,20
তুর নাস্তিকের মারে চুদি,Negative,Unbiased,23,4
নাস্তিকের জায়গা বাংলার মাটিতে নেয়....,Negative,Unbiased,37,5
আপনার কি রোজা নাই।,Negative,Unbiased,18,4
নাস্তিক কাফের তোরে আল্লাহ  হেদায়েত দিউক,Negative,Unbiased,39,6
"নিজের ফ্যান, ফলোয়ার বাড়ানোর ধান্দা  ক্যারিয়ার এর জন্য এরা সকালে নাস্তিক আর রাতে আস্তিক ও হতে পারে",Negative,Unbiased,97,17
এই খানকির মেয়ে কে ফাসি দেয়া দরকার,Strongly Negative,Creepy,33,7
আজ থেকে তুর নাটক বয়কট করলাম,Strongly Negative,Creepy,27,6
ধর্মীয় অনুভূতি তে আঘাত দেওয়া অপরাধে তুই মাগীর ফাঁসি চাই৷,Strongly Negative,Creepy,56,10
"তুই তো ভুল করিস নি,বেয়াদবী করে করেছিস তা ও আল্লাহর সাথে।তোকে জুতা পিটা করা উচিত",Strongly Negative,Creepy,79,15
তোরে জুতা দিয়া পিডামু কখনো পাইলে।দূর থেকে হলেও জুতা মারমু।,Strongly Negative,Creepy,58,10
জাহিদ খান হিরো আলমের জুতার সমতুল্ল না,Strongly Negative,Creepy,37,7
জুতা মেরে গরু দান করলেন অাপু,Strongly Negative,Creepy,28,6
এই নাস্তিকের বাচ্চা নাস্তিক জায়স সন্তান তুই কেনো বললি যে তুই পরকাল বিস্বাস করস না তসলিমা তসলিমি নাসরিন যেমন দেশ থেকে বিতারিত করা হয়েছিল তোকেও তেমন এ দেশ থেকে বিতারিত করবো তুই তো একটা  বেস্য মাগি তর মুখ দিয়ে তো এই  কথাই সোভা পায় কারন মাগি রা আল্লাহ বিস্বাস করে না তুইও বাজারের মাগি,Strongly Negative,Creepy,280,54
ইসলাম বিরুদ্ধে যখন কথা বলছে কুত্তার মতো জুতা পিটা করা উচিত,Strongly Negative,Creepy,58,11
ওরে জুতা পিটা করা উচিত  ওই যুবক আওয়াজ দে,Strongly Negative,Creepy,40,9
জুতানো হোক,Strongly Negative,Creepy,10,2
উরে জুতা মেরে তসলিমা নাসরিনের মতো দেশ থেকে বের করা হুক।,Strongly Negative,Creepy,55,11
অল্প কিছু মানুষ মেধায় মননে চর্চায় বোধে অতুলনীয় -- আপনি তাঁদের একজন ।,Strongly Positive,Unbiased,68,13
সাফা কবির কে জুতা পেটা করে বাংলা থেকে বের করে দিতে হবে,Strongly Negative,Creepy,54,12
এই নাস্তিককে জনসমুক্ষে ফাঁসি দেওয়া হোক।।।।,Strongly Negative,Creepy,42,6
"অনেকে দেখে ফেলছি আপনাদের ‌‍‌‌‌খেলা , এবার জানালা বন্ধ করেন",Strongly Negative,Creepy,58,10
কেয়ামতের আগে যত অযোগ্য মানুষ যোগ্য আসনে বসবে।,Strongly Negative,Creepy,45,8
"তোদের মানুষ এখন হিজলা বলে বেটা, দেশে আসো সাহস থাকলে",Strongly Negative,Creepy,51,10
নির্বাচন হয় নাই হয়ছে খমতার দাপট।,Strongly Negative,Creepy,32,6
সাফা কবির এর জন্য   সামান্য কিছু উপহার। লাথি+জুতা মারি ওর কপালে।,Strongly Negative,Creepy,64,11
"তুই হেগে খাবি,তারপর তো মাপ,ফাসিল কোথাকার",Strongly Negative,Creepy,40,6
আসো অক্সিজেন দেই,Strongly Negative,Creepy,16,3
"সেই তো বলেছে,শেখ হাসিনা থেকে অনুপ্রেরণা পেয়েই ট্রাম্পের নিকট বিচার দিয়েছে।",Strongly Negative,Creepy,74,11
নাস্তিক এর বাচ্চা নাস্তিক। তোকে সবার সামনে ফাঁসি দেওয়া উচিত। খানকি মাগী।,Strongly Negative,Creepy,73,12
আজ যদি হযরত ওমর রাদিয়াল্লাহু আনহু থাকতো তাহলে ওর কল্লা নামায় দিত,Strongly Negative,Creepy,66,12
জুতামারা খাঁ গাঁ ছুট জাতের নারী,Strongly Negative,Creepy,31,6
আলম এক জুতা বার বার পয়ে দেয় কেন,Strongly Negative,Creepy,31,8
"এই নাস্তিক মোশারফ করিমের মত আজ বা কাল লাইভে এসে বলবে যে আমি ঠিক এইটা বলতে চাইনি ওন্য কিছু বলতে চেয়েছি বা বুঝাতে চেয়েছি। আমি ধর্মে আঘাত দিতে চাইনি। এর চেয়ে অন্য ধর্মের লোক অনেক ভালো, ওকে দেশ থেকে বিতাড়িত করতে হবে। বাংলার মাটিতে কোন নাস্তিকের যায়গা হবেনা",Strongly Negative,Creepy,252,48
নাস্তিক কে জুতা মেরে রাস্তায় নামা,Strongly Negative,Creepy,33,6
"কয়জনকে রাখবা একা,,,",Negative,Bullying,19,3
তর কি লজজা করে না আমার কমেন্ট গুলো দেখছ না,Negative,Bullying,42,10
"আমরা অনেক আগেই এদেরকে বর্জন করেছি, এরা শুধু দেশটাকে লুটেই যাবে কিন্তু দেশের কল্যান এদের দ্বারা সম্ভব নয়।",Negative,Unbiased,104,18
বদমাইশ সাফা কবির,Strongly Negative,Bullying,16,3
আল্লাহ রহম কারুন। আমিন,Positive,Unbiased,22,4
ভালো লাগে আপনার গান,Positive,Unbiased,19,4
বেশ সুন্দর,Positive,Unbiased,10,2
খুব সুন্দর লাগছে দুই জনকে।দুজনের জন্য শুভকামনা রইলো। সব সময় ভালো ও সুস্থ থাকুন।,Positive,Unbiased,79,14
কিছু একটা করেন?,Neutral,Unbiased,15,3
কি ভাই কিছু খাবেন?,Neutral,Unbiased,18,4
তার নাস্তিকতা তার কাছে। সে কেন সমাজে হিংসা বিদ্বেষ ছড়াবে।,Neutral,Unbiased,57,10
ভোটের রেজাল্ট পাইয়্যা গেছি ,Neutral,Unbiased,27,4
"গালির সোদনে অতঃপর ক্ষমা চাহিল, মেকাপ সুন্দরী।",Neutral,Unbiased,45,7
অনেক ভালো লাগল পর্দারতো অবস্তায় দেখে। এভাবে যদি নিজের শরীর না দেখিয়ে তাকতে পারতে তাহলে অনেক ভালো হতো।,Neutral,Creepy,101,18
"যেহেতু আমি সাফা কবীরের কোনো উলঙ্গ ছবি দেখিনি,তাই আমি জামার উচু অংশ দেখেও বিশ্বাস করতে পারছি না যে,  সে একজন মেয়ে #লজিক",Neutral,Creepy,118,22
সারট পরছে কিন্তু পায়জামা পরার মনে নেই,Neutral,Creepy,37,7
আপু এইটা সত্যি আপনার পেইজ কিনা! আসলে দোষটা আপনার না। যারা কথার অর্থ বুঝে নাই তাদের। কিন্তু কি করবেন? এটাই ফেসবুকের বাঙালীআনা!,Neutral,Creepy,125,22
আল্লাহ  মাফ করার  মালিক.... আমিন.....,Neutral,Unbiased,37,5
ওই সবাই চুপ।অসভ্যের দল।তোমরা জাননা মিথিলে আমাকে কানে কানে বলে গেছে ওর নিচে এখন লকডাউন।।,Neutral,Unbiased,87,15
"আজকেই জানলাম, অরেন্জ, গ্রেইপ্স একটি ভেজিটেবল",Neutral,Unbiased,44,6
পরোক্ষ হুমকী???,Neutral,Unbiased,15,2
সে মুসলিম ঘরের মেয়ে কিভাবে??? তার বাবা শাহরিয়ার কবির না???,Neutral,Unbiased,58,10
দ্য লিজেন্ড অনন্ত ভাই ♥,Neutral,Unbiased,23,5
"মিথ্যে অালোয় অার কতদিনথাকবো খুশি বলো,মিথ্যে অালোর চেয়ে, সত্যের অাধার ভালোএই নিয়মেই চলো।জীবন একটা উপভোগের জিনিস, তোমার মত তামাশা করা জীবনের মানে না।  বুজেছো নোভাইল??",Neutral,Unbiased,164,25
বর্জন করতে হবে বুঝতে যখন পারছোস তাইলে পোস্ট কইরা আর পপুলার বানাইতাছোস কেন? তাও আবার এত মানুষকে ট্যাগ দিয়ে রাখছোস।,Neutral,Unbiased,113,20
এমপি সাহাব কেমন চলের রাজনৈতিক।,Negative,Bullying,30,5
ভাই বালমান টা কে,Negative,Bullying,16,4
"তাল,,হাবিবি",Negative,Bullying,11,1
জায়েদ খান কি নায়ক নাকি।।।শালা আবাল,Negative,Bullying,34,6
কুত্তালীগ গুলো এখানে কি করতেছে,Strongly Negative,Bullying,30,5
"নীচ তলার পর্দা ফাটানো অভিনেত্রী আর কিই বা বলবে,,,,,, কেউ তারে গালি দিয়েন না।যদি পাড়েন রাস্তা ঘাটে ওরে দেখা মাত্রই জুতা নিক্ষেপ করে দিবেন।",Strongly Negative,Creepy,137,24
"কি অবস্তা রুপের ,, হুম তাই বুজি ,,, এতো ছোট ছোট কাপড় পরা, , মাদার দোদেগো জুতা পেটা করা উচিত ,,, ওদের মতো কিছু মূখ্য লোকেরাই, ,,এদেশের শাংস্কিতিটা নষ্ট করে ফেলছে",Strongly Negative,Creepy,160,31
এই শালা হিরো আলম সবাই মিলে জুতা মারেন তো সঠিক ভাবে কথা বলতে পারেনা সে আবার হিরো হতে চাই,Strongly Negative,Creepy,87,19
তোমারে পাডা জুতা দিয়ে দেওয়া দরকার!,Strongly Negative,Creepy,34,6
তাইরে  জিন্দা কবর দেওয়া উচিত  ।,Strongly Negative,Creepy,31,6
আমাদের সকলের উচিত এইসব নাস্তিকের পাচায় লাথি মেরে বাংলা জমিন হতে বিতারিত করা। এরা বাংলা জমিনের জন্য সবচেয়ে বড় অভিশাব।,Strongly Negative,Creepy,116,20
"জাকারবার্গ ভাই দয়া করে একটা জুতার রিয়েক্ট দেন, আমি দুই, তিনটা আইডি দিয়া জুতা দেই",Strongly Negative,Creepy,80,15
তোর মত খানকিমাগীকে ফাঁসি দেওয়া উচিত,Strongly Negative,Creepy,36,6
অনেক সুন্দর । ,Strongly Positive,Unbiased,14,3
মাশ'আল্লাহ অনেক সুন্দর কথা প্রিয় হুজুর <3,Strongly Positive,Unbiased,41,7
ঐ মহিলাকে আমার কাছে পাঠিয়ে দাও---দুই মিনিটের ব্যবহার কেমনে করতে হয় তা বুঝিয়ে দিবো,Strongly Negative,Creepy,81,14
শালা চোর দেশে আয়ে,Strongly Negative,Creepy,17,4
তাহলে তুমি কুনচি আলা বাঁশ নিবার জন্য তৈরি থেক।,Strongly Negative,Creepy,46,9
এই মাগির  গলায় জুতার মালাদে,Strongly Negative,Creepy,27,5
"নাস্তিক, মুরতাদ,শয়তান! তোদেরকে বিডি থেকে বিতাড়িত করা দরকার!!",Strongly Negative,Creepy,61,8
তার জবাব দেয়ার দিন এসেছে ৩০ শে ডিসেম্বর ২০১৮,Strongly Negative,Creepy,44,9
যারা হিরু আলম কে চিনে না। তাদের কে ১০০ টা জুতার বারি দেওয়া হোক।,Strongly Negative,Creepy,63,14
মনডা চাইতাছে তোরে ঝুলিয়ে এক ঘন্টা নতুন হাই হিল জুতা দিয়ে পিটিয়ে পিঠের ছাল তুলে ফেলি।।,Strongly Negative,Creepy,85,16
"এটা আবার নতুন নাস্তিক, বাংলাদেশে প্রচুর নাস্তিক আছে।",Negative,Unbiased,52,8
নাস্তিকতা মানেই বিনুদোন,Negative,Unbiased,23,3
তর মতো পাপিষ্ঠ একজন বিশ্বাস করলেই কি আর না করলেই কি তুই ত এমনেই জাহান্নামে জাবে।,Negative,Unbiased,80,16
নাস্তিক তুই.. সবাই এর নাটক কে না ভলুন,Negative,Unbiased,37,8
"এইটা তো দেখি পল্টিবাজ নাস্তিকে।যে পরকালে বিশ্বাস করেনা, নিজের চোখে যেটা দেখেনা সেটা বিশ্বাস করেনা, সে আজ  আল্লাহর কাছে বিচার দিচ্ছে। কি অদ্ভুত! বেজন্মা বেহায়া নাস্তিক যেনো কোথাকার।",Negative,Unbiased,180,28
সারাদেশে নির্বিচারে মানুষ খুন হচ্ছে। কোথায় তাদের সমবেদনা ও বিচার নিয়ে কিছু বলবেন। আর আপনারা আছেন রুপ যৌবন উপস্থাপনের প্রতিযোগিতায় ব্যস্ত। ধিক্কার জানাই আপনাদের।,Strongly Negative,Creepy,162,24
সাফাতোমাকে থাপড়াইসে কে মুখটা কেমন জানি লাগসে?,Strongly Negative,Creepy,45,7
জুতা মার ওর কপালে,Strongly Negative,Creepy,17,4
"অরে সালি রমজান মাস,প্রোফাইলাটা চেইন্জ কর",Strongly Negative,Creepy,40,6
আপনার শ্রমিকদের বেতন দিন,Strongly Negative,Creepy,24,4
আল্লাহুর কাছে ফেজবুক হ্যাক করার বিচার দিলেন?মনডা চাইতাছে টাকা দিয়া ১টা লোক রাখতে দেন তাকে দিয়ে ১টানা ১মুজা দিয়ে ১মাস জুতা পরিয়ে দেন সেই মুজা ভিজিয়ে আপনাকে ১গ্যাস বিশুদ্ধ পানি খাওয়াতে,Strongly Negative,Creepy,182,31
ওকে সমস্ত কাজ থেকে বহিস্কার করা দরকার একগুরে করে রাখা,Strongly Negative,Creepy,53,10
আজকে তওবা করো,Strongly Negative,Creepy,13,3
আলম ভাই সুপার হিট ছবি,Strongly Positive,Unbiased,21,5
ভাইরে দাতঁগুলা মাশাল্লাহ্,Strongly Positive,Unbiased,25,3
মৃত্যুর পর তুই কোথায় যাবি সেটা কি ভেবেছিস?তুই ত মুসলমান এর যুগ্যই না। তোকে জুতার মালা গলায় দিয়ে সারা দেশ ঘোরানো দরকার। তাহলে বুজবি বিশ্বাস কাকে বলে।,Strongly Negative,Creepy,148,27
ওর বিচি থাকলে গলাই দিতাম আমি,Strongly Negative,Creepy,28,6
মাদার ফাক তোরে মুখে জুতা মারিতোরে এমনিতেই দেখতে ইচ্ছে করে না...আর ও নাস্তিক গিরি মারাইলিআবাল,Strongly Negative,Creepy,92,15
"তরে ত জুতার মালা গলায় দিয়ে সারা দেশ ঘুরানু ওচিত নাসতিক মাগি। জুতা মেরে গরু দান,,,,",Strongly Negative,Creepy,82,16
এবার পাগলামি বন্ধ করো আর কত।,Strongly Negative,Creepy,28,6
তুরে জুতা থেরাফি দিতে হবে,Strongly Negative,Creepy,25,5
ওকে সবার সামনে ঝুলিয়ে মারতে হবে,Strongly Negative,Creepy,31,6
জাহিদ খান ১০০ বছর অভিনয় করলে ও হিরো আলমের মতো যোগ্যতা কখনও হবে না জাহিদ খানের সালা অহংকারি জুতা মারি তোর গালে,Strongly Negative,Creepy,109,22
"এ নাস্তিককে জনসাধারণের সামনে ফাঁসি দেয়া হোক,,ওর ৯০%এই মুসলিম দেশে বেঁচে থাকার কোন অধিকার নাই",Strongly Negative,Creepy,93,15
মার জুতা মাগিরে।,Strongly Negative,Creepy,16,3
"রাজাকার ছাই-দির ফাসি চাই,,,ও কুকুরের চেয়েও নিকৃষ্ট৷",Strongly Negative,Creepy,51,7
"নাটক এর জগতে সবচেয়ে ভালো লাগতো সাফা কবির কে, আর ঐ সাফা কবির নাকি নাস্তিক, অর মুখে এখন জুতা মারি,,,  কুত্তি  সাফা কবির,,,,, যে যেখানে দেখবেন অর মুখে জুতা নিক্ষেপ করবেন ,,,",Strongly Negative,Creepy,170,32
তোর ফাঁসি চাই,Strongly Negative,Creepy,13,3
আমি তোর ফাঁসি চাই,Strongly Negative,Creepy,17,4
আমি একে বুঝলাম না হিন্দু না মুসলিম মুসলিমজ জুদি হয় তাহ‌লে জবাই করা দরকার,Strongly Negative,Creepy,72,14
ওরে মেরে সাফা করে দেও,Strongly Negative,Creepy,21,5
গালে জুতা মার,Strongly Negative,Creepy,13,3
সাফারে জুতার বাড়ি,Strongly Negative,Creepy,17,3
বান্দর এর মত পিক না তুল্লে আপনাদের মঠেল দের গুু বের হয় না মনে হয়,Strongly Negative,Bullying,64,15
সালা গাজাখোর,Strongly Negative,Bullying,12,2
বাদুড়,Negative,Unbiased,5,1
শুভ নববর্ষ,Strongly Positive,Unbiased,10,2
অসাধারন লাগল আপনার এই পোস্ট । আরও অনেক  ভাল ভাল  কাজ কর  এই কামনা রইল ।,Strongly Positive,Unbiased,71,16
কুত্তার মতন ঝর পরতেচে।,Strongly Negative,Bullying,22,4
তমি কি দেফিনেত এর অকানে??,Negative,Bullying,25,5
শালা লোটির বাচ্চা,Strongly Negative,Bullying,17,3
আপা কি চুল দিয়ে দুধু ডেকেছেন...???,Negative,Creepy,34,6
শালির ফেসবুক হ্যাক হওয়াতে আবার মুসলমান হইচে,Negative,Creepy,43,7
খাংকি মাগী বেশ্যা,Negative,Creepy,17,3
"জায়েদ খান কে ও কি আসলে খান নাকি চুদার খান ও,কে আমি চিনতে পারছি না",Negative,Creepy,65,15
হিতিরে হোনদাইছি হেডামারানি চোদানি মাগি মাগিরে পাইলে কতখন চুদতাম খানকি,Negative,Creepy,69,10
হিতিরে হোনদায়ছে খানকি,Negative,Creepy,21,3
তোরে তো পিছন দিয়ে মোটা কলা দেওয়ার দরকার মাগি ⚠,Negative,Creepy,46,10
মাগিটাকে পতিতা থেকে ধরে এনে শুটিং করাচ্ছে। আর খানকির পুলা বদনা আলম।তুকাই চোদানির পুলা,Negative,Creepy,85,14
ভাই বাপের বেটা হলে দেশে যান!,Neutral,Unbiased,28,6
তারা তারি বলতে বলেন?,Neutral,Unbiased,20,4
মেসেজটা ভালো ছিলো।তিনি ইচ্ছে করলেই সুন্দরভাবে বাংলায় বলতে পারতেন।,Positive,Unbiased,65,9
বেস্ট ক্যাপশন এভার,Positive,Unbiased,18,3
তাই নাকি!!!  অসাধারণ। ঢাকার মানুশ আপনার জন্য অপেক্ষা করছে,Positive,Unbiased,57,9
এতের হাত ধইরা জাতিয় নির্বাচনে খাইচে ধরা এবারও খাবে ধরা। জিতবে আবারো নৌকা,Positive,Unbiased,72,13
স্যার কে ঈশ্বর তার মঙ্গল করুন ,Positive,Unbiased,30,6
অপেক্ষা করছি... লাইভ দেখার জন্য,Positive,Unbiased,31,5
ভালো থাক ঘরে থাক,Positive,Unbiased,16,4
এভাবেই মানুষের পাশে দাঁড়িয়ে কাজ করে যাব আল্লাহ নিশ্চয়ই মঙ্গল করবেন,Positive,Unbiased,69,11
জয় হোক জয় বাংলার,Positive,Unbiased,16,4
এতো সুন্দর কি একটা মেয় হয়?,Positive,Unbiased,26,6
"এটা আগেই দেখেছি আবার দেখলাম,,, সুন্দর",Positive,Unbiased,37,6
সত্যিই অসম্ভব কাজ  আপনার দ্বারাই সম্ভব ❤️❤️,Positive,Unbiased,43,7
"তাদের কয়জনে চিনে, হিরো আলোমকে দেশের প্রায় সবাই চিনে। জাহেদ খান কে এটা?",Positive,Unbiased,70,13
ইনশাআল্লাহ হুজুর অপেক্ষায় আছি,Positive,Unbiased,29,4
নাস্তিক জাহান্নামে যাবে,Neutral,Unbiased,23,3
দেখা শেষ।,Neutral,Unbiased,9,2
বাংলাদেশ এ টাকা আয় করো আর বাড়ি বানাও ইন্ডিয়া তে যখন প্রয়োজন শেষ তখন এই দেশ ছাইরা চলে যাও আর বলো গুম হইয়া গেছি..??,Neutral,Unbiased,118,24
উৎপল চৌধুরী তুই নাকি সারাদিন বাথরুমে থাকিস?? দেশের গোয়া মারা সারা,Negative,Creepy,65,11
এই মাগি তর পাসায় অাগুন লাগাই দিমু,Negative,Creepy,33,7
মাগি গরের মাগি,Negative,Creepy,14,3
মাগির মাগি চুতমারানি,Negative,Creepy,20,3
"খানকি মাগি, ওর নাটক দেখা আজ থেকে বাদ",Negative,Creepy,36,8
হিরো আলমের যে যোগ্যতা আছে জায়েদ খানের তার অর্ধেক নাই শালা ভাব চোদায় আবার করি তো চিনলাম এই ফাস্ট,Negative,Creepy,97,19
"হিরো আলম একটা মনের কথা বলছেন, জায়েদ খানকে কয়জনে চিনে আপনাকে সারা বাংলাদেশ চেনে, জায়েদ খান তো শালা একটা মাগির দালাল লুচ্চামি ছাড়া আর কোন কাজ নাই ওর, পলিটিক্স কইরা সেক্রেটারি হইছে ও ওরতো কোন শিল্পীর হওয়ারই যোগ্যতা নাই হিরো তো দূরের কথা, শালা ফালতু জায়েদ খান।",Negative,Creepy,261,47
সিনেমার নাম দেওয়া হোক মেয়াদোত্তীর্ণ গাজা,Negative,Bullying,42,6
জায়েদ কি বালের হিরো।। হিরু  আলমই রিয়েল হিরো।।,Negative,Bullying,47,8
পুরা বলদ গরু টার মতো লাগে তরে...পরি...,Negative,Bullying,38,7
আজ থেকে ওর সকল নাটক বয়কট করলাম।।। ওর সাথে যে নাটক করবে তাকেও বয়কট করবো।।।,Strongly Negative,Creepy,73,15
"কল্লা কাটার জন্য মুমিনেরা খুজে
ধর্মের আদেশ যে পালন করতে হবে",Strongly Negative,Creepy,59,11
"পোস্টকারীকে জুতা মার,,,,স্বামী স্ত্রীর মধ্যে অনেক কথা হতেই পারে। আর মহিলারা সবসমই সন্দেহবাজ, সেটা যে বয়সেরই হোক না কেন।",Strongly Negative,Creepy,119,19
এই সমস্ত নাস্তিকদের জুতা দিয়ে পিটিয়ে হত্যা করা উচিত।,Strongly Negative,Creepy,54,9
"এই কি বালের হিরো আর বালের অভিনয় করছে,এসমস্ত পরিচালকদেরকে জুতা পেটা করা দরকার। এই ধরনের বালের ফিল্ম দেখে বখাটেরা বিকৃত মন মানসিকতায় ধর্ষণের উৎসাহ পায়।",Strongly Negative,Creepy,149,25
তোর ফাসি হওয়া দরকার,Strongly Negative,Creepy,19,4
জায়েদ খানকির দুই গালে জুতা মারো তালে তালে জায়েদ খানকি হিরোর দলে হিরো আলমকে দেখলে জলে,Strongly Negative,Creepy,84,16
খানকি তোরে জুতা,Strongly Negative,Creepy,15,3
জুতা মার,Strongly Negative,Creepy,8,2
"ইনশাআল্লাহ, সাথে থাকব।",Strongly Positive,Unbiased,22,3
আলহামদুলিল্লাহ ভাল উদ্যেগ ধন্যবাদ আপনাকে।,Strongly Positive,Unbiased,41,5
নাস্তিকের মুখে জুতা মারো,Strongly Negative,Creepy,24,4
সাফা দেশ ত্যাগ করতে হবে,Strongly Negative,Creepy,23,5
কবরে গেলেই বুজবা ।,Strongly Negative,Creepy,18,4
সাফা তওবা কর।তোমার ধারনা ভুল।তুমি কি জান এই দুনিয়া তুমাকে কে দেখাইছে।,Strongly Negative,Creepy,69,12
জায়েদ খান মিশা জুতা মার,Strongly Negative,Creepy,23,5
জায়েদ খান মিশা জুতা ৃার,Strongly Negative,Creepy,23,5
"নাস্তিকের বাচ্ছা নাস্তিক,ওর ফাঁসি চাই",Strongly Negative,Creepy,37,5
এই নাস্তিকের বাচ্চাকে জুতা পিটা করে বাংলাদেশ থেকে তাড়িয়ে দেওয়া হোক,Strongly Negative,Creepy,69,11
সাব্বাস Nahim Chowdhury Masud Miah Hossain Rayhan দেখো বা,Strongly Positive,Unbiased,57,9
ফকিন্নির বাচ্চারে জুতা দিয়ে মারা উচিৎ,Strongly Negative,Creepy,37,6
তুরে আমি সামনে পাইলে জুতা পিটা  দিতাম,Strongly Negative,Creepy,37,7
জাহিদ খান কে জুতা মারা হোক,Strongly Negative,Creepy,26,6
অাগে মইরা দেখ,Strongly Negative,Creepy,13,3
অাগে মইরা দেখ তখন বুঝবি পরকাল কারে কয়,Strongly Negative,Creepy,37,8
জুতা দিয়া পান্তা ভাত খাস নাই এখন ও???,Strongly Negative,Creepy,37,8
"তোকে মাফ না তোকে জুতার বারি দেওয়া দরকার সালি তুই কিভাবে বল্লি তুই পরকাল বিশ্বাস করস না,,, তুই সালি মুসলিম নামে কলংক তোর ফেসবুক না শুদু তোকে সহো হেক করা দরকার   তোর নাটক দেখে তোকে ভাল মনে করতাম  সালি  তোর নাটক অতো আজকে থেকে দেখা বন্ধ,,, তোকে সামনে পাইলে জুতার বারি মারতাম, ,,,",Strongly Negative,Creepy,276,53
এই ধরনের নাস্তিক এর দেশে ঠাই নাই। বিতারিত করা দরকার,Strongly Negative,Creepy,51,10
জুতা মারো সবাই,Strongly Negative,Creepy,14,3
দেলু রাজাকার ওরফে হেলালে পাকিস্তানি সাইদীর ফাঁসি চাই-----,Strongly Negative,Creepy,57,8
"কামাল একটা অড মাল, কাচা তাল অনেক সাদের তাই পাবলিক এখন খায়না আর পাকা তাল।",Negative,Unbiased,72,15
তোমারে জুতা পেটা করা উচিত,Strongly Negative,Creepy,25,5
সোহরাওয়ার্দী উদ্যানে জনসম্মুখে এই নাস্তিকের ফাসি চাই,Strongly Negative,Creepy,52,7
"সাফাকে সকল প্রকার নাটক, মডেলিং থেকে নিষিদ্ধ করা হোক।",Strongly Negative,Creepy,52,9
তোর কপালে জুতামারি খানকি....,Strongly Negative,Creepy,28,4
তোর কপালে জুতা মারব বেয়াদব,Strongly Negative,Creepy,26,5
হিরো আলমের একটা জুতার দাম যায় আছে জায়েদ খানের কেওতো চিনে না জায়েদ খান একটা নায়ক,Strongly Negative,Creepy,83,16
তোরে দেশ থেকে বিতাড়িত করা দরকার সাফা ফকির,Strongly Negative,Creepy,41,8
হালারে পিডা!! ,Strongly Negative,Creepy,14,2
সাব্বাস বাঘের বাচ্ছা,Strongly Positive,Unbiased,20,3
মাটি ও মানুষের পার্টি বাংলাদেশ আওয়ামীলীগ। হৃদয়ে বাংলাদেশ।,Strongly Positive,Unbiased,59,8
শালির ফাসি চাই,Strongly Negative,Creepy,14,3
"যখন ইন্টারভিউ তে কথা গুলো বলেছিস তখন কি তর আল্লাহর কথা থা মনে পড়েনি,আর তুই তো আল্লাহ কে কখনো দেখিস নি তো আল্লাহার কাছে ক্ষমা আর বিচার চাচ্ছিস কেন,তদের মত নাস্তিকের কারণে,আজ বাংলাদেশের এই অবস্তা,তদের ফাসি দেওয়া উচিৎ",Strongly Negative,Creepy,214,38
আইকা ওয়ালা বাশ রেডি আছে যাও,Strongly Negative,Creepy,27,6
জুতা মেরে গরু দান।,Strongly Negative,Creepy,18,4
"কিরে,,, তুই নাকি তর কাকড়া ফার্মের শ্রমিকদের ৪মাস হয়ে গেছে বেতন দেস নাই",Strongly Negative,Creepy,70,13
নাস্তিকের ফাসি হোক,Strongly Negative,Creepy,18,3
ইসলাম হল শান্তির ধর্ম..ইলামকে নিয়ে কেউ উল্টা পাল্টা কথা বললে তাকে ফাঁসি দেওয়া হোক...আমার মনে হয় সেই মুসলিমদের পরিবারে জন্মগ্রহণ করেনি..সেই নাস্তিক পরিবারে জন্মগ্রহণ করছে তাই এমন করে বলতেছে..এত দিন  অনেকে সাপোর্ট দিছে তাকে বাট আমি ও সাপোর্ট করছি আজ থেকে এতির মত কুত্তিকে যেন ফাঁসি দেই,Strongly Negative,Creepy,283,47
আগে নিজের #শ্রমিকদের  বেতন দিন ,Strongly Negative,Creepy,31,5
তুমি যতই ব্যাক্ষা দাও কিন্তু জাতি তোমায় ক্ষমা করবে না। কারন তুমি বাংলার ১৮কুটি মানুষের শাতে বেইমানি করছো এবং বাংলার সন্মান নষ্ট করছো।,Negative,Bullying,133,23
সে না বললে আমি অচিরেই সতর্ক হতে ভুলে যেতাম! ধন্যবাদ। ❤️,Negative,Bullying,55,11
তরে চুরের মতো লাগে,Negative,Bullying,18,4
"দুই টাকার সেলিব্রিটি  হোগায় কারেন্ট জমে গেছে, শাহরুখ, সালমান, সাকিবের মতো সেলেব্রিটি হলে না জানি কি করতো চুতমারানি..",Strongly Negative,Bullying,116,18
"দুই টাকার সেলিব্রিটি হোগায় কারেন্ট জমে গেছে, শাহরুখ, সালমান, সাকিবের মতো সেলেব্রিটি হলে না জানি কি করতো চুতমারানি..",Strongly Negative,Bullying,115,18
ঠেলা আর সহ্য করতে পারছো না বাবু...?? নাইজেরিয়ায় কালা বন্দুক নিয়ে আসবো নাকি????,Negative,Bullying,78,13
সারা বিশ্বের মানুষ চিনেআবালে বলে কি,Strongly Negative,Bullying,35,6
সেফুদা আপনি ভালো কথা বলেছেন।হিরো আলমের মানসম্মান নষ্ট করার জন্য কিছু সংখ্যক কুকুরের বাচ্চা তার পিচে কাজটি করে।হিরো আলমের মানসম্মান নষ্ট করতে পারবে না কারণ তার প্রতি আললাহর দয়া আছে।মানুষের ভালো ভাষা আছে।,Negative,Bullying,202,33
আগে নিজের #কাকড়া খামারের #শ্রমিকদের ন্যায্য মূল্য পরিশোধ করে বানী ছাড়েন ,Strongly Negative,Creepy,72,11
"জুতা মারি তোর কপালে,দুরে গিয়ে মর",Strongly Negative,Creepy,32,6
"ঈদ মানেই তো আপন জনের কাছে যাওয়া, ভালবাসায় জড়িয়ে ধরা। তবে এবার সেটা হচ্ছে না কিংবা হওয়া উচিতও নয়। কিন্তু মন কি আর সেই কথা শোনে? মন তার স্বপ্ন ডানা মেলুক, আর উড়ে যাক আপনজনের কাছে। যেন আগামী ঈদগুলো এক সাথে আরো আনন্দময় হয় সেই বিশ্বাসে এবার ঘরেই থাকুন। ঈদ মোবারক!",Strongly Positive,Unbiased,259,51
অভিনন্দন ও শুভ কামনা রইলো,Strongly Positive,Unbiased,25,5
শুভ কামনা সিলেটের পক্ষ থেকে,Strongly Positive,Unbiased,27,5
জুতা মার।,Strongly Negative,Creepy,9,2
বাটা কোম্পানি থেকে শুয়রের চামড়ার সাথে কুকুরের ঘু দিয়া এক জোড়া জুতা বানাইয়া তোর গালে কশাই ৪টা বারি দিয়া তোক জুতা জোড়া পরাইয়া গোটা বাংলাদেশ ঘুরাতে মন চাইতাচে! সাফা কুত্তার বাচ্চা,Strongly Negative,Creepy,176,31
জীবনে কত খানকি দেখালাম,Negative,Creepy,22,4
ভোদায় গরম  লোহা দিয়া যখন  পাড় দিবো তখন বুজবা,Negative,Creepy,44,9
বেশ্যা খানকি,Negative,Creepy,12,2
আমার খানকি আপু টা,Negative,Creepy,17,4
খানকি,Negative,Creepy,5,1
"প্রকাশ্যে কলিমা পড়ে মুসলমান হো মাগি, নইলে তোর কোনো ক্ষমা নাই",Negative,Creepy,60,11
"আজকেই জাহিদ খান কে চিনলাম, তাও আপনার মাধ্যমে... Hero Alom",Neutral,Unbiased,57,10
ছাত্রলীগ এ কাজ করে কি ভাবে।।পাশে থেকে উৎসাহ দিতে পারে।।যার কাজ তাকেই করতে হবে।।।সহায়তা করবে ছাত্রলীগ,Neutral,Unbiased,100,16
বাংলাই বলতে পারে না,Neutral,Unbiased,19,4
সাফা কবির নাস্তিক তাই তার নাটক দেখা হারাম। মিয়া খলিফা আস্তিক তাই তার ভিডিও দেখা আরাম। এখন আসি মিয়া খলিফা আস্তিক কিভাবে!! মিয়া খলিফা তার ভিডিওতে ও মাই গড! ও মাই গড! বলে জোড়ে জোড়ে চিল্লায়। এ থেকেই প্রমানিত হয় মিয়া খলিফা আস্তিক।,Neutral,Unbiased,225,43
এদের মত কুলাঙ্গার দেরকে আল্লাহ পাক শীল মেরে দিয়েছে ভাল হতে চাইলেও আর ভালর পড়তে আসতে পারবেনা।,Neutral,Unbiased,92,17
শালা নাস্তিক,Neutral,Unbiased,12,2
আহ বেবি  একটা শার্ট দিবো?,Neutral,Creepy,25,5
মাশাল্লাহ!!শুভকামনা ❤️,Positive,Unbiased,22,2
ইন্না লিল্লাহি ওয়া ইন্না ইলাহী রাজিউন।আল্লাহ আপনার দাদিকে জান্নাতুল ফেরদৌস নসিব করুন। আমিন।।,Positive,Unbiased,92,13
জাযাকাল্লাহ,Positive,Unbiased,11,1
আওয়ামী লীগ জন্মলগ্ন থেকেই জনগনের পাশে রয়েছে এবং থাকবে ইনশাল্লাহ!জয়বাংলা জয় বঙ্গবন্ধু।,Positive,Unbiased,85,12
সরকারের প্রচেষ্টা গুলো ভাল।,Positive,Unbiased,27,4
ব্রেসলেটক্রয়কারী এবং সেটা পুনরায় মাসরাফিকেই উপহার হিসেবে প্রদানকারী মহান ব্যাক্তিবর্গ এবং তাদের প্রতিষ্ঠানকে জনগন জানায় আন্তরিক অভিনন্দন এবং মুজিবীয় শুভেচ্ছা।বিটের ৪২ লক্ষ টাকা বাংলার গৌরব ক্যাপ্টেন মাশরাফি আর্ত মানুষের সেবায়  ব্যয় করবেন সেটাই তার মাহানুভবতা।জয়বাংলা জয় বঙ্গবন্ধু।জয়বাংলা জয় বঙ্গবন্ধু,Positive,Unbiased,300,39
আল্লাহর সৃষ্টি সবাই সুন্দর তবে বান্দার সাহস আছে বলতে হবে,Positive,Unbiased,56,10
"আলম ভাই রাগ করিয়েন না, আমরা আছি আপনার সাথে।",Positive,Unbiased,43,9
সেইদিন জয়া আন্টির টপ ফ্যান হইছি আজকে আবার আমার পরির টপ হইলাম।। নিজেরে বহুত ভাগ্যবান ভাগ্যবান লাগছে ☺,Positive,Unbiased,100,18
মুনাফ রে তামিম এর ডাউন দা উইকেট সিক্স!গাটস লাগে ভাই ,Positive,Unbiased,52,10
"সে যদি তার ভুল বুঝতে পেরে আল্লাহর কাছে মাফ চায়, নিশ্চই আল্লাহ মাফ করে দিবেন। নিশ্চই আল্লাহ অত্যন্ত ক্ষমাশীল।",Positive,Unbiased,108,19
"তোমার ফেইসবুক প্রোফাইল হ্যাক হলে, এই পোস্টটা কেমনে করলে???? আজারা বোকা বানাইতে আসো কেন জাতিকে???",Neutral,Creepy,96,15
চাপা কবিরের প্রশ্নটা একটু ঘুরিয়ে বললে উত্তারটা এভাবে আসত।প্রশ্ন: আপু তুমি যাকে বাবা বল সে তোমাকে জন্ম দিয়েছে এটা কি বিশ্বাস করো?উত্তর: না আমি একদমই বিশ্বাস করি না কারন আমি যা দেখি না তা বিশ্বাস করি না। অর্থাৎ আমি জারজ সন্তান।,Neutral,Creepy,226,41
"যারা আল্লাহ ও পরকালে বিশ্বাস করে তারা সালাত আদায় করে, তারা শরীয়ত সম্মত পর্দা করে, তারা অর্ধ উলঙ্গ হয়ে পর- পুরুষের সাথে চলে না। ঈমান শুধু মুখের কথায় হয় না, আমল থাকতে হয়।",Neutral,Creepy,168,33
মাফ ত চাইবেনই কারন দেখতেই পাচ্ছেন যে আপনার ব্যবসাটা লস খাবে এবার তা না হলে কি মাফ চাইতেন আপনি।আমরা যেটা বুজার সেটা ভালো করেই বুজেছি।আপনি যখন কথাটা বলেছিলেন তখন ত আর আপনি অসুস্হ ছিলেন না বুজে শুনেই আপনার মন্তব্যটা আমাদের দিছেন।আর এখন অভিনয়টা না করলেই হবে কারন এটা কোন শুটিং প্লেইস নয়।#নাস্তিক_চাফা,Neutral,Unbiased,296,52
পাছায় লাত্তি দেই,Negative,Creepy,16,3
তুই মাগীর জন্মা। এই জন্য,Negative,Creepy,24,5
আর কেউ বাকি থেকে লাব কি সবাই নায়ক হয়ে যাক আবাল চোদা নায়কে দেশ ভরে গেছে,Negative,Creepy,70,16
জাতি তোমার লিংক দেখে জানতে চাই তুমি মেয়ে না হিজরালিংক দাও সাফা,Negative,Creepy,62,12
চে'হারার চাইতে দুধগুলি অনেক সুন্দর...,Negative,Creepy,37,5
শুধু ব্রা পড়া পিক চাই,Negative,Creepy,21,5
"সাফা তুই ভার্জিন এইটা বিশ্বাস করি না, কারণ এটা দেখি নাই",Negative,Creepy,55,11
সময়ের দুই আলোচিত চরিত্র!  এদের দুজনকে এদেশ থেকে বিতাড়িত করে এক বনেই নির্বাসন দিলে কেমন হবে,Strongly Negative,Creepy,90,16
সাফার গালে গালে জুতা মারো তালে তালে,Strongly Negative,Creepy,35,7
শালি তরে সামনে পাইলে জুতার মালা পরাইতাম,Strongly Negative,Creepy,39,7
শালি তোকে জুতা নিক্ষেপ করা উচিত,Strongly Negative,Creepy,31,6
"মোড় জুতা, তোর মিষ্টি গাল, একটা দিমু নোয়াখালী নিয়া ফালামু হারামজাদা, তুই মানুষ নাকি কুত্তার বাচ্চা।",Strongly Negative,Creepy,98,16
হোগার তুমি বিশ্বাস করনো। এখন আবার পরম করুনাময় লিখ।নাস্তিক ছিলা মনে মনে রাখো এটা সবার সামনে বল্লা কেন?তোমারে পাইলে পাবলিক জুতার মধ্যে গু বড়াইয়া বাইরাইবো,Strongly Negative,Creepy,151,25
"শালি তুই ইসলাম নিয়ে বাজে কথা বল্লি "" কুত্তার বাচ্চা তোরে পাইলে বাংলার মানুষ জুতা  পিঠা করে দেশ থেকে বের করে দেওয়া হবে "" এখনো সময় আছে তোবা করে  মোহান আল্লাহ কাছে ক্ষমা চেয়ে নিবে",Strongly Negative,Creepy,177,35
"ভাবতেছি আজকে থেকে আর জুতা পড়বনা২০টাকা দামের সেন্ডেল পড়ব,,,কেননা বলা যাইনা তুর সাথে যে কখন কোথায় হঠাৎ করে আবার দেখা হয়ে যায়তখন সেন্ডেল কোথায় খুজব আবার তুরে মারার জন্য তুরে ত জুতা দিয়ে মারলেও জুতার দাম কমে যাবেনাস্তিক এর ঘরের নাস্তিক",Strongly Negative,Creepy,231,41
হুম তাই।।। মাগিরে আর ভাল জুতা কে দিবে,Strongly Negative,Creepy,37,8
"শালি তোর কপালে জুতার বারি।নাস্তিক খানকি,তোকে সেফুদার লেওড়া দিয়া চোদা দেওয়া দরকার। কুত্তা মাগি।",Strongly Negative,Creepy,94,14
শাফার উ‌চিত হয়‌নি এমন পোষ্ট করা । সে অন্যায়ের কা‌ছে মাথা নত কর‌লো ।‌সে যেটা ব‌লে‌ছি‌লো স‌ঠিক ব‌লে‌ছি‌লো ।নুসরা‌তকে যারা মে‌রে‌ছে তারা কি পরপা‌রের কথা ভে‌বে‌ছি‌লো?মাদ্রাসায় যারা ধর্ষণ ক‌রে তারা কি পরপা‌রের কথা ভা‌বে?মস‌জি‌দে যাারা শিশু জবাই ক‌রে তারা কি পরপা‌রের কথা ভা‌বে?,Strongly Negative,Creepy,277,43
হ্যা তিনি সব কিছু যানে হা আমরা জানি তর মেয়েকে আল্লাহ্ ক্ষমা করবে তুই তর ভুল শিখার করছ তকে উচিত যে খেলা মাঠে এনে তকে জনগনের মাঝে ফাসি দেওয়া,Strongly Negative,Creepy,138,29
"সালি এখন তুই মাফ চাইছিস। তুই এখন সবার কাছে মিথ্যা মাফ চাছ। এখন তোর নাটক কেউ দেখেনা বলে মাফ চাছ।তোর পুরো পরিবার  নাস্তি তোর মুখ নাপাক।তোরমত মাইয়াকে তো জুতা দিয়ে পেটানো উচিততোর নাটক আমি আর দেখুমনা, আর সবাইরে তোর নাটক দেখতে না কইরা দিমু।বেয়াদব সাফা কবির",Strongly Negative,Creepy,250,46
সাফা হাংকিরে জুতা মারুন জিতে নিন ত্রিশ হাজার টাকা,Strongly Negative,Creepy,49,9
মাগী কথা বলার সময় চিন্তা করে বলস না।তরে জুতা পেটা করা উচিত মাগী,Strongly Negative,Creepy,63,13
সাফা কবিরের গালে গালে জুতা মার তালে তালে,Strongly Negative,Creepy,40,8
"ঈদ মোবারক,সাথে রইলো শুভ কামনা।",Strongly Positive,Unbiased,30,5
"শুভকামনা রহিল,,,,  আমরা সহ ঘোটা দেশবাসী আপনার অপেক্ষায়,,,,",Strongly Positive,Unbiased,58,8
"মধ্যবিত্তরা বেশি বিপদে আছে, না পারবে না খেয়ে থাকতে না পারবে সাহায্য নিতে। ",Negative,Unbiased,74,13
পৃথিবীর শ্রেষ্ট সুন্দরী মনে হচ্চে,Strongly Positive,Unbiased,33,5
শেয়ার করবো বলে এমন সাফাআপার একটা স্ট্যাটাসের অপেক্ষায় ছিলাম আইছে জুতা মাইরা গরুদান করতে,Strongly Negative,Creepy,87,14
সালিরে জুতা মারও।,Strongly Negative,Creepy,17,3
সাফার ফাসি চাই,Strongly Negative,Creepy,14,3
মার্ক জুকারবার্গ এর কাছে আবেদন থাকলো ভাই একটা জুতার emoji তৈরি করো।এগুলোতে মজা পাইনা কিছুকিছু পোস্টে,Strongly Negative,Creepy,100,16
"যদি কোন ভুল করে থাকি মানে কি? এখনো ভুল নিয়ে সন্দেহ আছে তোমার? তুমি আমাদের কাছে না, আল্লাহ কাছে ক্ষমা চাও, আর যারা তোমাকে আক্রমণ করেছে, তারা ভেবে চিন্তায় করেছে, তোমার মত একটা নাস্তিক, কাফের কে জুতা দিয়ে মারা উচিত ছিল।",Strongly Negative,Creepy,216,41
"সামনে ঐ রকম ভুল আর করবে না,,,, যে ভুল ইসলাম ধর্মের উপর আসে,,,,না হয় জুতার বারী হবে জনগনে",Strongly Negative,Creepy,88,18
"সাফা আপু আপনারে দেখতে খুব ইচ্ছা করের,ইয়ে মানে কিছু জুতার বাড়ি দিব আরকি,আর আপনার দেখা নাটক গুলার ডাউনলোড দেওয়ার mb আমারে পিরিয়ে দেন",Strongly Negative,Creepy,131,23
সেফুদা দাবি করছে তুমি নাকি সেফুদার কনডম দুর্ঘটনায় জন্ম নেওয়া একটা জারজ আমরা সবাই সেফুদার ফাঁসি চাই।সাথে তোমাকে ১০মিনিট ফুটকি মারতে চাই।,Strongly Negative,Creepy,137,22
শয়তানের মূখে।।।রাম রাম।।।এরে শয়তানের বাচ্চা।। তোরে যদি পাইতাম।। জুতা দিয়া পিটতাম।।।,Strongly Negative,Creepy,86,11
"শান্তির ধর্মে কোন জোর জবরদস্তি নাই।শান্তির ধর্ম না মানলে কোপানো হইতে পারে, মেয়েদের ধর্ষণের হুমকি দিতে পারে,গালাগালি করে অশেষ নেকী হাসিল করতে পারে।অতএব আপনারা সবাই শান্তির ধর্মের সায়া তলে  থাকুন।",Strongly Negative,Creepy,194,30
ঢাকার জাস্ট ফ্রেন্ডগুলোরে দুদু খাওয়াতে গেছে ,Negative,Unbiased,44,6
আগে বলেন করোনা কি??? কাল মিথিলা আজ আপনাকে পরশু কোন পাগল কে আনবে কে জানে???,Negative,Unbiased,74,15
আসসালামু আলাইকুম। কুরআন ভুল ? এটা এখন পর্যন্ত কেউ প্রমাণ করতে পারে নাই।  https://youtu.be/kxZUuRjyy6g via @YouTube,Negative,Unbiased,114,16
ডং করে কথা না বললে ও শুনি,Negative,Unbiased,25,7
সেফাত উল্লাহ কি ডেইলি রাতে ভিটামিন কেপ্সুল দিয়ে আসে নাকি..?? শালি আবার নাটক দোচাইতে আসছে...চাপাইয়া তর জুতার দাত ফালাই দেয়া দরকার,Strongly Negative,Creepy,128,21
সাফা আপার কপালে জুতা মারো দলে দলেবাংলার জমিনে কোন ক্ষমা নাই,Strongly Negative,Creepy,59,11
হারামজাদি তওবা কর আর দেশ থেকে তরে বহিষ্কার করা হক,Strongly Negative,Creepy,49,10
সাফা কবিরের গালে গালে জুতা মারো তালে তালে,Strongly Negative,Creepy,41,8
"হুমায়ুন আজাদ ,অভিজিৎ ,রাজীব হায়দার এদের মত কোপ খাওয়ার ভয়ে সরি না বলে আল্লহ র বিধাননের পুর্ণ আনুগত্য করুন(মৌখিক স্বীকৃতি ,অন্তরে বিশ্বাস, পালন করা বা আমল করা) আল্লহ ক্ষমাশীল হয়ত আপনাকে ক্ষমা করবেন।",Strongly Negative,Creepy,196,33
মাগীরে জুতা মারতে মন চাচ্ছে।,Strongly Negative,Creepy,28,5
জীবন্ত কিংবদন্তী মাশরাফি ভাই। ভালোবাসি সবসময়।♥,Strongly Positive,Unbiased,46,6
প্রিথিবীর শ্রেষ্ঠ এবং শেষকাল সুন্দরি তুমি আর আমি!!!,Strongly Positive,Unbiased,51,8
জয় বাংলা।।,Strongly Positive,Unbiased,10,2
"মুমিনবাইয়েরা আফনারা যারা সুন্নতি গালাগালি দিবেন তারা  সবাই নামাজ পইরা আসেন...! শুক্রবারে মুসজিদে ভালোকইরা দোয়াদুরত পড়েন  শিন্নীর লগে  জিলাপা খান,  ভালো থাকুন! তয় জুতা সাবধানে রাখবেন ... :/",Strongly Negative,Creepy,188,28
তোর কাপড় খুলে না দেখা পর্যন্ত আমি বিশ্বাস করতে পারছিনা তুইই মেয়ে না হিজরা।  তোর গালে জুতার বারি,Strongly Negative,Creepy,95,18
একটা কথা আছেনা ঠেলায় পড়লে শয়তানও আল্লাহর নাম নেয়! আপুটি অনেক চালাক যেই দেখতে পেলো তার ক্যারিয়ার হুমকির পথে সে এখন আল্লাহর নাম নিচ্ছে।,Negative,Bullying,133,24
এর চেয়ে বেশী কিছু হবে না আর বেশি কিছু হবে সুমনের কেন কি রাষ্ট্রোদহীর বিরুদ্ধে কেন একজন মুসলিম হিসেবে মামলা দায়ের করা হয়েছে এই জন্য তাঁকেই ভোগান্তি পোহাতে হবে ।,Negative,Bullying,159,30
সে নাকি যা দেখে না তা বিশ্বাস করে না তাহলে সে কি তার জন্ম দেখেছিল সেটাকিভাবে বিশ্বাস করেন। আল্লাহ তাদের কে হেদায়েত দান করুক,Negative,Bullying,123,24
ও একটা জারজ সন্তান,Strongly Negative,Bullying,18,4
জায়েদ খান কেডা আবার এইটা কোন গ্রহ থেইকা আসছে বাউ হিরো আলম কে চিনে নাহ সোসাল মিডায়াতে এমন লোক খুবি কম জায়েদ কে কজন চিনে চেটের বাল,Negative,Bullying,128,27
হালা গেছে পাগল হয়া,Negative,Bullying,18,4
নতুন নাস্তিকের জন্ম হলো নাকি???আমি আপনার বিরাট বড় একজন ফ্রেন্ড  ছিলাম এখন থেকে আর নাই।,Negative,Unbiased,87,15
নাস্তিক সুয়ের বাচ্চা,Negative,Unbiased,20,3
"কতো দিন হইছে আওয়ামিলীগ করোছ হয়তো জানিনা কিন্তু তুই মানুষ না তুই এই যুগের কাফের মুদি,......তুই''ত নাস্তিক.....তোর জন্মের ঠিক নাই.......তুই আওয়ামিলীগ কে নষ্ট করতে এই পেইজ খোলছত",Negative,Unbiased,174,27
"আপনার পরিবার পুরাই নাস্তিক, তাহলে আপনি আল্লাহ্ কে কি করে বিশ্বাস করবেন?সময় আছে মহান রবের কাছে আপনার পরিবারকে বলুন ক্ষমা চাইতে তা না হলে কঠিন শাস্তি পেতে হবে মরার পরে।",Negative,Unbiased,166,30
নাস্তিক আবার আল্লাহর কাছে ক্ষমা চায় কিভাবে...!বুজলাম না বিষয় টা....,Negative,Unbiased,67,10
তাহলে তো নাস্তিক,Negative,Unbiased,16,3
তুই তো একটা নাস্তিক।মরলে বুঝবি।,Negative,Unbiased,31,5
ওর নাটক কেউ দেখবানা।শালিরে বেশি উপরে উঠিয়ে দিয়েছি আমরা।নাস্তিক শালি,Negative,Unbiased,67,10
নাস্তিক  সেটা তোমার ব্যাপার!,Negative,Unbiased,28,4
অসাধারণ লুক।,Strongly Positive,Unbiased,12,2
ভ্যাক্সিন আবিষ্কার হয়ে গেছে। বিজ্ঞানীরাই পেরেছে। অন্য কেউ নয়।,Strongly Positive,Unbiased,61,9
তোকে জন্ম মানুষে দেইনি তাহলে কুত্তার জন্ম তুই,Strongly Negative,Bullying,45,8
জায়েদ খান কে উনি চিনলানা  আরো অনেক আগে এক জায়েদ খান নামে একলোক ছিলো পুরান ঢাকায়  কাগজ টোকাই ছিলো সে নাকি   & জায়েদ তুমি যেই হওনাকেনো হিরু  আলমের পায়ে ধরে মাফ চাও,Negative,Bullying,161,32
সাফারেওরে জুতা পারো,Strongly Negative,Creepy,19,3
"ভন্ধু, তোমার জুতাজোড়া আম্রে দিয়া দাও",Strongly Negative,Creepy,36,6
চমৎকার..... পিছন দিয়ে একটা বাশ দিয়ে ধরলে ভালো হতো.......,Negative,Unbiased,56,9
অভিনন্দন ,Strongly Positive,Unbiased,9,1
জয় বাংলা জয় বঙ্গবন্ধু জয় শেখ হাসিনা,Strongly Positive,Unbiased,38,7
"ভাই শুধু গালিই না। ওরে টঙ্গী, পুবাইল, কালীগঞ্জ, গাজীপুর, এর ভেতরে আসলেই হয়। আমার সামনে একবার পাইলে হয়। ওরে জুতা মারবো ১০০% শিওর । আল্লাহ কছম।",Strongly Negative,Creepy,141,26
"মানুষ যখন পাপ করতে করতে যখন শিমা লংগন করে,তখন সে নিজে নিজে নাস্তিক হয়ে যায়,,কারন আল্লাহ তার কোপালে যাহান্নামের সিল মেরে দেন,,আর মুলেই তো বেজাল,ওর বাপ কে নাস্তিক হিসেবেই জনগন চিনে,সো মেয়ে তো নাস্তিক হবেই",Strongly Negative,Creepy,202,35
সবাই মিলে জুতা মারি,Strongly Negative,Creepy,19,4
ফকিন্ন মাইয়া র গালেজুতা মারি তালে তালে,Strongly Negative,Creepy,38,7
জুতা মেরে গরু দান.,Strongly Negative,Creepy,18,4
তেদের জন্য আজকে দেশে এত গজব আসতেছে....এই রকম Actor কে দেশ থেকে বিতাড়িত করে সেফু  দাদুর কাছে পাঠিয়ে দেওয়া হোক......    আল্লাহ সবাইকে হেদায়ত দেন                                  আমিন......,Strongly Negative,Creepy,186,25
উন্নয়নের মার্কা নৌকা মার্কা।বিজয় সুনিশ্চিত ইনশাআল্লাহ।,Strongly Positive,Unbiased,54,6
"মাশাআল্লাহ, আল্লাহ আপনাকে ও আপনার পরিবারের উত্তম ও নেক হায়াত দান করুন, আমিন।",Strongly Positive,Unbiased,77,13
আমাদেরকে বোকাচুদা বানানোর জন্য এই স্টেটাস না দিলেও পারতেন। মানুষ যা বুঝার বুচ্ছে। জয় বাংলা জয় বঙ্গবন্ধু....,Negative,Creepy,107,17
পশুর চেয়েও নিকৃষ্ট তুই।।কারন পশুও তার মালিক কে চেনে...,Negative,Creepy,54,9
"তুমি জানি কি পাপ করছো গো তাই ভাব নিয়া বুকার মতো এই কথা বলতে গেলা এইবার ঠেলা সামলাও,,বুকা*দা",Negative,Creepy,91,18
নুনু মুটেউ না,Negative,Creepy,13,3
৫লক্ষ ৭০হাজার ৯৬২ জন ফেইসবুক বন্ধু সহ ৫হাজার ফলোয়ারকে নিজের স্তন দেখিয়ে লোভ লাগিয়ে আত্ততৃপ্তি পাওয়ার মানসিকতা নিয়ে মানুষকে মানবতার স্বপ্ন দেখান আপনি সেই মাগি।,Negative,Creepy,158,25
চুদিনা তোরে,Negative,Creepy,11,2
সাফা কবির আপনার মা বলতে পারবে আপনার জন্মদাতা পিতা কে? আপনি তো বলতে পারবেন না আসলে আপনার জন্মদাতা পিতা কে? আজ যাকে বাবা বলে ডাকেন কেন জানেন সেটাই বিশ্বাস কারন জন্ম দেওয়ার সময় তো বাবাকে দেখেননি না দেখে কেন বাবাকে বাবা ডাকেন? তেমনি পরকাল...মাগি,Negative,Creepy,241,44
এটা একটা খানকি মাগি। বাপতে ভালই ছিল কিন্তু মেয়েটা হয়েছে একটি বৈশা পতিতা।,Negative,Creepy,72,13
নীলাভ্র নীল কিরে শালা তোর সাথে কি চুদা দেয় নাকি,Negative,Creepy,47,10
"বিয়ের আগে তো ঠাপাচ্ছে,,,,তাও হচ্ছেনা। ল্যাংটা হয়ে তার পিক দেওয়া লাগবে",Negative,Creepy,69,11
"এ সব মেয়েদের কোন লজ্জা নাই,এরা হলো ইসলামের শক্র.এদের রাত কাটে হোটেল.বেইশ্যা সাফা কবির.তার জম্মের সমস্যা আছে লুইচ্চা মাইয়া",Negative,Creepy,121,19
তুর মাগির মারে চুদি,Negative,Creepy,19,4
মাগির গরের মাগি তু তু,Negative,Creepy,21,5
আপনি অন্তর থেকে তওবা করুন (ফিরে আসুন) এবং ধর্মীয় সঠিক জ্ঞান অর্জন করুন। আল্লাহ আপনাকে ক্ষমা করবেন ইনশাআল্লাহ।,Positive,Unbiased,109,18
অসাধারন সময়োপযোগী লেখনী,Positive,Unbiased,23,3
"আল্লাহ আপনাকে হেদায়েত দিক, আমিন।",Positive,Unbiased,32,5
ধন্যবাদ হীরো আলম।,Positive,Unbiased,17,3
আওয়ামীলীগের এসব সুনাম ও তৃনমুলের কাজ অনেকে প্রচার করে না। তবে কৃষকের আত্মার শান্তি সরকারের জন্য সফলতা বয়ে আনবে।,Positive,Unbiased,111,19
হিরো আলম সুন্দর করে বাঁশ দিছে বিয়াদব ২ টাকে,Positive,Unbiased,43,9
মহান রব আমাদের হেফাজত করুক এবং খেদমত  করার তৌফিক দান করুক।,Positive,Unbiased,58,11
"প্রিয় সজিব ওয়াজেদ জয় মামাআপনাকে আমাদের প্রাণপ্রিয় নেতা জননেতা আলহাজ্ব Nurunnabi Chowdhury Shawon MP,মহোদয়ের পক্ষ থেকে লালগোলাপ শুভেচ্ছা ও উষ্ণ অভিনন্দন।",Positive,Unbiased,152,21
নৌকার জয় সুনিশ্চিত ইনশাআল্লাহ,Positive,Unbiased,29,4
ধন্যবাদ হিরো আলম জায়েদ খানকে বঁাশ দেওয়ার জন্য,Positive,Unbiased,45,8
"চোখ থেকে মুছে ফেলো অশ্রু টুকু,এমন খুশির দিনে কাঁদতে নেই. . .হারানো স্মৃতির, বেদনাতে, একাকার করে মন রাখতে নেই. . .ওরা আসবে চুপি চুপি,কেউ যেন ভুল করে গেওনাকো মন ভাঙ্গা গান . . ........................মহান বিজয় দিবসের অবিরাম শুভেচ্ছা।",Positive,Unbiased,231,38
ঐ ভালো লাগছে,Positive,Unbiased,12,3
ধন্যবাদ ক্ষমা প্রার্থনা করে বক্তব্য দেওয়ার জন্য। আল্লাহ্ ক্ষমাশীল তিনি আপনাকে নিশ্চয়ই ক্ষমা করবেন। ভবিষ্যতে ইসলাম সম্পর্কে না জেনে কোন কথা বলা থেকে বিরত থাকুন।,Positive,Unbiased,159,25
"গালাগাল দিয়ে নয়,পারলে গঠনমূলক সমালোচনা করেউনার ভূল শুধরে দিন।ভূলে যাবেন না,ইসলাম সহনশীলতার ধর্ম!পরিশেষে,নিজ কর্মের জবাবদীহি নিজেই করতে হবে...",Neutral,Unbiased,141,18
এতো সুন্দর পোষ্ট করে মাফ চাওয়ার জন্য আপনি পাচ্ছেন আমাদের কেয়া কসমিটিক্স এর পক্ষ থেকে একটি আকর্ষণীয় কাপড় কাচা বল সাবান,Neutral,Creepy,117,21
নাটকের কাহিনী সেই পুরোনো। বিয়ে করতে চাই না - ত্যানা প্যাচানো এক কাহিনী,Neutral,Unbiased,70,13
বগুড়ার পুলাটারে সারা দেশ চিনে।কিন্তু জায়েদ ফ্যান কে কয় জনে চিনে,Neutral,Unbiased,63,11
কাফফারার টাকা কি এখানে দেয়া যাবে?,Neutral,Unbiased,33,6
ভোট দিতে পারবনা। কারন আমি গাজিপুর এ থাকি। ভোটের দিন ঢাকায় যাওয়া সম্ভব হবে না।,Neutral,Unbiased,77,15
আল্লাহ হয় এদেরকে হেদায়েত দাও না হয় ধ্বংস করে দাও।,Neutral,Unbiased,49,10
পরের সিরিজ কবে কোথায় ?,Neutral,Unbiased,23,5
"এই মাগির পেইজে সবাই রিপোর্ট মারেন,,,",Negative,Creepy,36,6
এটা কোন মাগি দেখেন তু,Negative,Creepy,21,5
"জনি সিনসের সাথে থাকতে থাকতে, এই রকম কথা বলা শুরু করে দিছে । সেফুদার কাছে পাঠাতে হবে",Negative,Creepy,83,17
"জারজ সন্তান রাও এই রকম গাজাখুরি কথা বলে না। দুই টাকার সেলিব্রিটি হয়ে যে ভাব, সাকিব, তামিম বা জাহানারা দের মত সেলিব্রিটি হলে, কি বলত আল্লায় জানে!!!",Negative,Creepy,146,27
"সাফা, তোরে জুতাবো আমি সামনে আয়!!!",Strongly Negative,Creepy,33,6
"জুতামো তরে,সামনে আয়",Strongly Negative,Creepy,19,3
"জুকারবার্গ ভাই আপনি দয়া করে অতিশীর্ঘ্রয় একটা জুতার রিয়েক্ট চালু করেন,-এ্যাঙ্গরি(angry) রিয়েক্ট দিয়ে মনে এক ফোঁটা শান্তি পাচ্ছি না...",Strongly Negative,Creepy,132,19
শালির গালে জুতা মার তালে তালে,Strongly Negative,Creepy,29,6
অসাধারণ সিদ্ধান্ত,Strongly Positive,Unbiased,17,2
চমৎকার সব সময়,Strongly Positive,Unbiased,13,3
"বেশিরভাগ নাস্তিকদের নাম কবির দিয়ে শেষ হয়েছে, যেমন নাস্তিক সাফা কবির, জন কবির, শাহরিয়ার কবির।",Negative,Unbiased,92,15
তরএই রুপ যৌবন যেন আল্লাহ্ কেড়েনিয়ে শুয়রের চুরুত দেয় চু নাস্তিক মহিলা,Negative,Unbiased,68,12
নাস্তিকর নাস্তিক,Negative,Unbiased,16,2
এই নাস্তিকের সকল কর্ম ক্ষেত বন্দ করে দেওয়া হকসে এখন নাস্তিক হয়ে গেছে,Negative,Unbiased,68,13
এই নাস্তিক আবার আসলো কোথেকে,Negative,Unbiased,27,5
"ওনি বলেছেন যা চোখে দেখিনা তা বিশ্বাস করিনা, কিন্তু ওনি অনেক কিছুই দেখে না, যেমন বাতাস, ফুলের গন্ধ তাহলে এগুলো বিশ্বাস করে কেমনে, আসলে নাস্তিকরা এমনি হয়",Negative,Unbiased,151,27
বাংলার জমিনে কোনো নাস্তিকের ঠাঁই নেই.! এটা ইখতিয়ার উদ্দীন মুহাম্মদ বীন বখতিয়ার খলজীর জমিন! এটা শাহজালালের জমিন! এটা কাজী নজরুলের জমিন! এটা রবীন্দ্রনাথের নয়.!,Negative,Unbiased,157,24
ফাঁসি হওয়া উচিত,Strongly Negative,Creepy,15,3
এই বেশ্যা খানকিরে দেশ থেকে বিতারিত করে দেওয়া হোক সে রাষ্ট্রদোহী।,Strongly Negative,Creepy,64,11
অপরাধীদের দ্রুত শাস্তির অাওতায় অানা উচিত।,Strongly Negative,Creepy,41,6
তুই নডি তর ফাসি চাই,Strongly Negative,Creepy,19,5
আজ থেকে তর সকল নাটক থেকে নিজেকে ফিরিয়ে নিলাম।দূর হয়েযা নাস্তিক এর বাচ্চা,Strongly Negative,Creepy,72,13
ওকে সেফুদার কাছে পাঠিয়ে দাওকমপক্ষে ট্রাস ট্রাস করে অন্তত তিন মিনিট মারবে,Strongly Negative,Creepy,72,12
কুত্তার বাচ্চা তোকে অনেক ভাল লাগতো আমি কখনো তোর  একটাও নাটক মিস করি নাই তুই কুত্তার বাচ্চা যে কথাটা বলেছি আমার ইচ্ছা করছে জুতা তোর বোদায় দি,Strongly Negative,Creepy,139,27
জয় বাংলা ❤,Strongly Positive,Unbiased,10,3
হাসি.... <3 <3বাংলাদেশ কবে এমন হাসি হাসবে সাকিব ভাই,Strongly Positive,Unbiased,51,9
ভালবাসা ❤❤❤,Strongly Positive,Unbiased,11,2
বিনম্র শ্রদ্ধা ❤❤❤,Strongly Positive,Unbiased,18,3
সালি এমন যায়গায় ##টেক দিমু   সালি তোর আজীবন  মনে থাকবে এখন ভালো  হয়ে যা সময়  আছে,Strongly Negative,Creepy,80,16
মাগির বাচ্ছা তর কথা শুনে খুব খারাপ লাগলো তুই তো আমার ফেভারিট Actor chele এখন তরে জুতা মারবো,Strongly Negative,Creepy,91,18
বাংলা মুভিগুলো দেখার রুচি নষ্ট করে দিচ্ছে এইসব আবাল মোকছেদ।বাংলা চলচ্চিত্রে এতো ভালো ভালো শিল্পী থাকতে এদের নিয়ে ছবি করাটা হচ্ছে লজ্জাজনক।,Negative,Bullying,138,22
এমনি হয় দেহ ব্যবসায়ীদের।,Negative,Bullying,24,4
দেশে মহামারা চলছে ।,Negative,Unbiased,19,4
লাভ ইউ ম্যাশ ❤,Strongly Positive,Unbiased,14,4
সামনে কোরবানীর ঈদ,Strongly Positive,Unbiased,17,3
চেহারা  দেখে  মনে হয়  গনধর্ষনের শিকার ,Strongly Negative,Bullying,38,6
একটু রাস্তায় বের হন দেখেন দুপাশে গরীব মানুষের হাহাকার আর চউলচোর দের উল্লাস।,Strongly Negative,Bullying,75,13
তোরে একটু জুতা দিয়ে পিটাতে পারতাম তাহলে আত্মায় শান্তি পেতাম,Strongly Negative,Creepy,59,10
জাহিদ খান কে জুতা মেরে চলচ্চিত্র থেকে বের করে দেওয়া হোক,Strongly Negative,Creepy,56,11
জুতা মার সালিকে,Strongly Negative,Creepy,15,3
ওকে সবাই বয়কট করুন,Strongly Negative,Creepy,18,4
হেতিরে জুতা মারেন।,Strongly Negative,Creepy,18,3
জুতা মার নাস্তিক মহিলাকে,Strongly Negative,Creepy,24,4
ড.কামাল আপনার দাদা ও মায়ের এক সময়ের ঘনিষ্ঠ বন্ধু বা সহোচর।যার পাওনা তাকে না বুঝিয়ে দিয়ে উল্টো তাকে হেনস্তা করেন স্যাটেলাইট দিয়ে।,Negative,Unbiased,128,22
টপ ফ্যান আমি!  চলো ভাত খাই! ,Strongly Positive,Unbiased,28,6
দেশের প্রেক্ষাপটে আওয়ামীলীগ সরকার অতুলনীয়।,Strongly Positive,Unbiased,42,5
গুরু তুমি এগিয়ে যাও আমরা আছি তোমার সাথে।,Strongly Positive,Unbiased,40,8
সঠিকভাবে জুতা মারার জন্য আপনাকে ধন্যবাদ হিরো আলম ভাই,Strongly Negative,Creepy,52,9
"আগে ত মরেন,,পরে বুজবেন পরকাল আছে কি নেই",Strongly Negative,Creepy,39,8
এসব বলে কি প্রমাণ করতে চাও? অনেক শিক্ষিত তুমি?,Strongly Negative,Creepy,46,9
এদের গনপিটুনি দেওয়া উচিত,Strongly Negative,Creepy,24,4
"দারুন হয়েছে ভাই হিরো আলম, তুমি আগিয়ে যাও সারা বাংলা আছে তোমার পেছনে। তুমিই হবে বাংলার শাহরুখ খান।",Strongly Positive,Unbiased,97,18
তাহলে তো আল্লাহর সৃষ্টিকর্তাও থাকতে হয়?,Negative,Unbiased,39,6
মাশা আল্লাহ্। মহান আল্লাহ্ রব্বুল আলামিন আমাদের নেত্রী আমাদের মা কে নেক হায়াত ও সুস্থতা দান করুন। আমিন।যুবদল ঢাকা মহানগর দক্ষিন।,Strongly Positive,Unbiased,128,21
সালিকে dislike kro আনসবক্রাইব করো।,Strongly Negative,Creepy,34,5
জুতা দেয় জাহিদ,Strongly Negative,Creepy,14,3
ভাইরে ভাই !! আর নিতে পারতাসি না !! নিউস ফিড ভরা আপনার নিউজ আপা !! ,Neutral,Unbiased,66,15
আমার বাড়ির সামনে দিয়ে গেছো...!!!,Neutral,Unbiased,32,5
"বাংলা সিনেমা বলতে একমাত্র কলকাতার সিনেমাই বুঝা যায়,  বাংলাদেশের সিনেমা তো সেই কবে ধ্বংস হয়ে গেছে ৷",Neutral,Unbiased,98,17
নির্দেশের অপেক্ষায়-,Neutral,Unbiased,19,2
"আপনি ভবিষ্যতে যে কোন মিডিয়াতে মন্তব্য করার আগে অত্যন্ত সতর্ক থাকবেন ! আমি স্পেশালি আপনাকে Beauty Without Brain এরকম ট্যাগ করতে চাচ্ছি না ! আপনি সুন্দরী , শিক্ষিতা , এবং বিবেকবান !",Neutral,Unbiased,179,32
"ওরে বাবা! কী বিশাল বোঝা মাথায় তুলেছে। হয়েছে, অনেক হয়েছে।",Neutral,Unbiased,56,10
স্পিচললেস......,Neutral,Unbiased,15,1
আজকে সবে বরাত চোখে দেখতাছে :p,Neutral,Unbiased,29,6
বর্তমানে নাস্তিক মানেই ইসলামের সমালোচক।,Neutral,Unbiased,39,5
মিডিয়া জগতে একটুখানি সেলিব্রিটি হয়ে অহংকারে পা মাটিতে পড়ছে না । তোর মত অনেকেই গেছে । তুই বল তোর বাবা ক? তোর বলতে পারবে । তুই যে নাস্তিকের খাতায় নাম লিখালি।,Neutral,Unbiased,155,31
তাকে দেখতে ইহুদির মতই লাগে সে কিভাবে বিশ্বাস করবে পরকাল কি,Neutral,Unbiased,58,11
"এইটা কোনো কথা ? এই মেয়েটাকে চোখের সামনে নাখলপাড়ায় বড় হতে দেখেছি এখন অনেক বড় হয়ে গেছে , আবার শুনলাম সে নাকি এখন নাস্তিকের খাতায় নাম দিয়েছে। তাহলে তো ওর বাপের কাছে নালিশ করতে হয়",Neutral,Unbiased,175,35
"এমনি তে সাফা জান্নাতে যাবে না,তাই আগ থেকে পার্ট নিচ্ছে।নাস্তিক বাদি কথাবার্তা শুধু নাস্তিকদের মানায়,,,,সাফা",Neutral,Unbiased,107,15
জাহান্নাম খুব ভয়ংকর... দুনিয়াটা ক্ষণস্থায়ী,Neutral,Unbiased,42,5
জাহান্নাম খুব ভয়ংকর,Neutral,Unbiased,19,3
সাফা কবির নাস্তিক তাই তার নাটক দেখা হারাম। মিয়া খলিফা আস্তিক তাই তার ভিডিও দেখা আরাম। এখন আসি মিয়া খলিফা আস্তিক কিভাবে!! মিয়া খলিফা তার ভিডিওতে ও মাই গড! ও মাই গড! বলে জোড়ে জোড়ে চিল্লায়। এ থেকেই প্রমানিত হয় মিয়া খলিফা আস্তিক.?,Neutral,Unbiased,226,43
আগে এ ধরণের পোস্ট করতে তো দেখি নি...,Neutral,Unbiased,36,8
"অদেখা জিনিসে ত ওর believe নাই,এইটা কেমনে করলো..",Neutral,Unbiased,47,8
আল্লাহ আমাদের সাহায্য প্রদান করার তৌফিক দান করুন,Positive,Unbiased,48,8
আল্লাহ সবাইকে হেদায়েত নসীব করুন..!,Positive,Unbiased,34,5
আসসালামু আলাইকুম।একটি বিশেষ ঘোষণা।বর্তমান সময়ের সবচেয়ে বড় সমস্যা ডেঙ্গু মশা।আল্লাহ আমাদের সবাইকে সুস্থতা দান করুন।আপনার আমার সবার জন্য প্রয়োজন সচেতনতা।আমাদের কাছে পাবেন সিঙ্গাপুর থেকে আমদানী কৃতডেঙ্গু প্রতিরোধক তৈল স্বল্প মূল্যেঅত্যন্ত কার্যকরী।ইনবক্সে যোগাযোগ করুন।,Positive,Unbiased,270,33
নাস্তিক.. সবাই unlike দেন,Positive,Unbiased,25,4
সবাই unlike করেন নাস্তিকে,Positive,Unbiased,25,4
কয়ডা লাগে তোর?,Strongly Negative,Bullying,14,3
কি ডরাই গেছ নাকি? পরকাল বিশ্বাস করনা। এখন আল্লাহর নাম মুখে নেন লজ্জা করেনা। বেহায়া জন্ম পরিচয়হিন বেয়াদব।,Negative,Bullying,104,18
বালডারে দেখলে থাপ্পড়াতে ইচ্ছা করে,Strongly Negative,Bullying,33,5
এখন এইসব বালছাল লিখে  কি লাভ,Strongly Negative,Bullying,28,6
"যেই ঐক্যের কোন ভিত্তি নাই, বহিষ্কার এতে কিছুই যায় আসে না দিদির।",Strongly Negative,Creepy,63,12
তীব্র প্রতিবাদ জানাচ্ছি এবং সুষ্ঠু বিচার প্রার্থনা করছি,Negative,Unbiased,55,8
মাশা-আল্লাহ সব চেয়ে সুন্দরী।,Strongly Positive,Unbiased,28,4
ঈদ মোবারক। Unique Idea!,Strongly Positive,Unbiased,23,4
"জয় বাংলা,",Strongly Positive,Unbiased,9,2
সালা জায়েদ্দারে ভালা করে বাঁশ দে,Strongly Negative,Creepy,32,6
"সাফা তুর সব নাটক ই প্রায় অামি দেখতাম,,,,,,অার অহন যা শুনলাম অার দেখলাম,,,,অামার মন চাইতাছে তুরে জুতা দিয়া পিটায়",Strongly Negative,Creepy,111,19
তাসলিমা নাসরিনের মত ওর মাথা নিলামে তুলা হোক,Strongly Negative,Creepy,43,8
আকজন মানুষ কখন সে পরকাল belive করবে যেদিন কেও কার উপকারে আসবে নাহ সেদিন হল কেয়ামত তখন তর বাব আইয়াও তরে বাচইতে পারবে। abong যে পরকালে নবি মুহাম্মাদ (রঃ) সুপারিস ছাড়া জান্নাত পাবে না। তুই সেই পরকাল কে bissahs koros na,Strongly Negative,Creepy,215,41
নাস্তিক জাতির সামনে ক্ষামা চা নাইলে উচিচ জবাব দেওয়া হবে,Negative,Unbiased,55,10
আসছে জংগী!!!!,Negative,Unbiased,13,2
"আমি এখনো  দুনিয়া থেকে যাইনি,,তোদের মতো নাস্তিক দের মাঝ_নদীতে নামাইয়া পোন্দানির জন্যই আমার অতৃপ্ত আত্মা বিভিন্ন পেজের কমেন্ট বক্সে ঘুরে বেড়ায়,,,",Negative,Unbiased,143,21
এই জীবনে যত গালি শুনেছি তার প্রয়োগ ঘটাতে চেয়েছিলাম । কিন্তু আত্নীয়স্বজনের ভয়ে কিছু কইতে পারলাম না । নাস্তিক।,Negative,Unbiased,108,19
নাস্তিক মাগি,Negative,Unbiased,12,2
বেশ্যা কে বেশ্যা বলে নিজেকে ছোট করতে চাইনা।।নাস্তিক শাঊয়া কবীর,Negative,Unbiased,62,10
কি সুন্দর লাগছে! মাশাল্লাহ  ,Strongly Positive,Unbiased,28,4
তোর মুখে জুতামারি,Strongly Negative,Creepy,17,3
ওকে ফাঁসি দিন,Strongly Negative,Creepy,13,3
শুধু বহিষ্কার করলে হবেনা ওরে গরম ডিম দেওয়ার ব্যবস্তা কর তে হরে,Strongly Negative,Creepy,63,12
ওই সংগঠনে দেশ থেকে ব্যান করে দিতে হবে,Strongly Negative,Creepy,37,8
তোরমাকে চুদি খানকির পোলা তরে জবাই দিবো,Strongly Negative,Creepy,38,7
আলো#মাদার চোদতোরে পাইলেতোর পাছায় গরম ডিমভরুম।খানকির পোলাতোরে তোরাস্তার কুত্তায় জন্ম দিছে।তোরে তোর মাজন্ম দিয়া পৃথিবী টারেনস্ট করছে।তোরে পাইলেতোরে রাস্তায় ফালাইয়াজবাই করবো।পারলে তোর ঠিকানাদিস।তুইতো পতীতা পল্লীরকোন এক গাঁজা খোরেরকন্ডম দূর্ঘটনার ফসল।,Strongly Negative,Creepy,247,30
জুতা মার সবাই,Strongly Negative,Creepy,13,3
আসো খেলবো খেলা হবে,Strongly Negative,Creepy,19,4
"খুব সুন্দর একটি নাটক, ককয়েকবার দেখেছি ভাইয়া…",Strongly Positive,Unbiased,44,7
জয় বাংলা,Strongly Positive,Unbiased,9,2
"তবে সবকিছুর উর্দ্ধে আমার একটা লাভ হইছে,আগে সাফা কবির কে চিনতাম না,এখন চিনলাম!!!",Strongly Positive,Unbiased,79,13
নাস্তিকের দুই গালে জুতা মারো তালে তালে,Strongly Negative,Creepy,38,7
"নাস্তিকের গালে গালে জুতা মারো তালে তালে,,, যে পরকাল বিশ্বাস করো না আল্লাহকে বিশ্বাস করো না, সে তো এখন নাস্তিক, তাই তাকে উলঙ্গ করে পাথর নিক্ষেপ করা হোক,,,",Strongly Negative,Creepy,153,28
"এদের কে এ দেশ থেকে বের করে দেওয়া হোক, এদের দারাই আজ সব কিছু নষ্ট হয়েগেচে",Strongly Negative,Creepy,72,16
আপু আপনাকে সামনে পাইলে একটু জুতা দিয়া মারতাম,Strongly Negative,Creepy,44,8
কোনো নাস্তিক এর জায়গা বাংলাদেশে হবেনা। তসলিমা নাসরিনের মত একেউ বিতারিত করা হউক।,Strongly Negative,Creepy,79,13
আগে নিজে ভাল হও।,Strongly Negative,Creepy,16,4
জননেতা এম নাছের রহমান সাহবের পক্ষ থেকে সংগ্রামী অভিনন্দন,Strongly Positive,Unbiased,56,9
"তোমার মাঝেই স্বপ্নের শুরু,তোমার মাঝেই শেষ ৷ তবু ভালো লাগা ভালোবাসাময় তুমি, আমার   বাংলাদেশ ৷    মহান বিজয় দিবসের শুভেচ্ছা",Strongly Positive,Unbiased,121,19
কুত্তার বাচ্চা জাউরা এই ভিডিওটা তুই বানায় ছিস তোরে জবাই করতে হবে,Strongly Negative,Creepy,64,12
"আল্লাহকে বিশ্বাস কিভাবে করবে,আগেই তো জনিদা কোপাইছে, বস জনিদা আপনার মত একটা ভালো প্লেইন গ্রাউন্ড পাওয়াতে আমরা পর্ন লাইকাররা বিষন শিহরিত, জনিদা ছক্কা মেরেও মজা পাইবো,আর আমরা তা দেখে মজা নিব।বেস্ট অপ লাক সাওয়া কবির।",Strongly Negative,Creepy,212,35
সাবধান ঘরের বাইরে আর যেওনা  মোল্লারা পাইলে উদাহারন সহ বুঝাইয়া দিবেন,Strongly Negative,Creepy,67,11
"এই ভদ্র মহিলা কে দেশ থেকে জুতা মেরে বের করে দিয়া হোক,",Strongly Negative,Creepy,53,12
কুকুরের বাচ্চারে আমি যদি পাইতাম জবাই করতাম,Strongly Negative,Creepy,42,7
"তৱ মোখে জুতা মাৱা ইচিদ তৱ জৱমেৱ ঠিকনাই,ইসলাম নিয়ে আৱ কথা বলবিনা কেমন এখনো সময় আছে",Strongly Negative,Creepy,83,16
সালা আমি নিশ্চিত হলিউড মোভি ফেল মারবে,Negative,Bullying,37,7
এই জানোয়ার কোন ক্ষেতের ফসল জানেন?,Strongly Negative,Bullying,33,6
"তুই তো পরকালে বিশ্বাসী নাতোর গোয়া দিয়ে যখন পরকাল ভরা হবে তখন বুঝবি পরকাল কি জিনিস..,, নাস্তিকের বাচ্চা নাস্তিক",Negative,Unbiased,112,19
"তুই এখনো তোর ভুল হইছে শিকার করলি না,তার মানে তুই যে কি ভুল করছস সেটা তুই জানছই না।বরং ভুল শিকার না করে বললি যে,,, #আমি_যদি_কোন_ভুল_করে_থাকি_তাইলে_আমাকে_ক্ষমা_করে_দিবেন।তুই আসলেই একটা নাস্তিক।",Negative,Unbiased,193,28
নাস্তিক একটা,Negative,Unbiased,12,2
তুমি নাস্তিক সেজন্য বিশ্বাস করনা,Negative,Unbiased,32,5
নাস্তিক এসেছে জ্ঞান দিতে। ভাইরাল হবার জন্য।,Negative,Unbiased,43,7
নাম্বার ওয়ান নাস্তিক এটা,Negative,Unbiased,24,4
নাস্তিক এই কাফির মেয়েকে সবকিছু থেকে বয়কট করা হউক।,Negative,Unbiased,49,9
"মাগি, নটি, কাফির, জারজ, নর্দমার কীট",Negative,Unbiased,35,6
নাস্তিক দেখলাম না,Negative,Unbiased,17,3
আমি যদি ভূল করে থাকি? তার মানে কি?? শালি নাস্তিকের ঘরে নাস্তিক।শাহরিয়ার কবির মূরগী চোর হেতির আব্বা।সেই ধনের ফসল হেতি,Negative,Unbiased,116,20
মহান বিজয় দিবস এর শুভেচ্ছা ❤জয় বাংলা ❤জয় বঙ্গবন্ধু ❤,Strongly Positive,Unbiased,52,10
সালি তো একটা মাগি,Strongly Negative,Bullying,17,4
"ওরে হাড্ডি রে, কিছু খা! এম্নে না খেয়ে কোথাকার দুর্ভিক্ষ দূর করবি?",Strongly Negative,Bullying,65,12
"এ সাফা কবিরঅাসলে তোর পরিচয় কি,,সোন তুই একটু শক্ত জামা কাপুর মডেলিং করো,,সোন মডেলিং কিন্তু( হিরো অালমওকিন্তু মডেলিং  করে) এমন ওছান ওছামু,,তোর মডেলিং,, নাটক,,একশাত কইরাহামু,  বান্দর চোন",Negative,Bullying,183,27
"ছালা,পইরা চোখে অাবার মারবেলও দেও তোরে উটের সাথে বাইন্দা,,মরুভূমির বালুতে টানমু,,,তোই বাশাথেকে বের হবিনা তাইলে জনগনের পারানি খাবি,",Negative,Bullying,129,18
রাজপথে নেমে দেশনেত্রী খালেদা খালেদা জিয়ার মুক্তি করতে হবে,Strongly Negative,Creepy,57,9
রাজ পথে দেখতে চাই সবাইকে,Strongly Negative,Creepy,24,5
যে পরকালের বিশ্বাসী না! সে নাস্তিক! তাই এই শালির বেটি কে বাংলার মাটি থেকে বিতারিত করা হোক! নইলে বাংলার মাটি কলংক্ঙই থেকে যাবে !!!!!!,Strongly Negative,Creepy,132,24
শুভ নববর্ষ।,Strongly Positive,Unbiased,11,2
"সিবাস,,,,, হিরো আলম",Strongly Positive,Unbiased,19,3
তোমাদের দুজনকে খুব সুন্দর লাগছে,Strongly Positive,Unbiased,31,5
সত্যি খুব সুন্দর লাগছে তোমায়,Strongly Positive,Unbiased,28,5
ওর পেজ অনলাইক করে সবাই ওকে চাঁদে পাঠিয়ে দেন ।,Strongly Negative,Creepy,45,10
ওর কপালে কষ্ট আছে,Strongly Negative,Creepy,17,4
জুতা মারি মাগির মুখে,Strongly Negative,Creepy,20,4
এডমিন ভাই আপনি লিখেছেন এই মেয়েটার জষ-খ্যাতি অনেক আছে কিন্তু এটাই চরম সত্য যে আমি তাকে চিনি না এজন্য হয়তো আলোচনার শীর্ষে আসার জন্য নাস্তিকের মত নোংরামি পথ বেছে নিয়েছে। মনে হচ্ছে মাগির গালে জুতা মারি।,Strongly Negative,Creepy,201,36
জুতা মারো তালে তালে,Strongly Negative,Creepy,19,4
জুতা বারি,Strongly Negative,Creepy,9,2
তোরে জুতা,Strongly Negative,Creepy,9,2
জুতার নিচে গু ছবির নাম হ‌ওয়া উচিত ছিল।,Strongly Negative,Creepy,39,8
নাটকটা দেখলাম। অসম্ভব ভালো লাগলো ,Strongly Positive,Unbiased,33,5
হরে কৃষ্ণ,Strongly Positive,Unbiased,9,2
মোড় জুতা দিয়া তোর গাল দুইডা ছিড়াইঅ্যালবাম,Strongly Negative,Creepy,41,7
"মোড় জুতা, তর গাল",Strongly Negative,Creepy,16,4
গরু মেরে জুতা দান,Strongly Negative,Creepy,17,4
জুতা পিটা করা উচিত,Strongly Negative,Creepy,18,4
জয় বাংলা ✌ ✌,Strongly Positive,Unbiased,12,4
ডান্ডির বাইচ্চাতুই শুধু দেশে আয়সকল ধর্ষকের কাছে তোকে তুলে দেয়া হবে,Strongly Negative,Creepy,66,11
"কি বলবো বাড়া, আমি আগেই সুশীল হয়ে গেছি।",Negative,Creepy,38,8
এটা যে করেছে তার জর্ম কোন পতিতালে কনডম দুরগটনায় হয়েছে,Negative,Creepy,53,10
শালা মাতাল চোদা। বুড়ো চোদা। সালা কথা বলতে জানে না ভোদা মুখো,Negative,Creepy,59,12
মাগীর জন্মের ঠিক নাই...!!তাই বিশ্বাস করতে পারে না ..!অরে কুত্তায় চুদে পয়দা করছে...শালি খানকী মাগী...,Negative,Creepy,101,15
মাগী তুই আমার কাছে আয় ...তোকে খেলবো খেলা হবে আয়..,Negative,Creepy,51,10
মাদারচোদ তোর নুনু তে লাথি দিমু,Negative,Creepy,30,6
দেশ কেন ভাগ হইছিল ১৯৪৭ সালে মুর্খচোদা তা জান???,Negative,Creepy,47,9
হেতিরে গরম ডিম দে।হেতিয়ে মাগী হইয়া গেছে বেশরম মাগী।তুর নাটক আজ থেকে আর দেখব না।তুই আল্লাহর নিকট ক্ষমা চা।তওবা কর।জাতির নিকট লাইভে এসে মাফ চা,Negative,Creepy,140,25
পরি তোমার ভোদাতে আমার সোনা দিতে চাই,Negative,Creepy,35,7
সাফাতো বেস্যার মেয়ে ও নিজেই স্বিকার গেছে সাফাও খানকি।,Negative,Creepy,53,9
বাড়া মনি!!!,Negative,Creepy,11,2
পারিবারিক বিষয় নিয়ে সমালোচনা কাম্য নয়।তবুও বলছি যে পোস্ট করেছে তারে ধয়রা আধাঘণ্টা পিটানো দরকার।,Negative,Creepy,99,15
বুক এত উঁচু কেন?,Negative,Creepy,16,4
খানকি মাগী বললেও তো লজ্জা লাগতেছে।মাগী।,Negative,Creepy,39,6
ল্যাংটা ছবি না দিলে তো চোখে পড়তো না আর দেখতামো না।।।,Negative,Creepy,52,11
শালীর ঘরের শালী।ল্যাংটা হইয়া বসে আছোস ক্যান?লজ্জা সরম নাই তোর,Negative,Creepy,61,10
"তোমায় দেখলে মনে হয়, তোমার পেটে আমার বাচ্চা আব্বা আব্বা কয়  ফিরিয়ে দাও আমারই মাল তুমি ফিরিয়ে দাও,এইভাবে মুখে নিও না",Negative,Creepy,114,21
কেমন বোধ করছো পাছা কবির?,Negative,Creepy,24,5
তুই একটা পতিতা তোর কাজ থেকে এটাই আসা করা যায় আর কিছু না... চুপ থাক খানকি মাগি তা না হলে তোকে ফাটাইয়া ফেলবো,Negative,Creepy,106,23
পরকালে যখন বাঁশ দিবে তখন বিশ্বাস করবি মাগী,Negative,Creepy,42,8
বিশ্ব মাগি,Negative,Creepy,10,2
শালীর মাগি,Negative,Creepy,10,2
কত বড় বোকাচুদি মাগি ভাবা যায়?? কোন টাইপের মুর্খ খানকি চিন্তা করা যায়?? আসলে বেশ্যারা এরকম হবে এটাই সাভাবিক,Negative,Creepy,106,19
"অরে আর এস টাওয়ারের আগুনে পুরাইলে বিশ্বাস করতো,পরকাল।দেইখা আসতো",Strongly Negative,Creepy,62,9
জুতা দিয়ে পিটাইতে পিটাইতে দেশ ছাড়ানো দরকার এই অসভ্যকে,Strongly Negative,Creepy,53,9
নিজেকে প্রতিষ্ঠিত করার জন্য তুমি যেমন ইচ্ছা তেমন করে চলতে পারো but মুসলিম দেশে থেকে উল্টো পাল্টা কথা বলার অাগে অাল্লাহর কথা মনে পরে নাই??এখন খুব নেকামো শুরু হইছে কেন??কিছু মনে করিস না তোকে এখন জুতা মারা উচিৎ জনগণের সামনে এনে,Strongly Negative,Creepy,224,41
এই শালিরে জুতাপেটা করে দেশথেকে বেরকরে দিতে হবে,Strongly Negative,Creepy,46,8
"তোরে তো ধোন.....দিয়া কোপানো উচিত,,,,,,,,,,,,,,,,,,,,,,,,",Strongly Negative,Creepy,56,5
জুতা মাৱ গালে,Strongly Negative,Creepy,13,3
"স্বাধীনতার অর্ধশতাব্দী পরও দেশের এই করুন অবস্থা, Canada র সমান অর্থনীতি র দেশে হাজারো লোক পথে পথে দুবেলা খাবারের খোজে  ",Negative,Unbiased,119,20
কি শুরু করলি তুই!,Strongly Negative,Creepy,17,4
কমেন্ট করুন দলে দলে জুতা মারুন তালে তালে,Strongly Negative,Creepy,40,8
"একটু আগে এডিডাস থেকে জুতা কিনে আনলাম, আপনারাও লাইনে দাড়ান, কেউ কম দামি জুতা ব্যাবহার করবেন না৷ আমরা পরিস্থিতি নিয়ন্তনে আনার চেষ্টা চালাচ্ছি✌",Strongly Negative,Creepy,140,23
আপু তুমি অনেক সুন্দর ,Strongly Positive,Unbiased,21,4
হিরোআলম ভাই এগিয়ে জান শুভকামনা,Strongly Positive,Unbiased,30,5
ভালবাসা অবিরাম....,Strongly Positive,Unbiased,18,2
আপনার সামনের বার সংসদ সদস্যের টিকেট কনফার্ম অন্তত এই নিউজের জন্যে।প্রধানমন্ত্রীর বকা খাইয়া সংবাদ সম্মেলনে আইসা বানোয়াট তথ্য ছড়াইতে না করে।,Negative,Unbiased,138,21
গরু মেরে জুতা দান করতে আসছে।।।।,Strongly Negative,Creepy,31,6
ভাই শুনলাম আপনার শ্রমিকদের বেতন বলে দেন না। ,Strongly Negative,Creepy,44,8
"করার দরকার নাই,, মরলে টের পাবি",Strongly Negative,Creepy,30,6
শালা জুতা পিটা কৱ,Strongly Negative,Creepy,17,4
তরে তিনশ বিধর্মী দিয়ে ধর্ষণ করানো উচিৎ।,Strongly Negative,Creepy,39,7
কমেন্ট আর কত ডিলিট করবা সাফা? বাঙালি পাবলিক রে ত চিনোই ধুইয়া দিমু,Strongly Negative,Creepy,66,13
মাদারচোদ তোরে জুতা পিটা করা দরকার,Strongly Negative,Creepy,33,6
বর্ণবৈষম্য সর্বত্র!,Negative,Unbiased,19,2
বাংলাদেশ ক্রিকেট বোর্ডের দৃষ্টি আকষণ করছি....লাথিস মালিঙ্গাকে বিশেষ বিমানে করে বাংলাদেশে উরিয়ে এনে নোবেলের বিছি বরাবর কয়েকটি Yorker মারানো হোক ,Negative,Unbiased,143,20
"উনার স্টাইলের কোনো সেন্স না থাকতে পারে,উনি তাবলিগের লেবাস ধরতে পারেন,উনার বানানো ছবির কোনো মান না থাকতে পারে,এমনকি ছবি তোলার জন্য উনি এখন অন্য কারও এক ফুটের মধ্যে দাঁড়ানো অবস্থায় মাস্কও খুলতে পারেন,কিন্তু মানুষ বড় দিল দরিয়া। এই ব্যাপারে উনার কোনো সমালোচনা নাই।",Negative,Unbiased,260,43
রাস্তার মাগী,Negative,Creepy,12,2
মাল কম খাওয়া হয়েছে,Negative,Creepy,18,4
চুদানিমাগী,Negative,Creepy,10,1
"দূর বেশ্যা মাদারচুদের ফুরি,, তুই এখনও শিওর না যে তুই ভুল করসিস।বেশ্যাগিরি চলে যাবে বিদায় আইসত নাটক চুদাইতে",Negative,Creepy,106,18
ইতির মারাগেলে পুরায় পেলতে হবে। মাগি,Negative,Creepy,35,6
"রেডিও অফিসের কাজ নাই,,কোন মাগি দরে আনে।ছিঃ ছিঃ",Negative,Creepy,46,8
মাগী ডিগবাজী খাইছেরে,Negative,Creepy,20,3
এমা...... তুই কি আল্লাহকে দেখতে পাস নাকি....? আল্লাহকে কেমনে বিশ্বাস করস....? আল্লাহর কাছে কেমনে বিচার দেস.....?মাগী...বেইশ্যা.... পতিতা....,Negative,Unbiased,140,17
তোমার বুকে ওরনা নাই কেন আপা,Negative,Creepy,27,6
ফাজিল তর বুকের কাপর নাই।না টাকা নাই।রেনডি বাজি কর টাকা পাবি??,Negative,Creepy,61,11
রমজান মাস চলে গেছে এখন আর এসব দেখলে সমস্যা নাই....পরবর্তী পোষ্টে এই কাপড় টুকুও যেন না থাকে....,Negative,Creepy,94,17
কিছু কিছু জারজ সন্তান এ পোস্ট করে থাকেন।পোস্ট দাতা তোর মায়কে জিজ্ঞেস করবি তোর আসল বাপ এর নাম কি?,Negative,Creepy,96,19
এখন আল্লাহকে বিশ্বাস করো মাগি আল্লাহ কি বিচার করবে যে আল্লাহকে বিশ্বাস করে না বিচার দেয় কি ভাবে,Negative,Creepy,95,18
জারজ,Negative,Bullying,4,1
আজকে আমি হস্তশিল্পের কাজ করবোই। Md Raisul Islam Shahlom Mollah Aminur Islam Aminur Rahman,Negative,Creepy,89,14
আমাকে কী পাগল বানাবে তুমি,Negative,Unbiased,25,5
ধন্যবাদ প্রিয় ,Strongly Positive,Unbiased,14,2
মন চায় সয়তান টাকেজুতা ফিটা করতাম?,Strongly Negative,Creepy,33,6
জাহেদ তোকে সামনে পেলে নাসরীন এর পায়ের জুতা দিয়ে পিটাতাম,Strongly Negative,Creepy,55,10
তোকে জুতা মারবো হারামজাদি।,Strongly Negative,Creepy,26,4
এই কুক্তিকে ফাঁসি দেয়া দরকা।এরাই আসল রাজাকার এই মুরগি চুরের মেয়ে.সে কি করে বলবে ভালো কথা।,Strongly Negative,Creepy,89,16
"সেখ হাসিনার কাছ থেকে মিথ্যা বলার অনুপ্রেরনা পেয়েছে।বল সবাই ঝৈ বাংলা,জয় হনুমান",Strongly Negative,Creepy,78,12
হেতিরে জুতা দিয়া পিটামু,Strongly Negative,Creepy,23,4
কয়দিন পরে পরে একেকটা নিয়ে বের হয় মনে চায় তাদেরকে জুতা পিটা করার দরকার যে এই সব কথা বলে,Strongly Negative,Creepy,86,19
আমি চাই আপনাকে ফাঁসি দেওয়া হোক।না হয় পাথর নিক্ষেপ করে মারা হোক। নাস্তিক,Strongly Negative,Creepy,71,13
"ইসলাম মানে শান্তি,সুন্দরভাবে কথা বলা কাউকে গালি দেওয়া নয়।আশা করি সবাই সুন্দর কমেন্ট করবেন এবং সকলে সুন্দরভাবে তার নাটক বয়কট করবেন।আল্লাহ তাকে হেদায়েত দান করুক।(আমিন)",Positive,Unbiased,165,25
এমন পোস্ট দেওয়ার জন্য আপনাকে ধন্যবাদ। লিস্টে অনেক লুকানো কিট ছিল ওদের কমেন্ট পড়ে রিমুভ মারতে সুবিধা হইছে।,Positive,Unbiased,105,18
মানুষই ভুল করে।আল্লাহ আপনাকে ক্ষমা করবেন ইনশাআল্লাহ।,Positive,Unbiased,52,7
তুমি তোমার  ভুল বুঝতে পেরেছো এটা ভালো দিক। আল্লাহ  তোমাকে  ক্ষমা করুক এই প্রার্থনা করি। আমিন,Positive,Unbiased,92,16
"মেডাম (আম্মাজান)কে বগুরায় স্বাগতম  জানাবো কবে?  hpppppppp,,,,hppppppp,,,,,,,,,,, h...............u...............???????",Positive,Unbiased,120,8
মানবিক উদ্যোগ। আল্লাহ সর্বোত্তম প্রতিদান দিক।,Positive,Unbiased,45,6
"আজ প্রমান হলো  ভালো মানুষ রুপ দেখলে ছেনা যায় না,,,, এর মাজে খারাপ লুকিয়ে থাকে,, কতাটা ভেবে চিন্তে বলা ভালো ছিলো,,, হায়রে মানুষ কবে যে আর মানুষ হবি",Neutral,Creepy,146,28
ছবি তুলে পোষ্ট করা ছাড়া আর কোন কাম কাজ নাই!,Neutral,Unbiased,43,10
সাহস সবার থাকেনা। নিজের মতামত সবাই তুলে ধরতে পারেনা।,Neutral,Unbiased,52,9
"যারা বাজে কমেন্ট করছেন তাদেরকে বলি,,, আপনারা কেনো নিজের মুখ নষ্ঠ করছেন???? কোন কুলাঙ্গার যদি পরকাল না মানে তাতে তো কারো কোন ক্ষতি হবে না,,,,মৃত্যুর পরে বাম্বু গেলে নিজেই টের পাবে,,,কি যে মজা স্টাইল এমনিতেই ঢুকে যাবে,,,,ধন্যবাদ",Neutral,Unbiased,226,37
বরিষায় পুর্নিমার দেখা পাওয়া দুস্কর তাই ব্যাকাপে আছি,Neutral,Unbiased,51,8
"কেউ যদি অবিশ্বাসী হন, আল্লাহ তায়ালা তার শাস্তি বিধান করবেন। ধর্ষকামী মোল্লারা ক্ষেপেছেন কেন? সুন্দরী মেয়েটাকে নাগালের মধ্যে না পাওয়ায় আক্ষেপে গালাগাল করেই মনের সুখ মিটিয়ে নিচ্ছেন নাকি!",Neutral,Unbiased,189,28
আমার মনে হয় বড় অংশ ভুট দিতে যাবে না বললে ভাল হত,Neutral,Unbiased,47,12
হবিগঞ্জ জেলা বিএনপি র ব্যর্থ আহবায়ক কমিটি বাতিল করে  কাউন্সিল চাই।,Neutral,Unbiased,66,11
অন্য কারো তবে শাহরিয়ার কবিরের নয় সেটা আমি ১০০% কনফার্ম।,Neutral,Unbiased,55,10
করে সাবসকারইব করছি সুধু হাসার জন্য....মানদের নাতি।,Neutral,Unbiased,50,7
হেতি নাস্তিক,Neutral,Unbiased,12,2
সব দেখা শেষ। :),Neutral,Unbiased,15,4
হঠাৎ গর্ত থিকা বের হওনের মাজেজা কি? টাকায় টান পড়ছে নি?,Neutral,Unbiased,54,11
ঐ যারা কমেন্ট করতেছেন ধীরে সূস্থে করেন।আর বানান যেনো ভুল না হয়। আপনার প্রতিটা কমেন্ট অনেক মূল্যবান।,Neutral,Unbiased,99,17
এইডা কেডা? কত সুন্দর বাংলা ভাষা রে‌খে এক অদ্ভুত ভাষায় কথা ব‌লে। তাও আবার স্বাধীনতা দিব‌সে। এরাই দে‌শ ও জা‌তির কলঙ্ক।,Neutral,Unbiased,116,21
আই মিন ইট দিয়ে সিকিউরিটি গ্লাস ভাংগার পর আপার অনুভুতি কি ছিলো?   প্লিজ আবার বইলেন না আপনার সর্বনাশ করেছে।  জেনে বুঝে লিভটুগেদার করেছেন।  প্লিজ গরিব ছেলেটার উপর রেপ কেইস দিবেন না। আই রিপিট এগেইন আপনার অনুভুতি কি?,Neutral,Unbiased,211,37
এটা দিয়ে কি TikTok করা যাবে........,Neutral,Unbiased,35,6
এই সব ঘটনার বিচার চাই,Strongly Negative,Creepy,21,5
ওরে জুতা দিয়া কুবা।।,Strongly Negative,Creepy,20,4
"আলম ভাই,     খোদার কসম, আমি জন্মসূত্রে বাংলাদেশী। আমার বয়স ২৮ বছর।আপনার আর মিশা সওদাগরের মাঝের বেক্তির নাম, চেহারা আজ প্রথম দেখলাম।।আর এফডিসি সম্পর্কে খারাপ ধারণা টাও হল সে, এইসব ফালতু লোকজন চাঞ্চ তো পরের কথা, এফডিসিতে ঢোকে কি করে.??",Negative,Bullying,233,39
এরা যে পরিমাণে চাকরি বাকরি দিয়ে এতো সুযোগ সুবিধা পাওয়ার পরও বিদেশে গিয়ে আমাদের দেশের মাথা হেট করে! এদের লজ্জা শরম বলতে কিছু নেই!!,Negative,Bullying,130,24
"ওর মুখে জুতা মার,,,,",Strongly Negative,Bullying,20,4
"জায়েদ একটা বাইনচোদ,,,,,আমরা হিরু আলমের জন্য  জায়েদ কে চিনলাম,,,,,,",Negative,Bullying,66,9
পরকালে অবিশ্বাস করার পর সাফা কবির আর বাড়ি থেকে বাহির হতে পারছে না। কারন বাহির হলে তাকে জুতা মারা হচ্ছে,Strongly Negative,Creepy,102,20
জারা এই বোনটিকে আগুন লাগিয়ে মেরেছে তাদের গরে তু তাদের ভাই বোন আছে জদি তাদেরকে আগুন দেয়া হয় এই বাবে তাহলে কি করবে তারা এদের ফাসি দেয়া দরকার আর এই বুয়া সয়তান হুজুরকে মেরে পেলা দরকার এরা দেশের সয়তান,Strongly Negative,Creepy,202,39
ওকে সুদু আগুন  দিয়ে  মেরেপেলা হক,Strongly Negative,Creepy,32,6
ঈদ মোবারক .. ঈদ মোবারক,Strongly Positive,Unbiased,22,5
"শেখ হাসিনা'র জন্য, বাংলাদেশ ধন্য।জয় বাংলা, জয় বঙ্গবন্ধু।",Strongly Positive,Unbiased,56,8
বাংলাদেশ আওয়ামী লীগ গণমানুষের দল সংকট কালীন সময়ে অতীতের মতো আবারো মানুষের পাশে দাঁড়িয়েছে।,Strongly Positive,Unbiased,89,14
"এখন তরে চুদনের টাইম নাই, তুরে আজ থেকে  ডিলিট দিলাম শালি, নাস্তিক",Negative,Unbiased,64,12
"তুইতো আল্লাহ বিশ্বাসী নই, তরে নুংরা কথা বলার মানুদের বিচার কি আল্লাহ করবে!! আল্লাহ কখনও তুর মতো নাস্তিকের পক্ষে হয়ে বিচার করবে না বরং তুরে জাহান্নামে নিক্ষেপ করবে, এরা তুরে নুংরা কথা বলে উচিত কাজ করেছে, তর মুখে থু থু দিয়ে ধিক্কার জানিয়েছে,,, নাস্তিক বেজইম্মা কোথাকার",Negative,Unbiased,266,46
সাফা কবির যদি নাস্তিক হয় তাহলে তাওহিদ আফ্রীদি কি? https://youtu.be/oxfRCRnYnS0,Negative,Unbiased,79,10
"পুরান পাগলের ভাত নাই নতুন পাগলের আমদানি নতুন নাস্তিকের আমদানি হয়েছে,",Negative,Unbiased,69,11
"তুমি যে রাস্তার মাগী সেটা তোমার ভাবসাবই বলে দেয়,ওভারস্মার্ট চোদাও।নাস্তিকের বাচ্চা।",Negative,Unbiased,83,11
"বাঙ্গালীর নয়, এটা হিন্দুদের প্রাণবন্ত       উৎসব",Negative,Unbiased,48,6
"কি বালের অভিনেত্রী তোকে চুদার টাইম নাই, শুয়ারের বাচ্চা নাস্তিক।",Negative,Unbiased,63,10
"নতুন আমদানিকৃত নাস্তিকতিনি নাকি পরকাল বিশ্বাস করে নাতিনি নিজের চোখে যা দেখে না,তা তিনি বিশ্বাস করেন নাকিন্তু তিনি একজন্য কে বাবা বলে ডাকেন",Negative,Unbiased,138,23
সামনে পেলে জুতা দিয়া বিশ্বাস করাইতাম,Strongly Negative,Creepy,37,6
আলম আপনি খুব দ্রুত প্লাস্টিক সার্জারি করেন। নাইলে সাকিব খান জুতার বাড়ি দিবে,Strongly Negative,Creepy,75,13
"এদের কে জুতা পিটা করে বাংলাদেশ থেকে বের করে দেয়া হাউক,,,,, না হয় সবার সামনে পাথর নিক্ষেপ করে মারা হাউক,,, এরা তো কাফের মুনাফিক,,,",Strongly Negative,Creepy,129,24
মামা জুকারবার্গ তোর পায়ে পড়ি মামা একটা জুতা  রিয়্যাক্ট চালু কর.. Angry দিয়া পোষায় নাহ,Strongly Negative,Creepy,85,15
মামা জুকারবার্গ তোর পায়ে পড়ি মামা একটা জুতা রিয়্যাক্ট চালু কর.. Angry দিয়া পোষায় নাহ,Strongly Negative,Creepy,84,15
জায়েদ খান এর দুই গালে জুতা মারো তালে তালে,Strongly Negative,Creepy,42,9
জায়েদ খানকে জুতা মার,Strongly Negative,Creepy,20,4
জায়েদ খান তুই হিরো আলমকে চিনিনা খানকি পোলা তুই তো রাজাকার খানকি পোলা তোকে জুতাদা বাড়য়ে রাহা দাত খুলালাও দরকার,Strongly Negative,Creepy,109,20
মিথিলার বোন,Strongly Positive,Unbiased,11,2
"তাকে জিজ্ঞেস করা দরকার।সে আসলো কি ভাবে,সে ত দেখেনাই।",Strongly Positive,Unbiased,52,9
গণতন্ত্রের বিজয় হোক।,Strongly Positive,Unbiased,20,3
"হিরু আলম তুমি হলে রিয়েল হিরো, অনেক অনেক দোআ ও শুভ কামনা রইলো তোমার জন্য। এগিয়ে যাও",Strongly Positive,Unbiased,82,17
ওরে ধইরা আন একটু কইরা দি,Strongly Negative,Creepy,24,6
হ্যাচারির  শ্রমিকদের বেতন পরিশোধ করা হচ্ছে না কেন??,Strongly Negative,Creepy,51,8
জায়েদ তোমাকে জুতা দিয়ে পিটানো দরকার শালা তোমাকে কে চিনে শালা চুর,Strongly Negative,Creepy,64,12
এই মহিলাকে সবাই জুতা পিটা  কর।নাস্তিকের  বাচ্চা,Strongly Negative,Creepy,47,7
"আল্লাহ প্রিয় ভাই কে শহীদ হিসাবে কবুল করে জান্নাতুল ফেরদাউস দান করুন, আমিন।",Strongly Positive,Unbiased,74,13
এত আল্লাহ আল্লাহ করতেছো-তোমার পেশা টা কি? আর পরম করুণাময় আল্লাহ না বলে শুধু পরম করুণাময় বলতেছো। এত আল্লাহর কাছে বিচার দিতে ইচ্ছে হলে আগে পেশা টা চেঞ্জ কর মাগি।,Negative,Creepy,159,30
"তর বিশ্বাস হলেই কি আর না হলেই কি , তুই একটা জারজ, আর এখন মিডিয়ার জগতে গিয়ে এক রাতে একেক জনের সাথে রাত কাটাস",Negative,Creepy,107,24
ওর যে রুপ যে যৌবন ওটা কি ধরে রাখতে পারবে,Negative,Creepy,40,10
তুই চোদা খানকি,Negative,Creepy,14,3
তুমি মাগি তাই মাগির ব্যাবসা বিশ্বাস কর,Negative,Creepy,38,7
দেখতে মাগির মতু লাগছে,Negative,Creepy,21,4
তুমি একটা মাগি তুমার কিসের কমা পতিতালয়ে জন্ম তুর তর বাবা তরে জন্ম দেয়নি,Negative,Creepy,71,14
"বেশ্যা মহিলা,
তুমি কাপড় না পড়লেই তুমাকে ভালো দেখাবে...!",Negative,Creepy,57,9
"বেশ্যা মহিলা,
তুমি কাপড় না পড়লেই তুমাকে ভালো দেখাবে...!",Negative,Creepy,55,9
বাড়িতে গিয়ে জিজ্ঞেস করে দেখিয়ো..কোনো কনডম দুর্ঘটনায় তোমার জন্ম হয়েছিলো কিনা? :(,Negative,Creepy,79,12
"পরীর সুন্দর মুখ মানেই,সুর তোলার ঐ গিটার,,পরী আমার মুখে নেওয়ারজুস কিংবা ফিটার,,হাত মারার পরী আমারস্বপ্নের ভিতর আসে,,এসব ভাবতে নুনু মিয়াসুর ছাড়াই নাচে তারপর ও দেখলাম তোমার পুষি বিড়াল অনেক কালো",Negative,Creepy,191,30
খাস্তগীরের বাড়াকত বড় ত্যাড়াদিচ্ছে নাড়াচাড়া বাড়ায় কালো চামড়া।দেখে যাও এসে তোমরাবাড়া দেখলে হবে দিশেহারা চমৎকার বাড়া নজরকাড়া বাড়ার মালিক বাড়া আছে ধরাবলো বন্ধু_রা কেমন হলো বাড়ার ছড়া।,Negative,Creepy,178,27
এসব ইমুশনাল স্ট্রাটাস মেরে লাভ নেই।বাঙ্গালি তুর মত বোকা চুদা না। টেলার নাম বাবাজি,Negative,Creepy,81,14
নতুন মাল আনদামি হয়ছে নাকি কাকুরে খাওয়া শেষ,Negative,Creepy,42,8
খাইয়া ছাইড়া দিব⁉,Negative,Creepy,16,3
সানি লিওনীর হারিয়ে যাওয়া ছোট বোন না কি এটা?,Negative,Creepy,43,9
ভাই আপনার সঠিক সুন্দর আলোচনার জন্য অনেক অনেক ধন্যবাদ।,Strongly Positive,Unbiased,53,9
"আপু আপনাকে জুতো দিয়ে পিটালে জুতার মানসম্মান চলে যাবেগা.আপনাকে জুতার তলায় গুবর লাগিয়ে পিটায়তে হবেতরপর জুতার মান নষ্ট হবে না.তুই কথা গুলো  গাঁজা খাওয়ার আগে বলতি, খাওয়ার পরে কেনো বললি..? ঐ বাল কবির..?",Strongly Negative,Creepy,197,33
জুতা মারা হোক হারামজাদীকে,Strongly Negative,Creepy,26,4
ফাসি চাই,Strongly Negative,Creepy,8,2
"দু সালা তরে জুতা মাড়ি শাকিব খান আছে ত,,,",Strongly Negative,Creepy,40,9
তুরে জুতার মালা পরিযে গুরানো দরকার।,Strongly Negative,Creepy,35,6
সিরাজ তোমাকে খুজছে,Strongly Negative,Creepy,18,3
এই সব কুলাঙ্গারের বাচ্চারা এক একটা কোথা থেকে বের হয় আল্লাহ মাবুদ জানে এই নাস্তিকের বাচ্চা টা জুতা পেটা করা উচিত,Strongly Negative,Creepy,111,21
বিশ্বাষ করিস না তা কির জমিনের উপার আছিস নাস্তিক কোথাকার তোর গালে জুতা মারি,Strongly Negative,Creepy,74,14
ওরে পিট,Strongly Negative,Creepy,7,2
জুতা চুরের মতো লাগছে,Strongly Negative,Creepy,20,4
নাসতিক কে দেখলে জুতা মারবেন অনুরধ রইল সবার কাছে আমার ।,Strongly Negative,Creepy,54,11
জুতা মার শালীরে,Strongly Negative,Creepy,15,3
জুতা মারা প্রোয়জন কত পছন্দের ছিল তা এখন জুতা মেরে বোঝাতে চাই কুত্তার বাচ্ছা কে।,Strongly Negative,Creepy,79,15
ভালবাসার আরেক নাম মাশরাফি বিন মুর্তজা ,Strongly Positive,Unbiased,38,6
"মাশাল্লাহ, সুবহানআল্লাহ",Strongly Positive,Unbiased,23,2
তুই কি বানচুদ রে এখন কি এইসব ছাড়ার সময়_ বুকের ভিতরর তুরে দিবো ভরে,Negative,Creepy,65,14
"আপনারা প্রিয় অভিনেত্রী সাফা কবির কে যে ভাবে গালি দিচ্ছেন,সবার প্রতি অনুরোধ করছি খানকি কে গালি দেওয়া বন্ধ করবেন না",Negative,Creepy,113,20
তুই বিস্বাস করলেই কি আর না করলেই কি তুই একটা মাগি বেসসা,Negative,Creepy,55,12
তোর মতো খানকি বেশ্যা পতিতার থেকে আর কি আসা করা যেতে পারে!!!!,Negative,Creepy,60,12
তুমি মিয়া খলিফা আর সানি লিয়নের sex বিশ্বাসী।।,Negative,Creepy,45,8
এক বড না দুই বড পরি তোমার সোনা কালো,Negative,Creepy,35,9
বাবু ছেলেদের থেকে তুমি খেলতে পারোনা? তারা বাল খেলে।,Negative,Creepy,51,9
তুই মাগী  কি বিশ্বাস করবী,Negative,Creepy,25,5
ভোদা কবির,Negative,Creepy,9,2
দুধ দেখাইয়া লাভ নাই তোরে আমার কুত্তায় ও চুদবোনা।,Negative,Creepy,48,9
"তুই তোর মারে কি নিজে চুইদা নিজে পয়দা হইছো নাস্তিক খানকির পোলা,, নডির পক্ষবাদী তুই নিজেই নডীর পুত,",Negative,Creepy,97,18
তর নাটক তুই দেখ মাগি তরে সেফুদার কুত্তা দিয়া চুদায়।ওই নাস্তিক মাগি তুউ ত তর বাপের বিচি ও দেহস নায় তাইলে তুই কইতে হয়লি???,Negative,Creepy,120,24
"সত্য কথা সব মালু ধইরা ধইরা গরুস্থান পাঠানো হইবো, স্রেফ টুডে অর টুমোরো।জাস্ট ওয়েট এন্ড সি...",Negative,Creepy,91,16
মুখটা জনি সিন্সের বোইনের মত লাগে।,Negative,Creepy,33,6
মাগি যদি কোন ভুল করে থাকিস মানে? তারমানে তোর মনে হয় তুই ভূল করিস নাই? তাই বলছির যদি কোন ভূল করে থাকি তাহলে পরম করুনাময় ক্ষমা করে দিবেন।,Negative,Creepy,135,28
"এ মাতারী মেকাপ মাইররা চেহার এপল্লা উডাইয়া হালাছে,  ২ টাহার সেলেবিডি অইয়া কত্তর ভাব চোদায়, ওর ঠ্যাং ধরইয়া চিরআহ্লান উচিত। নাদানের বাচ্চা নাদান।",Negative,Creepy,142,23
চায়ের পরে চোদা দেওয়া,Negative,Creepy,20,4
"আল্লাহকে ভয় পাইলে কেউ নাস্তিক কথা বলে না,,,,আপনার ফ্যান ছিলাম,,, এখন থেকে তোর কপালে জুতা মারি",Strongly Negative,Creepy,93,16
"তোরে জুতা পেটা করলেও বাংলাদেশের মানুষের শান্তি হবে না,তোকে তো বাংলাদেশ থেকে বের করে দেওয়া উচিত,যার জন্মেরই ঠিক নাই তার আবার জনপ্রিয়তা,নিজের জনপ্রিয়তা তুই নিজেই নষ্ট করলি, তুই তো কাফের,মুশরিক দের চেয়েও নিন্ম লেভেলের মানুষ!",Strongly Negative,Creepy,221,35
লাইভ এসে বলো যাহা বলার নইলে ডোনাল টম্পকে এনে চোদাবো ?,Negative,Creepy,53,11
"মনে রাখবেন পাছা কবির সরি সাপা কবির বাঙ্গালিরা ভালবাসলে জীবন দিয়া ভালোবাসে আর যখন বাঁশ দেয় তখন সব বাঁশঝার খালি করে দেয়,,,, আল্লাহ আপনার হেদায়েত করুন,,",Negative,Creepy,149,26
মাগী তুমারে উপ্তা কইরা চু*মু,Negative,Creepy,28,5
সে ভুল করছে স্বিকার করছে ভোকা চোদারা চিল্লায় কেন...?,Negative,Creepy,52,9
"সাফা কবিরের পুটকি ভালো মতন মারতে পারে সালমান মুক্তাদির। নাটক অভিনয়ের নামে বহুবার ফাকিং খেলেছে এই দুজন। মাননীয় সরকারের কাছে আবেদন,, এসব বিখ্যাত ফাকার দের কুত্তা দিয়ে খেলানো হোক",Negative,Creepy,175,29
যে এই পোষ্ট দেখবে তাদের সবার জন্য এই কুত্তি মাগিকে গালি দেওয়া ওয়াজিব,Negative,Creepy,68,13
"মাগীর পুরি, তর বাপেরে তুই দেখছিলি তুই যখন কনডম ফেটে বের হইছিলি,??তাইলে না দেখে কেম্নে বাপ ডাকস,পতিতার বাচ্চা",Negative,Creepy,108,18
"যেহেতু আমি সাফা কবীরের কোনো উলঙ্গ ছবি দেখিনি,তাই আমি জামার উচু অংশ দেখেও বিশ্বাস করতে পারছি না যে,সে একজন মেয়ে #লজিক",Negative,Creepy,116,21
"ভোর হলো চেইন খুলো,সাফা আপা ওঠো রে,ঐ ডাকে জুঁই-শাখে,নুনু আমার ক্ষেপলো রে।খুলি হাল, তুলি বাল,ঐ নুনু চলল......এইবার এইবার সাফা মুখ খুলল,আলসে নয় সে,দাড়ায় রোজ সকালে।রোজ তাই কিস দিইসাফা আপুর দুধুতে।from""Meme দেখুন""পক্ষ থেকে",Negative,Creepy,217,32
"সময় চলে যায়...বাল পেকে যায়,মানুষ বুড়ো হয় বিচি ঝুলে যাই।কিন্তু কিছু আচোদা আবালই থেকে যায়।যেমনঃ তুইতোদের মত প্রানী আছে বলেই পৃথিবীতে এলিয়েন আসে নাএসেছি ""Meme দেখুন"" গ্রুপ থেকে",Negative,Creepy,173,28
"হ্যাকার ভাই এর কাছে আবেদন নামটা চেঞ্জ করে "" পাছা কবির"" রেখে দিন",Negative,Creepy,63,13
"যেহেতু সাফা কবিরকে উলঙ্গ অবস্থায় {লিঙ্গ} কোনটাই আমি দেখিনি, তাহলে আমি তাকে ছেলে বা মেয়ে মানতে নারাজ।  ☞ বানীতে ⇨সাফা কবির সাফা প্রমান দিবি আশাবাদী",Negative,Creepy,146,25
"সালার মাগী তোর আর পোন্দাপুন্দির কথা বলা লাগবেনা,মাফ চাইয়ে তুই আর সেলিব্রেটিত্ব ধরে রাখার চেষ্টা করিস না বুঝলি।আখিরাত না দেখে বিশ্বাস করিস না,তাইলে তোর বাবাকে দেখে কেমনে বিশ্বাস করিস যে ঐটা তোর বাবা।",Negative,Creepy,198,33
বেশ্যারা অনেক কিছু করতে বা বলতে পারে।শুধু সময়ের অপেক্ষা মাত্র,Negative,Creepy,61,10
"যারা আজকে আমাদের প্রিয় নাটক অভিনেত্রি  সাফা_কবির  কে গালি দিচ্ছেন তাদের উদ্দেশ্য বলছি, এই মাগীকে কে গালি দেওয়া বন্ধ করবেন না",Negative,Creepy,124,21
যারা আমার ক্রাশ কে গালি দিচ্ছেনতাদের উদ্দেশ্য করে বলছিএই খানকি কে গালি দেওয়া থামাবেন না,Negative,Creepy,87,15
প্রশ্ন: আপু তুমি যাকে বাবা বল সে তোমাকে জন্ম দিয়েছে এটা কি বিশ্বাস করো?উত্তর: না আমি বিশ্বাস করি না যা দেখি না তা বিশ্বাস করি না। অর্থাৎ আমি জারজ সন্তান।,Negative,Creepy,154,30
"সময় চলে যায়, বাল পাকে, মানুষ বড় হয়, বিচি ঝুলে যায়।কিন্তু কিছু আচুদা আচুদাই রয়ে যায়।তাদের মতো প্রাণী পৃথিবীতে আছে বলেই এলিয়েন আসে না পৃথিবীতে।",Negative,Creepy,149,25
মাগিরে সুদে কাল করে দিবার মন চায়,Negative,Creepy,32,7
ও খালা আমার মনে চাইতাছে তুমারে আলকাত্রা মাইরা গলায় জুতার মালা পরাইয়া তারপর লাইনে দারকরাইয়া পুলাগু ছিড়া জুতার চুম্মা খাওয়াইতে-আমার ইচ্ছাটা পুরন করতে  সাহায্য করেন খালা,Strongly Negative,Creepy,166,26
তোকে পাইলে আমার পায়ের জুতা তোর গালে দিতাম.,Strongly Negative,Creepy,44,8
তর মত মেয়ে বেচে থাকার কোনো অধিকার নাই। তকে মেরে ফেলা উচিত হারামজাদি,Strongly Negative,Creepy,67,13
জুতার মালা দিয়ে ভারত পাঠাবো,Strongly Negative,Creepy,27,5
নাস্তিক কে ফাসি দেওয়া হোক,Strongly Negative,Creepy,25,5
নাস্তিক কে দেশ তেকে বিতারিত করতে হবে,Strongly Negative,Creepy,36,7
আচ্ছালামুয়ালাইকুম কেমন আছেন ভাই। ভাই বাংলাদেশের মুসলমান হলো গরু খাওয়ার মুসলিম। আর আমিই সবর্প্রথম প্রতিবাদ করেছি। আল্লাহর নাম কালবৈশাখী কাপড়ের গায়ে লেখেছে এবং সাপা মুরগি আল্লাহর সাথে বিদ্রুপ করেছে।,Strongly Negative,Creepy,196,29
"ওর মত আরও নাস্তিক আছে। নাস্তিক আর একজন প্রকৃত ধার্মিকের মাঝে অনেক তফাৎ। নাস্তিক ভোগবাদী, লোভী, নিষ্ঠুর হয়ে থাকে। আর ধার্মিক মানুষ ত্যাগী, অল্পতে সন্তুস্ট হয়ে থাকে। ধার্মিকরা ভুল করলে অনুশোচনা করে, ক্ষমা চায়, চোখের পানি ফেলে। নাস্তিকরা কোন অন্যায়ের জন্য অনুতপ্ত হয় না।",Negative,Unbiased,267,44
তুইতো নাস্তিক খানকি মাগি বাংলাদেশে তুই এখনো বেচে আছিস এটাই তোর বড় পাওয়া,Negative,Unbiased,71,13
আপনি যে নাস্তিক এটা ত রিভিল হয়ে গেছে।,Negative,Unbiased,37,8
নাস্তিকরা এমনটাই বলবে।,Negative,Unbiased,22,3
"নাস্তিক,,",Negative,Unbiased,9,1
নাস্তিক স্টিভ জবস এর আইফোন আরনাস্তিক ল্যারি পেইজের এন্ড্রয়েড মোবাইল ইউজ করে আরেক নাস্তিক মার্ক জুকারবার্গের ফেসবুকে এসে Safa Kabir কে তার অবিশ্বাসের জন্য বয়কট করার স্লোগান ধরার বুদ্ধি একমাত্র বাঙালির মাথাতেই আসতে পারে....,Negative,Unbiased,221,34
এই নাস্তিকের কারনে এখন নুসরাত হত্যার বিচারের প্রতিবাদ ভুলে গিয়ে ওর প্রতিবাদ করবে আর ওই দিকে নুসরাত হত্যার রায় তুনু  হত্যার মত গায়েব হয়ে যাওয়াটাই সাবাবিক.. সাফা কি কোন দালালি করলো?,Negative,Unbiased,179,31
"সাফা কবির ও তার অনুচর বেশ্যা দালালদের ডারউইন এবং ষ্টিফেন হকিংকে দিয়ে সাহাবাগে নিয়ে চোদাতে পারলে বাংলাদেশে নাস্তিক্যবাদ পূর্ণ রুপে প্রতিষ্ঠিত হবে। বন্দে মাতারাম, জয় কালি, যীশু খ্রীষ্ট ঈশ্বর পুত্র, জয় শাহাবাগীদের জয়!!",Negative,Unbiased,215,33
এই কুলাঙ্গার ওনারাতো আল্লাহর বিরুদ্ধে কথা বলছেনা।কুলাঙ্গার তুই ইসলাম সম্পর্কে কি বুঝোছ? তোদের মত কুলাঙ্গার নাস্তিকদের কে ওপেন ফাঁসি দেওয়া উচিত।,Strongly Negative,Creepy,143,21
ভাই কিভাবে আল্লাহ ও রাসুল( সঃ) বিশ্বাস করবে? যাজারা নিজের বাবা ও আপন ভাইয়ের সাথে সেক্স করে। এরা কোন মানুষ নয। এদেরকে সরাসরি জনগনের সামনে ফাঁসি দেওয়া হউক।,Strongly Negative,Creepy,153,28
"তুই তো কুলাংগার,,তোর বাপ মা তোকে কোনদিন,,, ইসলাম শিহ্মা দেইনি।  তোকে জুতা পিটা করলেও কম হবেনা,,,নাস্তিক এর বাচ্চা। মর তুই মরার পর বুজবি,,, ইহকাল পড়কাল কাকে বলে।",Strongly Negative,Creepy,160,27
তোর কপালে জুতা মারি কাফিরের বাচ্চ,Strongly Negative,Creepy,33,6
তাকে গলা পর্যন্ত মাটি দিয়ে তারপর পাথর মারা হোক,Strongly Negative,Creepy,46,9
তোর জর্ম কোনো কনডম দুর্গটনা হতে পারে তুই তোর মাকে জিজ্ঞেস করলে বলবে তোকে জুতার মালা গলায় দিয়ে পুরো শহর জুড়ে গোরানোর পর পাথর দিয়ে মেরে ফেলার দরকার ছিল??,Strongly Negative,Creepy,152,29
রমজান মাসে যদি শয়তানকে বেধে রাখা হয় তাইলে এইটা কেমনে বার বার বাহির হয় আমার মাথায় আসে নাহ....!!!,Neutral,Unbiased,95,18
মোহাম্মদ কফিল উদ্দীন মাহমুদRidwan RomelDwaipayan PaulEku ChowdhuryKamrul HasanJony Jony,Neutral,Unbiased,87,9
রমজান মাসে এমনে ও নিরব থাকা দরকার। সেই সুবাধে কিছু বললাম না।,Neutral,Unbiased,60,12
কি লেখা আছে সেইটা না পইড়াই সবাই তেলের সাগরে ভাসায় দিতাছে.. ভাইসব আগে পড়েন অই লিনকে কি লেখা আছে তারপর তেল মাইরেন,Neutral,Unbiased,111,22
করোনা যুদ্ধের প্রথম শহীদ ! ,Neutral,Unbiased,27,5
ওর চোখের মনিতে গোল গোল ঐটা কি ? কন্ট্রাক লেন্স ?,Neutral,Unbiased,48,11
কি সাকিব ভাই ইনডাইরেক্ট থ্রেট দিলেন মনে হয়?! কেউ কিছু বলছে আপনারে নিয়া?! ,Neutral,Unbiased,73,13
তোমার জানালা যে খোলা থাকে সেটা সবাই জানে,Neutral,Creepy,40,8
মুভিটা কি ৩/৪ মিনিটের হবে?,Neutral,Unbiased,26,5
জানালা খুলে অামরাও দেখবো?,Neutral,Creepy,25,4
"ফেসবুক প্রোফাইল হ্যাকের দায়ে আল্লাহর কাছে বিচার দিলেন ? শেষ পর্যন্ত এটাও জানার বাকী ছিল, যেটা দেখেন না সেটা বিশ্বাস করেন না কিন্তু ফেসবুক প্রোফাইল হ্যাকের বিচার আল্লাহ করে কিভাবে দেখলেন এবং সেটা কিভাবে বিশ্বাস করলেন !?",Neutral,Unbiased,218,37
ভাই আপনাকে এক সময় আমি খারাপ জানতাম তার কারন হল আপনি একজন মুসলিম হয়ে হেলোয়িন পালন করেছেন আমাদের দেশে তার জন্য। এখন আপনি ভাল কাজ করতেছেন তার জন্য হয়ে গেলাম বন্ধু দোয়া করি ভাল কাজ করে এগিয়ে যান।ঈদ মোবারক। ,Positive,Unbiased,202,39
আললাহ এতো রহম করে তোকে বিনা পরিশ্রমে মুসলিম ঘরে পইদা করছে কিনতু আপসোস তুই সেইটার মূল্য বুঝলি না।আললাহ তুমি এই নিরবোধ সহ সকল নাসতিক নিরবোধ গুলোকে হেদাএত দান করুন।আমিন।,Positive,Unbiased,166,29
মহান আল্লাহ এদেশের প্রাপ্তবয়ষ্ক সকল মুসুল্লিদের সহিহ বুঝ দান করুন,Positive,Unbiased,65,10
"আপনি আবার ভুল করছেন। আপনি বলেছেন যে, আমি যদি কোন ভুল করে থাকি। এখানেই ভুলটা করেছেন। আপনি সহজ ভাষায় বলেন, হে আল্লাহ  আমি ভুল করেছি ভুল বলেছি আমাকে ক্ষমা করেন হেদায়েত দান করেন, আমিন।",Positive,Unbiased,180,34
"নাস্তিক এর কথা শুনি না,পাচ ওয়াক্ত নামাজ বাসায় বসে আদয় করতে হবে।",Positive,Unbiased,63,12
সাহসের সাথে এগিয়ে যেতে হবে।,Positive,Unbiased,28,5
দেশের দুঃসময়ে সবসময়ই আওয়ামী লীগ-ছাত্রলীগ-যুবলীগ-স্বেচ্ছাসেবকলীগ সহ অঙ্গ-সংগঠনের নেতাকর্মীরাই মানুষের পাশে দাঁড়ায়।বঙ্গবন্ধু-কন্যা শেখ হাসিনার নির্দেশনায় ছাত্রলীগ তো দৃষ্টান্তমূলক কাজ করছে।,Positive,Unbiased,187,19
আল্লাহ তায়ালা আপনাকে নেক হায়াত দান করুক।,Positive,Unbiased,40,7
আল্লাহ'তালা কখন কাকে কবুল করবেন তা আল্লাহ ভালো জানেন।আল্লাহ আপনাকে হেদায়াত নসিব করুন।,Positive,Unbiased,85,13
শুভ কামনা রহিলো আমাদের জগ্ননাথপুর এর কৃতি সন্তান সংগ্রামী নেতা জনাব কয়ছর আহমদ ভাই সালাম জানাই আমাদের দলের চেয়ারম্যান জনাব তারেক রহমান কে,Positive,Unbiased,136,23
এতদিনে আরো আগে আসার দরকার।,Positive,Unbiased,26,5
অসাধারন...... ,Positive,Unbiased,14,1
আপনে দোয়া করে ৪ কালিমা পরে জীবনটা শুরু করুন।  দোয়া রইলো ❤,Positive,Unbiased,57,12
"জিতবে আবার নৌকা, জয় বাংলা জয় বঙ্গবন্ধু।",Positive,Unbiased,39,7
দুয়া করি আপনাকে আল্লাহ মাফ করে দিয়ে হেদায়েত এর পতে আশার তউফিক দেন আমিন,Positive,Unbiased,70,14
মাশাল্লাহ আলহামদুলিল্লাহ ,Strongly Positive,Unbiased,25,2
আপনি কি আপনার মা-বাবার মিলামিশা দেখছেন যদি দেখে থাকেন তাহলে আপনি ওনাদের  সন্তান যদি না দেখেন তাহলে আপনি কার সন্তান তাহলে কি আপনি জারজ সন্তান। থাক এসব কথা না হয় বাদই দিলাম কি কখনো বাতাস দেখেছো  বিবেক বুদ্ধি এগুলা দেখেছো,Negative,Creepy,219,40
আপ্পি একটা লিংক বের করে ফেলুন আর কিছু লাগবেনা....ক্ষমাতো চাইতেই হবেনা আপনার বরং সবাই আপনাকে আফা আফা বলে কাছে আসবে।।,Negative,Creepy,115,20
"জার্মান শেফার দিয়া চুদাই,খানকি সাফা কবির",Negative,Creepy,40,6
মাল্টিপ্লাগ!!,Negative,Creepy,13,1
তোমাকে দেখলেই আমার এক্স গার্লপেন্ডের কতা মনে পড়ে যায় বৌদি...,Negative,Creepy,60,10
বাংলায় একটা প্রবাদ আছে ঃ পাছা ল্যাংটা মাথায় ঘোমটা এদের অবস্থাও তাই,Negative,Creepy,66,12
ভাবছি গালাগালি করবো পরে চিন্তা করলাম লাভ কি? বেশ্যাদের তো ধর্ম নেই,Negative,Creepy,66,12
তুই মাদারি এটার ছবিতে এত কমেন্টস চোদাও কেন,Negative,Creepy,42,8
সাফা তুমিতো দেখোনা তোমার পাছা।.তাহলে কি বিশ্বাস করো তোমার পাছা নাই!,Negative,Creepy,67,11
"সাফা, তুমিতো দেখোনা তোমার পাছা।.তাহলে কি বিশ্বাস করো তোমার পাছা নাই!",Negative,Creepy,68,11
"ইরে হুন,কাপড় খুললেই কি ফেমাস হওয়া যায়? এই শা*য়ার ফেমাস হয়ে লাভ কি? ট্যালেন্ট থাকলে শো কর। আর হুন,পোলাপান এখন লিজেন্ডারি সাইটে ঢুকে সবই দেখা শিখছে। এই লাইনে আসলে এমনভাবে আস যাতে ওসব সাইটে তোকে পাওয়া যায়। #শা*য়ামনি",Negative,Creepy,212,38
উত্তেজিত হবেন না। কাপড় শুকাতে দিছে। শুকালেই পড়ে ফেলবে,Negative,Creepy,53,9
আপনি তো আরো আগেই জিতে গেছেন দিদি! যখন বা** খুলেছিলেন অন্যের বেডিরুমে গিয়ে তখনই জিতে গেছিলেন।।,Negative,Creepy,93,16
যে এটা ছাড়ছিস তুই যদি জারজ সন্তান না হস তাহলে আমার সাথে যোগাযোগ করবি ০১৭৪১০৬৭২৭৫ আগে তুরে শেষ করবো পৃথিবী থেকে। তার পর আমি যাবো ওপারে। আর যদি যোগাযোগ না করিস তুই জারজ সন্তান।,Negative,Creepy,174,34
মাগির মায়ের সুদ,Negative,Creepy,16,3
নুনুবেল তুমার নতুন পুষিটা অনেক সুন্দর,Negative,Creepy,37,6
শুভ জন্মদিন আমার বাংলাদেশ। জয় বাংলা।,Strongly Positive,Unbiased,36,6
সাফা কবির বাড়াদিয়েছো সবার নুনু তে লারাকোনো রকম দুধ চিনি ছাড়াএখন হবে তোমার হোগা মারা সারা,Negative,Creepy,88,16
"সময় চলে যায়, মানুষ বড় হয়, বাল পাকে, বিচি ঝুলে যায় কিন্তু তোমার মত কিছু আচোদা,  আচোদায় রয়ে যায় তোমার মত প্রাণী পৃথিবীতে আছে বলেই, এলিয়েন আসেনা পৃথিবীতে।",Negative,Creepy,151,28
হায় রে খানকি আর কতো নাটক করবি?,Negative,Creepy,30,7
সাফা কবির পাছা কবির,Negative,Creepy,19,4
"সবকটা আচোদা, বেলুন দূর্ঘটনায় জন্ম নেয়া কুত্তা",Negative,Creepy,45,7
"বকো চোদা আবালের মতো কথা বলে আবার মাফ চায়,,,,,,যা করসেন তার মজা নিতে থাকেন জাতির সাথে",Negative,Creepy,85,16
"যা ভেবেছি, যা লিখেছি তাই করেছে মাগি",Negative,Creepy,35,7
"সাফা কবীর ওরফে মাগী কবীর কোনটা ভুলে  আর কোনটা ভুল বলে চাপা দেওয়ার চেষ্টা, এগুলো সচেতন তাওহীদি জনতা বুঝে",Negative,Creepy,103,19
"বালের এমন একটা ধর্মান্ধ সমাজে বাস করি যেখানে স্বাধিন ভাবে মতামত প্রকাশ করলেও দোষ। সাফা কবির পরকালে বিশ্বাস করেন না, তো তাতে অাপনাদের কি বাল হয়েছে? অামিও তো ধর্মরে চুদিনা....",Negative,Creepy,173,30
সোজা রিজেক্টেড মাল,Negative,Creepy,18,3
সাফা খানকীর সাঠে সেফুর বিয়া দিতে হবে তারপর ওদের উলংগ করে দুইজন কে একসাথে দরি দিয়া বেঁধে আগুনে পুড়িয়ে মারতে হবে ওকে,Negative,Creepy,117,22
শাউয়া কবির কে লেংটা করে নুনু টা দেখাও তা হলে বলবে তুমি ছেলে প্রমান কি,Negative,Creepy,69,15
সাফা মাগী এখন আবার আগের মত ফেমাস হয়ার জন্য এই লেখা গুলি লেকছে,Negative,Creepy,61,13
"হাইস্যকর ভাই,,, ওরে পাবলিক গনধোলাই দিবে এর ভয়ে এখন মুখে মুখে আল্লাহর নাম নিচ্ছে।তাছাড়া,, স্বাদের ফেসবুক আইডিটাও হারিয়ে দিশেরা হয়ে গিয়েছে।।দুই দিনের বৈরাগী ভাতকে বলে অন্য!! ভালো হয়ে যাও মাইয়া, এখনো সময় আছে।",Negative,Creepy,205,33
লাইভে এসে কান ধরে দাঁড়িয়ে থেকে ক্ষমা চা।তর আইডি নাতর পাছাতেডিম থেরাপি দিলে ভালো হতো ।পাশাপাশি সেফুদারসাথে এক মিনিট এর একটা রেপ ভিডিও ফুটেজ কেউ বের করলে পরকাল  বিশ্বাস চোদাওনা।এখন আল্লাহর নাম নাও,Negative,Creepy,194,33
মাগি তোর উপর আল্লাহর লানত।,Negative,Creepy,26,5
যারা সাফা কবির কে গালি দিচ্ছেন তাদের উদ্দেশ্যে বলতেছি চোতমারানী ভুষ্কি মাগী কে গালী দেওয়া বন্ধ কইরেন না প্লিজ,Negative,Creepy,109,19
যারা যারা বাজে কমেন্ড গুলা করতেছে সেই কমেন্ড গুলা নিজ দায়ীত্বে পাছা কবির ডিলেট করে দিতেছে।।। পাছা কবির,Negative,Creepy,102,18
অগ্রিম অভিনন্দন,Strongly Positive,Unbiased,15,2
তরে বাংলাদেশ থেকে দুর করা উচিৎ,Strongly Negative,Creepy,30,6
সুদানিকে আগুনে পুড়ানোর দরকার ছিল রাগ উটছে প্রচুর,Strongly Negative,Creepy,48,8
নাস্তিক ফাঁসি চাই।,Strongly Negative,Creepy,18,3
এই মাঘিকে দেশ থেকে বিতারিত করা হউক এ হিন্দু জঙ্গী,Strongly Negative,Creepy,49,10
সাফা কবির কে জুতা দিয়ে মারা হোক,Strongly Negative,Creepy,31,7
"জুতা পেটা করা উচিত জানোয়ার,নৃন্যতম ধম বিবেক থাকলে এ কথা অাসত না মুখ দিয়ে।তুদের সব কিছুতেই অাধুনিকতার ছোয়া",Strongly Negative,Creepy,105,18
আরে জায়েত খান তুই আবার কবে ছবি করছত তর মাইগ্গা ছবি দেখে কেডা তুই নিজেরে অনেক বড় মনে করছ না তরে জুতাদা বাইরায়া তর নায়েক গিরি বারকরব জনগন হিরু আলম ডে চিনছনা তরে কোন বালের মাতাই চিনে,Strongly Negative,Creepy,179,37
হায়রে অভাগা বি এন পি  ইজ্জত রাখলি না।,Strongly Negative,Creepy,37,8
আর এক তাসলিমার জন্ম হল এদের নাস্তিক ঘোষনা করে ফাঁসির ব্যাবস্তা করতে হবে,Strongly Negative,Creepy,71,13
"তোরে পাইলে জুতা খুলে মারবো,,,,পতিতা",Strongly Negative,Creepy,35,5
তোরে পাইলে জুতামু,Strongly Negative,Creepy,17,3
আপনার সেই ভিডিও কিন্তু আমার কাছে আছে,Strongly Negative,Creepy,36,7
"যে কথাটা বলছিলেন,,তার জন্য আপনাকে কঠিন শাস্তি দেওয়া উচিত।। যখন মরবেন তখন বুজবেন পরকাল কি জিনিস।। আপনাকে জুতা পেটানো দরকার বালের সেলিব্রিটি।।  আপনাকে ফাসি দেওয়া উচিত ইসলামি আইনে।।",Strongly Negative,Creepy,178,28
তোমার মতো নাস্তিক মেয়ে এর থেকে ভালো কি বলতে পারে।,Negative,Unbiased,49,10
তোর বাপ একটা নাস্তিক তোর মুখেই এমন মন্তব্য শোভা পায়,Negative,Unbiased,51,10
তোর বাবাত নাস্তিক ছিলো...তাই ব্যাতিক্রম হয়নি,Negative,Unbiased,44,6
নাস্তিক।যেটা অদৃশ্য ঐ টা বিশ্বাস করিও না।নাউযুবিল্লাহ।ভাইরাসের ভয়ে হাত দুয়াতে আসিও না।,Negative,Unbiased,86,12
তুই যে বললি পরকাল সম্পর্কে তুই যা দেখিস না ।তা তুই বিশ্বাস করস না ।তুই কি তোর বাপ মায়ের চুদা দেখছোস তা না হলে তুই কি ভাবে বুঝলি যে তুই তাদের সন্তান ।এই নাস্তিকের বাচ্চা।,Negative,Unbiased,170,35
তুই যে বললি পরকাল সম্পর্কে তুই যা দেখিস না ।তা তুই বিশ্বাস করস না ।তুই কি তোর বাপ মায়ের চুদা দেখছোস তা না হলে তুই কি ভাবে বুঝলি যে তুই তাদের সন্তান ।এই নাস্তিকের বাচ্চা।লাইভে আইসা জাতির কাছে মাফ চা।।সবাই দয়া করে ওকে রিপোর্ট মাইরা তারপর আনলাইক করেন,Negative,Unbiased,249,48
এই মাগি তোর বাবা এইটা যে তোরে জন্ম দিছে তুই কি দেখছস?? নাকি অন্য কেউ?তুই তো আবার না দেখলে বিশ্বাস করসনা।তোর মা বলছে তোর বাবা এইটা তখন তুই বিশ্বাস করছিস -শালী তোর শরীর থেকে বিশ্রী পতিতার গন্ধ,Negative,Creepy,190,37
চুতমারানি বেশ্যা মাগী তোরে যদি আমি পাইতাম! ১মাস ভাত না খাইয়া মুলা খেয়ে রানের চিপায় রেখে ঠাস ঠাস পাদতাম।তাতে আমার মনডা শান্তি পাইতোআইডি ডিজেবল হওয়ার পর তোর পরকালে বিশ্বাস হলো বেশ্যা মাগী,Negative,Creepy,185,32
পুটকি মাইরা হোগা ছাদে উটাইছে,Negative,Creepy,28,5
নুনু এই তামাশায় এত ভাব,Negative,Creepy,22,5
পিডা মাগিরে।,Negative,Creepy,12,2
সারা রাত চুদা দিয়ে সকালে বুরকা পরে ছবি দাও তাইনা,Negative,Creepy,48,10
তুমরা অাসো চুসো! পরি ছবি ছারছে! কেউ একটু ওকে মারো! পাছা,Negative,Creepy,55,11
"সময় চলে যায়, বাল পেকে যায়, মানুষ বুড়ো হয়, বিচি ঝুলে যায়। কিন্তু কিছু আচোদা আবালই থেকে যায় যেমন, তুই! তোদের মত প্রানী আছে বলেই, পৃথিবীতে এলিয়েন আসে না",Negative,Creepy,149,29
আবার কন্ডিশন চোদাও যদি..!ভুল করছস তা স্বীকার করতেছস না :'(বর্তমানের মতো যদি বেলুন সচরাচর হতো তাহলে জাতিকে  হয়তো তোর মুখ দেখতে হতো না।,Negative,Creepy,133,23
"এই মাগির পোলারে সেফুদার কাছে নিয়ে যাওয়া উচিত।।কারন সে ক্রস ক্রস করে মারবে,কি কস?",Negative,Creepy,80,14
এসব ফালতু অভিনেত্রী মার্কেট নাই তাই একটু নিউজে এসে মার্কিন ভিসা পেতে চাই।মার্কিন আব্বারা আমাকে বাচাও এদেশের কিছু মুসলিম আমাকে হুমকি দিচ্ছে।,Negative,Creepy,139,22
না দেখা কিছু বিশ্বাস করেনা সাফা কবির.!!আসা করি লাইভে এসে উলুঙ্গ বা ল্যাংটা হয়ে তিনি প্রমান করবেন সে একজন মেয়ে.।কারন জাতীয় বিশ্বাস করেনা সে মেয়ে.??,Negative,Creepy,146,25
না দেখা কিছু বিশ্বাস করেনা সাফা কবির.!!আসা করি আপনি লাইভে এসে ল্যাংটা হয়ে প্রমান করবেন আপনি একজন মেয়ে.।কারন জাতীয় বিশ্বাস করেনা আপনি একটা মেয়ে.??,Negative,Creepy,145,24
নগ্নতা,Negative,Creepy,6,1
মাগি কথা বলার সময় হুস থাকে না??????,Negative,Creepy,35,7
পুটকি মারা দিতে দিতে তর পুটকি গেছে বইসা...... তাই কি কইছোছ টের পাছ নাই,Negative,Creepy,70,14
তোর সকল নাটক বযন করলাম। নাস্তিক,Negative,Unbiased,31,6
তোর মত নাস্তিকের আবার বিচার তোরে জুতা পিঠা করা উচিত,Strongly Negative,Creepy,51,10
"আগে মরে দেখেন,তারপর ঠিকই বুঝতে পারবেন পরকাল কি???মৃত্যু কে তো আর অবিশ্বাস করতে পারবেন না....?",Strongly Negative,Creepy,93,15
"কিছুদিন আগেই পড়লাম ফে বু তে। উনাকে আমি চিনি না, গান শুনেছি কিনা জানি না। ঘটনার তীব্র নিন্দা জানাই। এভাবে সংস্কৃতি নষ্ট যারা করছে তাদের শাস্তি হোক।",Strongly Negative,Creepy,146,27
তোরে বাংলায় জুতা নিয়ে অপেক্ষা করছে। পাইলে বাংলার দামাল ছেলেরা সন্মান  জানাবে দেখা মাত্র ই।,Strongly Negative,Creepy,92,15
জুতা মারবো,Strongly Negative,Creepy,10,2
জুতা দিয়ে পিঠা,Strongly Negative,Creepy,14,3
ওকে গুলি করে মারা হোক,Strongly Negative,Creepy,21,5
জুতা খাবে,Strongly Negative,Creepy,9,2
নাস্তিকের বাচ্চা কে মিডিয়া থেকে বিতাড়িত করা হোক,Strongly Negative,Creepy,47,8
তুর মাগির জুতা দিয়ে দিব  তুর সাতটা link বের হয়ছে আর কইটা হবে,Strongly Negative,Creepy,61,13
এর বাড়ি কই খুন করব কবর দিন আমাকে,Strongly Negative,Creepy,32,8
ককস বাজার ভুলেও আসবিনা পাইলে লাশ হবি মনে রাকিস সাফা,Strongly Negative,Creepy,51,10
"নাটক চিনেমা তো আগেই হারাম,কুলাঈার নাস্তিক পরিবারের নাটক চিনেমা দেখা ও এদের পলো করা হারাম",Negative,Unbiased,88,15
"নাস্তিকের বাচ্চা নাস্তিক,পরকালে বিস্বাশ না কোরলে, কার কাচে ক্ষামা চাচ বেয়াদব,তুই ত আল্লাহ আচে এটাই বিশ্বাস করচ না,জেটা দেখচ না বিশ্বাস করচ না,তুই কি তোর বাপের বিয়া দেখচচ,দেখচ নাই তাহলে তুই তাকে না জেনে কিবাবে বাবা ডাকচ, বেয়াদব মেয়ে ,",Negative,Unbiased,233,40
নাস্তিক ও নাস্তিক রে তুই অপরাধী রে,Negative,Unbiased,34,7
সাফা ভাফানাস্তিক। কুলাংগার। অশিক্ষিত। বলদি। কুত্তা। বিলাই। শয়তানের মাইয়া। তোরাই জাতীকে ধংশ করবি। তোরাই বড় অপরাধী। তোদের জনসম্মুখে শাস্তি দেওয়া উচিত। কোথা থেকে এসেছিস আবার কোথায় যাবি। ইবলিশের বংশদর :D,Negative,Unbiased,199,30
স্বামী স্ত্রী কথা যে চগোল খোর পোষ্ট দিছে ওরে জুতা দিয়ে পিটাইতে হবে। আর ভুয়া,Strongly Negative,Creepy,75,15
জারা আপরাত করে তারাকেউ মিতুর আগে এবং মিতুর পরে তা কেউ মাফ পায় নায় এবং মাফ পবেও না কথাটা সম্পুর্ণ সত্য এবং বাস্তব কেয়ামতের আগ মুহুর্ত পজন্তো।,Strongly Negative,Creepy,140,27
চমৎকার কথাকোপন,Strongly Negative,Creepy,14,2
জানোয়ার। তরে জুতা মারা উচিৎ  নাস্তিক এর বাচ্চা নাস্তিক।,Strongly Negative,Creepy,55,9
তরে ফাসি দেওয়া হক....,Strongly Negative,Creepy,21,4
জায়েদ খান হিরু আলমের  জুতার সমতুল্য হবে না,Strongly Negative,Creepy,42,8
"কী বলেন জুতা মেরে গুরু দান ? এটা বিশ্বাস করেন ( আল্লাহ্ সবকিছু জানেন এবং দেখেন ) তাহলে পরকাল বিশ্বাস করেন না কেন ? যাই হোক আপনার এই গুলা প্রাপ্য  ছিল। কজ আমারা মুসলিমরা আর কিছু সহ্য করলে ও কোরআন,রাসূল আর আল্লাহ্ নিয়ে কিছু বল্লে সহ্য করি না । দোয়া রইলো আপনার জন্য আল্লাহ্ আপনাকে হেদায়েত দান করুক আমিন।",Strongly Negative,Creepy,300,59
মাগী তোমারে কাছে পাইলে তোমার ভোদা দিয়া বাংলা বাঁশ ঠুকাইতাম শালির মাগী আমার,Negative,Creepy,74,13
মালু বাচচা,Negative,Creepy,10,2
"ব্রেইনলেস পোলাপান নাটক সিনেমায় বেশি যাইতেসে , এর প্রমাণ ফেসবুক স্ট্যাটাস দিয়েই দিলো।নিজের স্টেটমেন্ট ডিফেন্ড করতে শেখোনাই তো পাব্লিক মিডিয়ায় মুখ খুলো কেনো ?পাব্লিসিটি সিকিং পোলাপান কোথাকার !",Negative,Creepy,190,28
তুই মনে হয় নিজেরে নিজে চোদস...! এটাকে কি বলে জানস?   এটাকে বলে আত্মচোদা!!!মহামনিষী শ্রী শাউয়া লাল শাহা বলেন-আত্মচোদা'স আর ওয়ান কাইন্ড অফ কুমড়াচোদা।সামটাইম ইউ ক্যান কল্ড দেম বকরিচোদা..,Negative,Creepy,183,28
মাগির বেটি কি মুসলিম না  ইহুদি,Negative,Creepy,30,6
মুমিন আবালচোদাগুলার গোয়ার জ্বালাপোড়া দেখতে এলাম।,Negative,Creepy,49,6
আমাদের সানি লিওন,Negative,Creepy,16,3
"খানকি কি বলে এইসব,খানকি এখনো পার্ট ছাড়ছে না?",Negative,Creepy,44,8
চুতিয়া মাগি,Negative,Creepy,11,2
অবশেষে নাফেরার দেশে চলে গেলো সাফা কবির আইডির শোখেওপারে ভাল থাকিস মাগি,Negative,Creepy,69,12
এইডা কি ক তো তোরে তো আবার না দেখাইলে বিশ্বাস হয়না মাগি,Negative,Creepy,54,12
"দুরে গিয়া মর, খানকী #SafaKabirতরে সামনে পাইলে আমার পোষা কুত্তা দিয়া চু*ব.মাঘির জি মাঘি.#SafaKabir_#হেড়া",Negative,Creepy,103,14
ওই মাগী তর বাপে যে তরে জন্ম দিছে তুই কি দেখছিলি তাহলে তারে বাবা কইয়া ডাকছ ক্যামনে লজ্জা করে না চোদানী,Negative,Creepy,101,21
নাউযুবিল্লাহ বেশ্যা বলে কি,Negative,Creepy,26,4
"শুনছিলাম এর বাপে নাকি ইসলামি ফাউন্ডেশনের চেয়ারম্যান, তার মেয়ে এমন বেশ্যা হয় কিভাবে,,,,,,????",Negative,Creepy,92,13
দুধে রস নেই🤗,Negative,Creepy,12,3
জুম করে দুধের মধ্যভাজ আর পাছার একাংশ দেখে নিলাম,Negative,Creepy,47,9
"আচ্ছা কেও কি বলবেন,,, সাফা কি ছেলে,নাকি মেয়ে,নাকি হিজরা কেও কি বলবেন,,আমিতো তাকে দেখিনি,, আমি তার ব্ল্যাকহোল ৩৬০°   দেখা ছাড়া বলতে পারবো না সে আসলেই কি#যেটা আমি দেখিনা,তা আমি বিশ্বাস করিনা,,,,,",Negative,Creepy,193,31
তুমি বুঝো না দুদু খাও।ফেমাস হইতে চাও।এখন ট্যার পাইবা ।আর তোর ফেসবুক আইডি নস্ট হইছে তুই শুকরিয়া জানা যে হারাম জিনিস থিকা বিরত হইছোস।।ধন্যবাদ জানা তাদের।। কি কোস তোরা Akash Mahmud Ahmed Munna,Negative,Creepy,189,33
দুধ ভাত দিয়ে কাল সাফ পেসা হয়ছে,Negative,Creepy,30,7
"একজন ভুল করে বলে ফেলেছে এবং সে ক্ষমাও চেয়েছে।তাহলে তাকে নিয়ে এতো সমালোনা কিসের,,,,,? নিশ্চই আল্লাহ সমালোচনাকারীকে পছন্দ করেন না।",Negative,Creepy,128,20
হিরো আলমে কপাল অনেক ভালো কারন হিরো যাদের জুতার দামের মাঝেও পরে না তারা কথা বলতেছে তাই হিরো আলমে কপাল অনেক ভালো এই হিরো আলম বাসা গেয়ে নামাজ পরবি,Strongly Negative,Creepy,143,29
"এমপি হিরো আলম কি এমন মহত কাজ যার জন্যে বেশি বেশি শেয়ার কেরতে হবে? সালা চেনাচুর ওলা নামের আগে এমপি লাগাইছে, এমপি না লেখে তর বাপ কি ছিল নামের আগে সেটা লাগা,কথায় আছে বাপ মরছে আন্দাগোন্দা পুতের না বিদ্যুৎ।",Strongly Negative,Creepy,201,39
বাহ...এইতো নতুন করে অারেক কুলাঙ্গারেরর অামদানি হলো...একে ও তসলিমা নাসরিনের মতো দেশ থেকে বিতাড়িত করা হোক...,Strongly Negative,Creepy,106,16
শালারে জুতার মালা গলায় পড়ানোর দরকার,Strongly Negative,Creepy,37,6
তরে সামনে পাইলে জুতা দিয়া পিটাইতাম,Strongly Negative,Creepy,34,6
"বিচার যে ধুচাও,ঐ সময় ত হুশ আছিলো না, আর ক্ষমা কি মুখের নলা যে বললেই ক্ষমা হয়ে যাবে, ভালো করে আল্লাহর কাছে ক্ষমচা,তারপরেও দেখ আল্লাহ ক্ষমা করে কি না?আর নিশ্চয় আল্লাহ পরম ক্ষমা শীল এত বড় কথার জন্য এত ছোট ক্ষমা গ্রহণ যোগ্য নই,বুজ্জস সালি খানকি",Negative,Creepy,240,46
সবাই লাইন ধরে দারান সবাইকে গালি দিবার সুযোগ দিয়া হবে। আর এমন চুদাইন্না আলাপ করস কেন,Negative,Creepy,83,16
মিয়া খলিফা আর সাফা কবির দুইটাকে যদি আমি একসাথে ঠাপাইতে পারতাম নিজেকে ধন্য মনে করতাম...,Negative,Creepy,86,15
যারা কথার আক্রমন করেছে তাদেরকে এখন আল্লাহর উপর ছাইড়া দেও ক্যানে কানাচুদা।এম্নে ভাব চুদাইয়া শোতে ঠিকি কইতে পার হাবিজাবি আর শুনতে খারাপ লাগে নাকি?,Negative,Creepy,144,24
"সবাই সাফা কবীরকে দেখলে দেখিয়ে দিবেন,না হয় পাছা কবীর ভাবে আপনি পুরুষ না!",Negative,Creepy,71,13
ভূতের মুখে রাম রাম তুমি যে কথা  বলেছ কোন রাস্তার মাগি ও সে কথা বলবেনা।।,Negative,Creepy,71,15
সাফার পাছা এখন লাল হয়ে গেছে,Negative,Creepy,27,6
ভালো লাগতো খুব বাট এখন মনে হচ্ছে সানি লিওন....ফালতু একটা মেয়ে....,Negative,Creepy,65,11
শোন মাগি তুই কাফের হলে বালডাও ছেঁড়া যায়না মুসলিম দের কিন্তু টাকার জন্য ইফতার add করবি আবার এই সবকথা বলবি এটা অন্যায় ৷ গু মাখা ঝাঁটা দিয়ে মারা উচিৎ ৷,Negative,Creepy,148,30
মাগী বাজি বন্ধ করেন আফু আকাম সোদাইয়া এখন আবার ভালো সাজন সোদাইতেছো?,Negative,Creepy,66,12
সাফার মতো লম্পট মাগি আগে দেখি নাই....অনেক বড় বক্ত(fan) ছিলাম কিন্তুু এখন ওকে চুদতে মন চায়,Negative,Creepy,89,16
শালী একটা ব্যবসা মাগী? বেশি বেশি মাঝে লিটন এর ফ্লাইটে যায় মনে হয়,Negative,Creepy,64,13
সালি মাগি।।।খানকি,Negative,Creepy,17,2
সালি দুনিয়াতে কি মেয়ের  অভাব পরছে নাকি। তুই একটা মাগী।,Negative,Creepy,54,10
পাছা কবিরের আর কোনো স্ট্যাটাস দেখিনা কেন?,Negative,Creepy,41,7
মাগি একটা,Negative,Creepy,9,2
ষাঁড় দিয়ে চোদানোর দরকার তোরে,Negative,Creepy,28,5
"সকাল বেলা সেহরি খেয়েই তোর ছবি দেখছি, নিঃসন্দেহে তুই জাহান্নাম বাসী।",Negative,Unbiased,67,11
খানিক ইন্ডিয়া চলে যা__তুইনাস্তিক,Negative,Unbiased,33,4
ও জারজ বলে ও পরকাল বিশ্বাস করে না,Negative,Unbiased,33,8
"এই নাস্তিকের জায়গা বাংলাদেশে নয়, একে  বিতারিত করা হোক। এই নাস্তিক ইসলাম জাতির শত্রু",Strongly Negative,Creepy,83,14
তোরে যদি পাইতাম।। জুতা মারতাম,Strongly Negative,Creepy,29,5
তোকে যদি কাছে পাইতাম.. তোকে জবাই করে ফাঁসিতে চলতাম...,Strongly Negative,Creepy,53,9
"জুতা চিনছ তুই,তরে বাটা দিয়া পিটানোর দরকার,অমানুষ এর বাচ্চা",Strongly Negative,Creepy,58,9
আগে মর তারপর বুঝতে পারবি,Strongly Negative,Creepy,24,5
আমি বুঝি না মুসলিম রা এত আততোভোলা জাতি কেন। কারন সাফা কবির এর বাবা বাংলাদেশের নামকরা নাস্তিক শাহরিয়ার কবির। মা নাস্তিক খুশি কবির। ভাই ও নাস্তিক। পুরো পরিবার টাই যেখানে নাস্তিক ওখানে ও আস্তিক হবে কেমন করে। আগে বাপকে জুতা মার। কান টানলে মাথা এমনিতেই আসবে।,Strongly Negative,Creepy,253,46
সবাই ভদ্র ভাষায় কমেন্ট করবেন। কেউ উত্তেজনা বসত খানকি মাগি বলে গালী দিবেন না।,Negative,Creepy,77,14
যেহেতু আমরা সাফা কবীরের কোনো উলঙ্গ ছবি দেখিনি!তাই আমরা উনার জামার উচু অংশ দেখেও বিশ্বাস করতে পারছি না যে সে একজন মেয়ে।,Negative,Creepy,118,22
"শুধু ফেসবুক প্রোফাইলটা নিয়ে  গেছে, তোকে নিয়ে যাইনি যে তোর ভাগ্য ভালো।",Negative,Creepy,69,12
সবাই আছেন তাকে গালাগালি করার চিন্তায় আর আমি আছি কবে তার লিংক পাবো সেই চিন্তায়,Negative,Creepy,77,15
বেষ্যা মাগি,Negative,Creepy,11,2
"যৌবন যখন চুটকি,গন্ধ ছড়াচ্ছে পাছা কবিরের পুটকি !",Negative,Creepy,47,8
সাফা কবির তুই একটা মুসলিম নামের কলঙ্ক তুই মিয়া খলিফা সানি লিওন  এদের সেইও খারাপ  তোরে ঘুড়া আর কুত্তা দিয়ে দিয়ে চুদানো দরকার ছিল,Negative,Creepy,127,24
সে বিশ্বাস করে কি করে না এটা তার ব্যাপার। তোমাদের জ্বলে কেন পাছায়?,Negative,Creepy,66,13
সাফা তুমি চোদাই মুরি খাওতুমি মোশারফ করিমের মত  ফ্যান হরাইলা,Negative,Creepy,59,10
সাফা কবির জনি সিনকে বিশ্বাস করেন তো,Negative,Creepy,35,7
সুদি তরে মাগি,Negative,Creepy,13,3
বাল রে বেকে এতোক্কোনে মারি হুতাই দিচে....ইয়ানে অনকা ১০টিয়া খরচ করলে লচ...মেহেরাজ ভাই চলেন আমরা ওদের কে ঠিক করি যারা সোগা কবির এর পক্ষে স্লোগান দেই..হেই সব মাগির রেট কত জিজ্ঞাও..,Negative,Creepy,177,31
সাউয়া গভীর কে আর চুদা দিওনা ভাইরা....!! খারাপ লাগে তো...আমার মতো ভদ্র ভাবে ওরে বুঝাও...!!!#২days ago সাফা কবির Now সাউয়া গভীর,Negative,Creepy,125,21
সাফা তোমার কেটে দেবো পাছা,Negative,Creepy,25,5
"মাগি গুলা যে সেকেন্ডে সেকেন্ডে নাগিনের মত রুপ পাল্টাতে পারে, আগে জানতাম না!",Negative,Creepy,75,13
তরে পাইলে জুতা পিটা করতাম।।।বুজলি,Strongly Negative,Creepy,33,5
এবার তুমি মরছো।,Strongly Negative,Creepy,15,3
আজকে সাকিব আসবে।  এটাই সারপ্রাইজ,Neutral,Unbiased,32,5
"নির্বাচন ও অান্দোলন: প্রস্তুতি প্রয়োজন। সেটাবিএনপির অাছে বলে মনে হয়না। অথছ জাতি দলটির দিকে তাকিয়ে অাছে, তাই বিএনপিকে দল গোছানোর কাজ করতে হবে। অার নেতাদেরকে অবশ্যই নির্যাতিত কর্মীদের পাশে দাঁড়াতে হবে। যারা এ দুর্দিনে ময়দানে থাকবে,  কর্মীদের পাশে এসে দাঁড়াবে, তাদেরই ভবিষ্যতে মনোনয়ন দেয়া হউক।",Neutral,Unbiased,290,45
আজকে অন্য রকম ছবি কেন??  ভূগোলের দুইভাগ বন্ধ রেখে তিনভাগ খোলা রাখলেত আপনাকে সুন্দর লাগতো কি বলেন ভাই???,Neutral,Unbiased,103,18
"নাস্তিক সাফা কবিরের চামড়া,তুলে নেব আমরা"" এই হোক আমজনতার স্লোগান।",Neutral,Unbiased,64,10
এখন তো দেখছি স্রষ্টার খুব কাছাকাছি চলে গেছেন। কথাটা অতি আবেগে যে বলেছিলেন তা আগেই বুঝতে পেরেছিলাম।আপনার অভ্যন্তরীণ আদর্শ থেকে বেরিয়ে আসা উচিত। ভুলটা বুঝতে পারার জন্য ধন্যবাদ।,Neutral,Unbiased,174,28
ওর বাবার নাম কি???সঠিক উত্তর চাই,Neutral,Unbiased,32,6
তাতে আমাগরে কি?,Neutral,Unbiased,15,3
"ভাই দোষ আমাদের মুসলিমদের ই আমরা ই তাদের সব ক্ষেত্রে সংখ্যালঘু বলে ভালো ভালো চাকরির সুযোগ করে দিসি। চিন্তা করে দেখেন। আমরা আমাদের জাতি ভাইদের বিশ্বাস করি না। বিশ্বাস করি মালুদের, তবে দিন শেসে তারাই আমাদের বড় ক্ষতি করে ফেলে। তখন আর আমাদের আফসোস করা ছাড়া কিছুই করার থাকে না।",Neutral,Unbiased,271,50
রবীন্দ্র রেও ছাড়লো না,Neutral,Creepy,21,4
এইখানে কয়েকজন  হিন্দুধর্মের অনুসারীদের হাততালি দেয়ার প্রকৃত কারন টা কি?তাদের ধর্মে কি পরকালের অস্তিত্ব নাই....,Neutral,Creepy,110,15
আপনার ফার্মের বেতন নিয়ে যে তথ্য পাচ্ছি তার ব্যাখ্যা দেন বা তার সম্পর্কে  পরিষ্কার করেন।,Neutral,Unbiased,87,15
আছি আমরা,Neutral,Unbiased,8,2
"যে পরকাল বিশ্বাস করে না, তার আবার বিচার কোথা থেকে আসে, নাস্তিকের কথা শুনলে......",Neutral,Unbiased,80,14
যাক মাত্র দেখলাম কোন নিউজ পোর্টালে নাস্তিকের খবর চাপাতে,Neutral,Unbiased,55,9
"নাস্তিক,তোর নাটক আর দেখুম না",Neutral,Unbiased,28,5
"আপনার উপর থেকে রেস্পেক্ট টা চলে গেলো। নাস্তিক মানুষ আমার পছন্দ না। আপনার সমস্ত নাটক, শর্টফিল্ম & টেলিফিল্ম বয়কট করলাম।",Neutral,Unbiased,118,20
নামের পরে ইসলামটা বাদ দেন,Neutral,Unbiased,25,5
নাস্তিকদের জন্য,Neutral,Unbiased,15,2
নাস্তিকদের জন্য শিক্ষানিয়ো,Neutral,Unbiased,26,3
ভাই ডিনার এর বিলটা কে দিবো,Neutral,Unbiased,26,6
ঘরে বসে শুট করতে কেমন লেগেছে? ক্যামেরাতে কে ছিলেন?,Neutral,Unbiased,50,9
"অরে বাবা, এই টা কোন পাগল????",Neutral,Unbiased,28,6
এখানে আসলে তর্কের কিছু নেই।। আপনি নাস্তিকদের পূর্বের ও এখনের অবস্থা গুলো যাচাই করুন তাহলে বুঝতে পারবেন।।।কিছু নাস্তিক সমাজে জায়গা পেলেও সেটা কিটপতঙ্গের মত।।,Neutral,Unbiased,156,24
"তুমি হয়তো টাকার নেশায় পড়ে এ কথা বলেছো,টাকা পয়সা কত দিন এখনো সময় আছে পরকালে বিশ্বাস কর আর ইমান আনো আল্লাহর কাছে মাপ চাও ও ইবাদাত কর এতেই তোমার  মঙ্গল।পোরা কোপাল!",Strongly Negative,Creepy,160,31
দূর শালি জুতা মারি,Strongly Negative,Creepy,18,4
আগে মর তারপরে বুঝবে খান কি,Strongly Negative,Creepy,26,6
ইসলামিক ধর্মীয় অনূভূতিতে আঘাত দেওয়ার অপরাধেতোর মত নাস্তিকের ফাঁসি হওয়া উচিত৷,Strongly Negative,Creepy,76,11
আজ থেকে তোমার সব নাটক বয়কট করলাম,Strongly Negative,Creepy,32,7
এই রাজাকার রেন্ডিয়ার দালালের দেশদ্রোহিতার অপরাধে ফাসি চাই,Strongly Negative,Creepy,57,8
জুতা মারো কবির গালাগালি,Strongly Negative,Creepy,23,4
জাহেদ  খান একটা ছাগল হিজরা  তরে কয়জনে চিনে। হিরো আলমের জুতার যুগ্যতা জাহেদ খান তর নাই।,Strongly Negative,Creepy,86,16
এই নাস্তিকদের কে এই বাংলা থেকে জুতা পিটা করে ভারত পাঠিয়ে দেওয়া উচিৎ,Strongly Negative,Creepy,69,13
তোরমতো       শিক্ষিত মুর্খের কপালে জুতা মারি। বেয়াদব,Strongly Negative,Creepy,52,7
"চাপা খবিসকে প্রচুর ভাল্লাগতো এখন তো মনডা চাইতাছে গোবর মাখা ঝারু দিয়া বাইরাই ধইরা...গলায় জুতার মালা লাগাই #বেয়াদপ মহিলা,খাচ্চর",Strongly Negative,Creepy,125,19
ওর ভোদার ভিতরে গরম ডিম দিলে সব ঠিক ঠাক বলে দিবে কেমন,Negative,Creepy,52,12
সাফা কবিরের পুটকি তে বহু কারেন্ট তবে সে সেই কারেন্ট দেখতে পায়না বলে বিশ্বাস ও করে না,Negative,Creepy,84,17
"অভিনেত্রী মানেই সেচ্ছায় ""ধর্ষিতা"" এবং  মর্ডান ""বেশ্যা"" !  তারা পরকাল বিশ্বাস করলেই কি, আর না করলেই কি?",Negative,Creepy,102,17
মাদারচোদেরেএতদিন পরে মিথ্যা কল রেকর্ড পাঠাইছো খানকির পোলা ব***** মাগির পোলা,Negative,Creepy,75,11
তোরে পাইলে কুত্তা দিয়া চুদামু খাংকি,Negative,Creepy,35,6
"খানকী মাগী তোর বাপেরে তুই বিশ্বাস করোছ কেমন করে ,তোর মারে জে তোর বাপে চুদছে এটা তুই শিওর কেমন করে",Negative,Creepy,97,20
ভাইয়েরা আর খানকী মাগীরে গালি দিয়েন না‍! মাগি Pregnant হয়ে গেছে,Negative,Creepy,62,11
সাপ দিয়ে মাছ ঢাকতে দেখি নাই কিন্তু চুল দিয়ে দুধ ঢাকতে দেখেছি,Negative,Creepy,60,12
খানকি মরে দ্যাখ,Negative,Creepy,15,3
বেশ্যা মরে দ্যাখ,Negative,Creepy,16,3
চোদা খায়ে বেড়াবেন অার অাম জনতা লিংক চাইলে দোষ,Negative,Creepy,45,9
নতুন নাটক।একটা সময় সাফা কবির আমার ক্রাস ছিল।এমনকি আমার ফেসবুকের কভার পিক টাও সাফার ছিল।।ওর বাচ্চা কথার জন খুবই ভাল লাগত।।কিন্তু এখন I hate #safa_kobir,Negative,Creepy,150,25
অামার প্রিন্ট মিডিয়ার Safa kobir এর সাথে কোনো প্রকার নাটক/বিজ্ঞাপন/ব্রান্ড প্রোমোটি ও মডেলিং এ কাজ করবে না।অামি সকল Multimedia দের পরিচালকদেরকে একই কথা বলতে চাই।বাংলাদেশে অারো অনেক পতিতা অাছে তাদেরকে নিয়া কাজ করুন।,Negative,Creepy,214,33
জাতীয় মাগি,Negative,Creepy,10,2
জানু তুমি কি ভার্জিন অাসো নাকি চুদাইসো,Negative,Creepy,38,7
সাফা কবির মাগিতো পরকাল ই মানে না তার অাবার শবে বরাত,Negative,Creepy,51,11
"তোর মতো সাফার কপালে জুতামারি,,",Strongly Negative,Creepy,30,5
খানকিরে রাস্তায় নিয়ে আইসা ফাসি দেয়া হউক,Strongly Negative,Creepy,39,7
"হেতে কার কথা বলেছে সালায় কানেই সুনে নানিসার কানে সমেসা,তাই জুতা পিটিয়ে ঠিক করতে হবে,,,,,,",Strongly Negative,Creepy,89,15
সাফা কেকুকুর দিয়ে পাটানো নাগবে,Strongly Negative,Creepy,30,5
জুতার বারি মারা উচিত হারামজাদিকে।,Strongly Negative,Creepy,33,5
এরা কিসের সেলিব্রেটি পাবলিকের জুতার নিচে স্তান এাদের।,Strongly Negative,Creepy,53,8
"মার্ক জুকারবার্গের কাছে অনুরোধ করছি প্লিজ একটা জুতার রিয়্যাক্ট চালু করেন,কারন Haha রিয়্যাক্ট দিয়ে মনে শান্তি পাচ্ছি নাহ্ !",Strongly Negative,Creepy,122,19
আগে মর তার পর দেখ,Strongly Negative,Creepy,17,5
কর্মের ফল,Strongly Negative,Creepy,9,2
আগে মর তরপর বুঝবি সালির ঘরের সালি।,Strongly Negative,Creepy,34,7
করলে কর নাকরলেও কবরে যেতে হবে,Strongly Negative,Creepy,29,6
তখন ৯ম পড়ি এখনো চোখের সামনে জ্বল জ্বল করতেছে।,Strongly Negative,Creepy,45,9
"মানুষের পাছায় বাঁস দেয়, কিন্তু মাগি বাঁস পাছায় দিছে....",Negative,Creepy,55,9
পরি মনির সোনা কালা,Negative,Creepy,18,4
পাছা কবিরের টপার ফ্যান ভাই বইনেরা,Negative,Creepy,33,6
"যেহেতু আমি সাফা কবীরের কোনো উলঙ্গ ছবি দেখিনি,তাই আমি জামার উচু অংশ দেখেও বিশ্বাস করতে পারছি না যে,সে একজন মেয়ে #লজিক#Copy_",Negative,Creepy,122,21
হালি..আবাল..পোষ্ট চোদায়..,Negative,Creepy,25,2
সাফা কবিরের হট মুভির লিংক পেতে চাইলে - ইনবক্স করো,Negative,Creepy,49,10
"সাফা কবির  - পাছা কবিরসবাই একটা করে নতুন নাম দিয়া যান,,,",Negative,Creepy,56,11
বাহ চুদানির মাগি বাহ ইচ্ছা করছে রড গরম করে সেই রডের টান্ডাঠান্ডা দিখ টা তোর সোনার দি ডুকাই আর গরম দিক টা বাহিরে রাখতে যাতে কেও টেনে বের করতে না পারে,Negative,Creepy,148,31
ভাব দোদাইতে গেছিলা মাগি ?,Negative,Creepy,25,5
মুসলমান মেয়েদেয় ঘর থেকে বের করছিলো .আর তোরা মেয়েরাই এখন বলিস মুসলমান আমাদের ঘর বন্দি করে রাখছে.আজ তোদের মত মাগি দুনিয়াতেয় আছে  বলে দুনিয়াটা এত খারাপ হয়ে গেছে . এর বিচার যেন উপর ওয়ালা দুনিয়াতেই দিয়ে দেয়.,Negative,Creepy,202,37
"মাগী,খানকিনস্টা",Negative,Creepy,15,1
শাউয়া গভীর এখন কিছু বুঝো না দুধু খাও চুতমারানি,Negative,Creepy,46,9
এই প্রথম মেয়েটাকে ভাল লাগছে আমার কাছে,Positive,Unbiased,37,7
"ড্রাইবার ছাড়া যেমন গাড়ি ছলেনা,ঠিক আল্লাহ ছাড়া পৃথিবী অছল।",Positive,Unbiased,57,9
সৃষ্টি  কর্তা  অবশ্যই  আছেন,Positive,Unbiased,27,4
আমার ফেসবুক প্রোফাইল হ্যাক করেছেন এবং আমাকে অত্যন্ত বাজে ভাষায় আক্রমণ করছেন।।।।........ Ebar bujlen to Amader deshe  মত প্রকাশের সাধীনতা ase kina..সত্যি বলতে হলে দেশের বাইরে চলে যান।।,Neutral,Creepy,184,28
"আধুনিকায়ন এর নামে এসব ! দিনে দিনে না জানি আর কতো অগ্রসর হয়, শেষ পর্যন্ত বাঙ্গালী নারীদের কাপড় খুলে উলঙ্গ করে ছাড়বে পশ্চিমারা, আফসোস!",Neutral,Creepy,132,24
ও কোনও ধর্মেই বিশসাস করেনা.অর্থাৎ  ও নিজেই জানেনা ওর ধর্মকি.ও জানেনা ওর বাবা মা কে R বাবা মা ছাড়া.......... ? ওর বাবা মা থাকলে অব্শ্যই ওর মতো একটা জারোজ কে মুখে লাগাম দিতো,Neutral,Unbiased,171,33
মাইয়াডার হাসিটা♥️♥️♥️,Positive,Unbiased,21,2
মাইয়া ডার হাসিটা ♥️♥️,Positive,Unbiased,21,4
হিরো আলমকে ধন্যবাদ,Positive,Unbiased,18,3
"বাংলাদেশ আওয়ামীলীগ , এর অঙ্গ ও সহযোগী সংগঠনই এই দুর্যোগকালীন সময়ে দেশের মানুষের পাশে আছে। অন্য কোন রাজনৈতিকদল বা সংগঠন মানুষের পাশে নাই অথচ তারা এই দেশে রাজনীতি করে। খুবই অবাক লাগে।",Positive,Unbiased,181,32
আওয়ামী লীগ একমাত্র দল দেশের ক্লান্তি কালে জনগনের পাশে থাকে।,Positive,Unbiased,59,10
নেতা লাখো কুটি সালাম রইল,Positive,Unbiased,24,5
তারেক রহমান জিন্দাবাদ,Positive,Unbiased,21,3
"আল্লাহ সবাইকে বুঝার তাওফিক দান করুক,,আমিন",Positive,Unbiased,41,6
ফ্রান্স,Neutral,Unbiased,7,1
অনুপ্রেরণার অতীব উদগিরন থেকেই তিনি এই অমিয় বানী নিসাঃরন করিয়াছেন...!!!!,Neutral,Unbiased,72,10
ঝাড়া কবির তুমার কমেন্টস বক্স অফ করে দাও... নইলে রাইটের ঘুম হারাম হই যাইবে ।,Neutral,Unbiased,76,15
বাংলাদেশের সেরা খেলাড়ি মিঃ সাকিব,Neutral,Unbiased,33,5
"বাহ ভালইতো।।  চায়ের দামে শরবত পাইলাম।। ক্ষমা কি এই জন্য চাওয়া হচ্ছে।। ফেইসবুক প্রোফাইল,, হুমকি,,বাজে কিছু থেকে মুক্তির জন্য।।আরে বলদি ভুল যে করছেন সেটা ত শিকার করলেন না।। মনে হয় এর উপর ছেরে দিছেন।।",Neutral,Creepy,197,34
বিদেশি মাল মনে কইরা গরুর সরবত খাইলে এটাই হবে।,Neutral,Creepy,45,9
"সত্যি বলতে,এই দেশের বেশীরভাগ মানুষ মুসলমান। আর ধর্মের প্রতি মানুষের আবেগটা খুব বেশী। তাই ক্ষমা চাইলে আল্লাহর কাছেই চান কারন সব কিছুর সৃষ্টির মালিক আমার আপনার সৃষ্টিকর্তা মহান আল্লাহ। এই দুনিয়াটা ক্ষণস্থায়ী তাই ঐখানে যাওয়ার কথা ভাবুন। সবাই চলে গেছে আমার আপনাকেও যেতে হবে।",Neutral,Unbiased,270,44
সবাই ওর ফেইসবুক ফেইস আন লাইক করেন।,Neutral,Creepy,34,7
"ভালো,, তবে যে কথা আপনি বলেছেন যেটা  ফেইসবুক উপর দিয়ে গেছে,, আল্লাহর কাছে লাখ শুকরিয়া আদায় করেন,,",Neutral,Creepy,97,17
সালিকে নগদে বাটাম দে...  সালির পাছায় তেল দরছে.....!!,Negative,Creepy,52,8
এরা বইসা তাস খেলতাছে তবুও পরকাল বিশ্বাস করেনা হুহ......,Negative,Unbiased,55,9
"বিশ্বাস করবে কেমতে ওরত জন্মের ঠিক নাই,,,, কারন ও যে ওর বাবার সন্তান ওর বাবা যে ওরে জন্ম দিসে সেটাতও দেখে নাই তাহলে তার যে বাবা আছে তার কি প্রমান....সেত পিত্তি পরিচয় হিন অবৈধ সন্তান,,,বাংলার নব্য নাস্তিক।",Negative,Unbiased,203,37
নতুন নাস্তিক....  অপেক্ষা করো টের পাবা...  সময় থাকতে তাওবা করে ফিরে আসো,Negative,Unbiased,71,12
"আপনি পরকাল বিশ্বাস করেন না,,আবার আল্লাহর নাম নিচ্ছেন ,, আপনাকে জুতা মারা উচিৎ",Strongly Negative,Creepy,77,13
জায়েদ খান তর জুতা মারি শালা জায়েদ শালা,Strongly Negative,Creepy,38,8
তোর ফাঁসি চাই নাস্তিক,Strongly Negative,Creepy,21,4
সালি তোরে পিডামু,Strongly Negative,Creepy,16,3
হারাম জাদি জুতা মারুম তেরে,Strongly Negative,Creepy,26,5
দুর মাগি তোরে পাইলে জুতা দিয়া পিটলাম নে।,Strongly Negative,Creepy,40,8
তোরে জুতা দিয়া পিটাবে পাব্লিক হাতের নাগালে পেলে ভাই ইমান নাই তোর।,Strongly Negative,Creepy,65,12
তোমাকে কুততার চামরার জুতা দিবো তুমি  আর কি চাও তোমার সরম নাই,Strongly Negative,Creepy,60,12
"আজ এনটিভিতে খবর টা দেখে নিজেকে খুবই অসহায় লাগছে।এতোবড় অপবাদ।অথচ যুক্তরাষ্ট্রের প্রতিনিধি বলছেন ""বাংলাদেশে প্রত্যেক ধর্ম একে অন্যকে সম্মান করে।এবং সম্পৃতিতে বসবাস করে।""এই মিথ্যাচারের বিচার হওয়া দরকার।",Strongly Negative,Creepy,199,27
জায়েদ কে জুতা মারো,Strongly Negative,Creepy,18,4
"এই পোস্ট টা দেখে তোরে আর একবার থাপ্রাইতে মন চাইতাছে,,,যে পরকাল বিশ্বাস করে না সে আবার আল্লাহ র কাছে বিচার চাই,,,তোরে জুতা পিটা করলেও কম হয়ে যাবে,,,বেয়াদব",Strongly Negative,Creepy,153,27
ভোট চেরেরা   fucking,Strongly Negative,Creepy,20,3
জুতা মার ওর গালে।নাস্তিকের বাচচা,Strongly Negative,Creepy,32,5
নাস্তিক সাফা'র গালে জুতা মারি,Strongly Negative,Creepy,29,5
জুতা দিয়ে মারতাম পাইলে,Strongly Negative,Creepy,22,4
জুতা তোর কপালে,Strongly Negative,Creepy,14,3
ইনশা আল্লাহ,Strongly Positive,Unbiased,11,2
আপোষহীন নেত্রী!! আল্লাহ্ উনাকে নেক হায়াত দান করুন!!,Strongly Positive,Unbiased,51,8
আমিন.....,Strongly Positive,Unbiased,9,1
এখনো তো জুতারবারি বাকি আছে তাতেই তারের মত সোজা হয়ে গিয়েছো??পাবলিক কি জিনিস বুঝতে  পরছোস তাহলে ??,Strongly Negative,Creepy,96,17
তুই শালী নাস্তিক।তোর ফাঁসি চাই।,Strongly Negative,Creepy,31,5
"সাফা কবির,একটা কথা মনে রাখবে নিজেকে যত ওভার স্মার্ট ভাববে দিন শেষে পাগল হয়ে যাবে  এটা অভিশাপ। তসলিমা নাসরিনের কথা ভুলে গেলে,বাংলাদেশে যার কপালে শুধু জুতার আঘাত ছাড়া আর কিছু নাই। ওভার স্মার্ট ভেবে ন্যাংটা হয়ে যেয়েওনা। এটা বাংলাদেশ,জু",Strongly Negative,Creepy,233,39
"তসলিমার মতো তিনি দ্বিতিয় নাস্তিক সাফা কবির, তার মতো এই দেশ থেকে সাফা কবির কে জুতা দিয়ে মেরে বের করতে হবেপতিতা সাফা কবির সুন নাস্তিকের বাংলায়জায়গা নাই",Strongly Negative,Creepy,149,27
এড়াইত কেয়ামতের আলামত,Strongly Negative,Creepy,20,3
"হিরো আলম ভায়ের জবাব, জায়েদ খানের মুখ আর জুতা।",Strongly Negative,Creepy,45,9
"আজ থেকে যারা তার সাপোট করবে তারা ই মুল খারাপ,,,,,আল্লাহকে মাননা আবার আল্লাহর কাচে বিচার,,,একে পাবনা পাঠাও,,,,সামনে পাইলে জুতা পিটা করতাম,,,বেয়াদব",Strongly Negative,Creepy,145,21
ইনশাআল্লাহ দেশ এগিয়ে যাবে বহু দুর ,Strongly Positive,Unbiased,34,6
"আল্লাহপাক আমাদের রক্ষা করবেন,ইনশাআল্লাহ",Strongly Positive,Unbiased,39,4
আল্লাহ্ র কাছে উনার সুস্হতা এবং দীঘায়ু কামনা করছি.. আমিন,Strongly Positive,Unbiased,56,10
এখন মুমিন বন্দারা তোমাকে নাস্তিক ট্যাগ লাগাবে! ঈমানি শক্তি দিয়ে গালি দিবে। সবার কথায় কান দিতে নাই  Safa Kabir,Negative,Unbiased,109,19
এটা তো সবাই জানে নতুন কি? নাস্তিকের মাইকিং করা।,Negative,Unbiased,47,9
এদের৭০ প্রজন্ম জাহান্নামের খড়ি হবে,Negative,Unbiased,34,5
ডয়চে ভেলে বাংলাদেশে নিষিদ্ধ করা হোক। যে বাকস্বাধীনতা সংখ্যাগরিষ্ঠ জনতার ধর্ম বিশ্বাসে আঘাত করে সেই স্বাধীনতার প্রয়োজন নেই।,Negative,Unbiased,122,18
তোর মতো মেয়ে কে অন্য সব মুসলিম দেশ হলে জবাই করে ফেলতো এতোক্ষণে । একজন মুসলিম হয়ে তুই কি বলেছিস ভেবে দেখেছিস। তোকে আল্লাহ মাফ করুক।আর তোর শুটিং করা নাটক ভেবে নে আর কাউ দেখবেনা #নাস্তিক,Strongly Negative,Creepy,183,36
জুতা ফেটা কর শালীরে। ক্ষমা চাইতে আসছে।,Strongly Negative,Creepy,38,7
চরিত্রহীন বেশ্যা নাস্তিক সাফা কবির তোরে জুতা পিটা করে দেশ থেকে বাহির করা এখন সময়ের দাবি।,Strongly Negative,Creepy,88,16
নাস্তিক সাফা কবির তোরে জুতা পিটা করে দেশ থেকে বাহির করা এখন সময়ের দাবি।,Strongly Negative,Creepy,71,14
সেই আপু!!,Neutral,Unbiased,9,2
জরিপ টাও কি রাত্রে হইসে?,Neutral,Unbiased,24,5
অনুগ্রহ করে সবাই হজম করে নাও,Neutral,Unbiased,28,6
জায়েদ খাঁন এটা কে?আমি বাকি তিনজন কে চিনি কিন্তু এই জায়েদ খাঁন মালটারে চিনলাম না।,Neutral,Creepy,80,15
ফেসবুক হ্যাক হওয়া দুঃখে আল্লাহকে মানতে বাধ্য হলেন ।,Neutral,Creepy,52,9
বেশীই পাতলা লাগে।,Neutral,Creepy,17,3
ইফফাত আরা ❤❤❤,Neutral,Unbiased,13,3
"তোমারে বানাইছে তোমার বাবা মা,  তাদের বানাইছে তাদের বাবা মা,, তর্কের খাতিরে মানলাম কিন্তু, সৃস্টিকর্তা না থাকলে?  দুনিয়ায় সর্বপ্রথম  যেই মানুষ টি এসেছে?  তাকে কে সৃস্টি করেছে??? তার তো মাও ছিলনা, বাবাও ছিলনা?? তার কীভাবে জম্ম হল??উত্তরের আশায় রইলাম??  #arnab",Neutral,Unbiased,257,40
তাফহীম উদ্দীন এটা কি ভাই?,Neutral,Unbiased,25,5
তাফহীম উদ্দীন হ,Neutral,Unbiased,15,3
সাংবাদিক টাই ভালো চিলো। এখন কার টাতো বুড়া পুরোই,Neutral,Unbiased,47,9
ধানতো কাটছে দিন শেষে  কৃষকের গোলা পরযন্ত গেলে হয়,Neutral,Unbiased,48,9
ডায়ালগ টা দেখেই সন্দেহ হইছে। বাংলা সিনেমার নাইকা কিভাবে এত ভাল কথা ইংরেজিতে লিখতে পারে সেটাও আবার কোন ভুল ছাড়া।অন্যের ডায়ালগ দিলে সেটার যে ক্রেডিট দিতে হয় জানেনা। ভাগ্যিস ফটোক্রেডিট টা দিছে...:D :D :D,Neutral,Unbiased,200,34
"হুজুর, আপনি #বিদ্যানন্দ এর সাথে কাজ করেন, ওদের অনেক সেচ্ছাসেবক আছে ...",Neutral,Unbiased,70,12
"আল্লাহ্ কাছে ফেইজবুক ফিরিয়ে দেওয়া জন্য বিচার দিলো আর সেই আল্লাহর বিচার দিবস সে বিশ্বাস করে না,এটা কেমন কথা হলো চাপা বধির।",Neutral,Unbiased,121,22
ধন্যবাদ l,Positive,Unbiased,9,2
আমার #ছবিওয়ালা.mE এই গ্রুপে আসার জন্য সবাইকে আমন্ত্রণ জানাচ্ছি। এই গ্রুপটি শুধুমাত্র ফটোগ্রাফি ও আঁকিবুঁকি বন্ধুদের জন্য উন্মুক্ত। যখনি ইচ্ছা ছবি এবং আঁকিবুঁকি পোস্ট করতে পারবেন। যদি ভালোলাগা থাকে তবে অবশ্যই সবাই জয়েন্ট করবেন। আর সম্ভব হলে আপনার ফেসবুক বন্ধুদেরও ইনভাইট করবেন।#ধন্যবাদ ,Positive,Unbiased,285,42
তুমি আছো বলে বৈশাখ টা এতো সুন্দর লাগে,Positive,Unbiased,37,8
আল্লাহ আপনাকে সঠিক  পথে আসার তৌফিক দান ক্রুক,Positive,Unbiased,44,8
"মানুষ বাঁচলে, দেশ বাঁচবে",Positive,Unbiased,24,4
ধন্যবাদ! সজীব ওয়াজেদ জয় ভাই। আমরাই ডিজিটাল বাংলাদেশ।,Positive,Unbiased,52,8
"তুই আসলেই মাগি, তুই কি ভাবে বিশ্বাস করবি",Negative,Creepy,40,8
দুর খানকি মাগি,Negative,Creepy,14,3
অাপু বুফস্ গুলো জুস।,Negative,Creepy,20,4
"খানকি মাগি,, বিচার তো পরকালে হইবে। তুই বিচার কেমনে চাবি? তুই তো পরকাল বিশ্বাস করিসনা।",Negative,Creepy,85,15
"কেউ যদি পরকালে বিশ্বাস না করে,তাতে কিছু করার নেই;কারণ জাহান্নামেরও তো কিছু রিযিক (ইন্ধন) থাকা দরকার ৷দুই টাকার কিছু বেশ্যার মুখে  এর চেয়ে ভালোকিছু আশা করা বোকামি ছাড়াই আর কিছুই না??   জাহান্নামি সাফা কবীর,",Negative,Creepy,205,34
"কেউ যদি পরকালে বিশ্বাস না করে,তাতে কিছু করার নেই;কারণ জাহান্নামেরও তো কিছু রিযিক (ইন্ধন) থাকা দরকার ৷দুই টাকার কিছু বেশ্যার মুখে এর চেয়ে ভালোকিছু আশা করা বোকামি ছাড়াই আর কিছুই না?? জাহান্নামি সাফা কবীর,",Negative,Creepy,202,34
যারা নিজের ব্যক্তিগত সমস্যাকেযা নিজ সজাতীয় ধর্মের মানুষ দ্বারাই সংঘটিত হয়েছে?সে ঘটনাকে মিথ্যা নাটক সাজিয়ে মুসলামানদের নামেমিথ্যা অপপ্রচার চালাই??এমন প্রিয়া সাহার মতো অনেকদাঙ্গাবাজ এই দেশে লুকিয়ে আছেএই দেশকে কলঙ্কিত করার জন্য?.,Negative,Creepy,226,31
মাগি পুলা,Negative,Creepy,9,2
"সিনেমা, নাটক, থিয়েটার গান বাজনা যারা করে সব কটি চরিত্রহীন ও লুচচা/লুচি হয়ে থাকে। সুতরাংএই লুচির দ্বারা এরক কথা আস্তেই পারে।",Negative,Creepy,123,21
"তোমার পুটকিতে যে এত তেল , পাইলে সব বাহির করতাম মাগি",Negative,Creepy,51,11
দূর খানকি,Negative,Creepy,9,2
খানকি তরে আমি রঢছথতডঢতমভভঢঢঢভববমারি,Negative,Creepy,35,4
বোকা চোদা কয় কী,Negative,Creepy,15,4
চুদমারানি চুদির ভাই!চুইদ্দা কস চুদি নাই?,Negative,Creepy,40,6
"তুই!! যা দেখিস না,,,তা তো বিশ্বাস করিস না,,,বেশ ভালো তো,,,তাহলে তো তুই জারজ সন্তান, হারামজাদী,,,,কারণ তোর কোন বাবা তোকে জন্ম দিছে সেটাও তো তুই দেখিস নি,,,তাহলে তোর বাবাকে বিশ্বাস করিস কেন,,,,????? Copy",Negative,Creepy,201,32
মাগির অবস্থা,Negative,Creepy,12,2
ওর বাপ যে ওর মার সাথে সেক্স করে ওকে জন্ম দিয়েছে কিন্তু ও তো ওর বাপকে ওর মার সাথে সেক্স করতে দেখেনি তাহলে ওইটা যে ওর বাপ সে কিভাবে বিশ্বাস করে??????????,Negative,Creepy,151,31
"অার কেউ কি দেশে নাই ,",Neutral,Unbiased,21,6
যারা এডিটিং এর মাধ্যমে মানুষের সম্মান নষ্ট করার মতো হীন কাজ করতে পারে তাদের কারনেই আজ দুনিয়াতে করোনা নামক গজব নেমে এসেছে। আল্লাহ এদের হেদায়েত দিক।,Neutral,Unbiased,146,26
তাকে নতুন করে কালিমা পড়িয়ে মুসলিম করা হোক,Neutral,Unbiased,41,8
অপরাধীদের আইনের আওতায় এনে কঠিন শাস্তির ব্যবস্থা করা হোক!,Neutral,Unbiased,56,9
ফিরে এস হে অধম!,Positive,Unbiased,15,4
ইন্নালিল্লাহি ওয়া ইন্না ইলাইহি রাজিউন। আল্লাহ উনাকে বেহেস্ত নসিব করুক। আমিন।।,Positive,Unbiased,78,11
আমাদের তো কিছু নিয়ে বিজি থাকাতে হবে। আবার নতুন কিছু ঘটলে আপনার কথাগুলা ভুলে ওটা নিয়ে বিজি হয়ে যাব।টাইম তো কাটাতে হবে।আর আপনার ও ওই কথাগুলো বলা উচিত হয় নাই।আমরা আল্লাহর বান্দা। সবাইকে মানতে হবে।আল্লাহ আপনাকে হেদায়েত দান কুরুক &আমাদের কেও।।আমিন,Positive,Unbiased,242,41
"তাৎক্ষণিক প্রশ্নোত্তরে মানুষের আরও অনেক সতর্ক হওয়া প্রয়োজন। সব উত্তর হাসতে হাসতে দেওয়া যায় না। ধন্যবাদ বোন, নিজের ভুলটি ধরতে পারাতে।  পরম করুণাময় মহান দয়ালু আল্লাহতা’য়ালা তোমার সার্বিকভাবে ভালো করুক এবং সার্বিকভাবে সুস্থতা দান করুক।",Positive,Unbiased,234,35
ভাল্লাগে ভাল্লাগে ভাল্লাগে তিশা আপুকে ,Positive,Unbiased,38,5
"কমেন্ট পড়তে আসছিলাম, এখন আমি ৭দিন পাগল থাকব",Positive,Unbiased,43,8
"জয় বাংলা,জয় বঙ্গবন্ধু,জয়তু দেশরত্ন শেখ হাসিনা।",Positive,Unbiased,46,6
প্রশংসনীয় উদ্যোগ,Positive,Unbiased,17,2
গান গুলো দারুন হইছে,Positive,Unbiased,19,4
"হিরোর প্রথম গুণ হলো সুন্দর একটা মন ও মনুষ্যত্ববোধ থাকা, যেটা হিরো আলমের মধ্যে রয়েছে।অন্যদিকে জায়েদ খান ওরফে বা.... খানের কি গুন আছে হিরো হওয়ার মতো??হিরো আলমের জবাবটা অত্যন্ত সুন্দর হয়েছে। ধন্যবাদ #হিরো_আলম ♥",Positive,Unbiased,207,34
"সাকিব কেনো আসছেনা এই প্রশ্নটা প্লিজ বন্ধ করুন! এখানে যারা আসবে তারাও কম কিছুনা। সাকিবকে আসার জন্য তামিমের পক্ষ থেকে আমন্ত্রণ জানানো হয়েছিলো, সে নাকচ করেছে। সুতরাং সে না আসলে যে এটা উপভোগ্য হবেনা তাওনা, তবে আসলে আরো ভালো হতো।",Neutral,Unbiased,224,40
"অাপনি ধর্ম না মানেন, সেটি অাপনার ব্যক্তিগত বিষয়, কিন্তু অন্যের ধর্ম বিশ্বাসে অাপনি অাঘাত কেন করবেন?  অাপনার পরিবার থেকেই যদি এই শিক্ষা পেয়ে থাকেন, তবে সেই শিক্ষা ত্যাগ করুন। অাল্লাহই সবচেয়ে বড় হেদায়েতের মালিক, অাপনি হেদায়েতপ্রাপ্ত হোন।",Neutral,Creepy,235,37
পোষ্টটা পড়তে পড়তে চা ও বিড়ি খাচ্ছিলাম কিন্তু পোষ্ট দ্বারা প্রভাবিত হয়ে আনমনা হয়ে বিড়িই ছাই এস্ট্রেতে না ফেলে চায়ের কাপে ফেলে দিছি।,Neutral,Creepy,130,23
"ঠুস,ঠুস,ঠুস",Neutral,Creepy,11,1
খোলা জানালা কি বাংলা রডওয়ালা নাকি ইন্ডিয়ান থাই  ,Neutral,Unbiased,48,8
তোরে কুত্তা দিয়া চুদামু,Negative,Creepy,23,4
তোরে কুত্তা দিয়া চোদানো ওচিত মাগি,Negative,Creepy,33,6
সব মাগির পোলারা,Negative,Creepy,15,3
মাগি কইলো ডা কি,Negative,Creepy,15,4
ধন্যবাদ প্রিয়া সাহা.....সাহসী ভুমিকার জন্যে......,Strongly Positive,Unbiased,49,5
আলহামদুলিল্লাহ। ধন্যবাদ মাশরাফি ভাই।,Strongly Positive,Unbiased,36,4
আপু আপনার এই ছবিটা সত্যিই অনেক অনেক সুন্দর হইছে। আপনি সত্যিই অনেক অনেক সুন্দরী। আপনার ক্যামেরা ফেস খুবই চমৎকার। আমি বাংলাদেশে আপনার মতো এত নাইস ক্যামেরা ফেসের কোন মেয়ে এখনও পর্যন্ত দেখিনি। আপনার জন্য অনেক অনেক শুভকামনা ও দোয়া রইল আপু।,Strongly Positive,Unbiased,234,41
জুতা পিটা খাওয়ার জন্য প্রস্তুত হয়ে যা,Strongly Negative,Creepy,37,7
"আল্লাহকে ভয় না করে,ফেমাসিটি হারিয়ে জাওয়ার ভয়ে এখন সাফা ভালো সাজতেছে।আর আইডি ডিজেবল হওয়ার দায়ভারকার উপর দিয়েআল্লাহর কাছে বিচার দিচ্ছেন জত্তসব ফাউল মেয়ে কোথাকার",Negative,Bullying,158,24
"বালের গান,,,",Strongly Negative,Bullying,12,2
বালের ছবি,Strongly Negative,Bullying,9,2
আচ্ছা সাফা কবির আপনার বাবা যে আপনার আম্মার সাথে খেলাইয়া আপনার রে দুনিয়াতে আনছে এটা কি আপনি দেখছেন তাহলে এটা তো আপনি দেখেন নাই তাহলে আপনি কিভাবে বিশ্বাস করেন আপনার মা আপনার বাবার সাথে খেলানুর পরেই আপনি দোনিয়ায় আসলেন,Negative,Bullying,215,39
ফাক সব ফাক,Strongly Negative,Bullying,10,3
আপনার যেই মুখ মানে চেহারা আরকি খালি সম্বন্ধ আসে তাই না?,Negative,Bullying,55,11
গাধার বাচ্চা কয় কি!! বলদের লজিক শুনে মনে হয় সে মেডিকেল কলেজ থেকে দর্শনে অনার্স করেছে,Strongly Negative,Bullying,84,16
এমন ভাবেই চইলো বেশী বাড়াবাড়ী কইরনা সোনা ৷,Strongly Negative,Creepy,41,8
এই নাস্তিক বেয়াদব মেয়েটাকে বাংলাদেশ থেকে বিতাড়িত করা হোক,Strongly Negative,Creepy,56,9
তদের কে আগুনে পুড়ে মারার দরকার ছিল,Strongly Negative,Creepy,34,7
তোমার কবিতা পড়ে আমি হাসতে হাসতে বিছানায় হাগু করে দিছি  বিঃদ্রঃ সাফা কে  শুধু  শুধু গালি দিবেন না ।।।। সাথে  জুতার বারিও দিয়েন,Strongly Negative,Creepy,125,23
সকলে  ওরে জুতা মার,Strongly Negative,Creepy,18,4
তোমার আব্বু যে তোমাকে জন্ম দিলো। তাও তো তুমিদেখ নি। তাহলে কেন তুমি আব্বু ডাকো বা বিশ্বাস কর কি ভাবে। অনি যে তোমার আব্বু। পকিন্নি মাইয়া একটা। নষ্ট মাইয়া,Negative,Bullying,151,29
বাবু তুমি খেলাধুলা করতে করতে সোনা হয়ে গেছো....বেয়াদব,Negative,Bullying,52,8
হডে আছিলা,Negative,Bullying,9,2
বদমাশের ঘড়েতো বদমাশ হবে,Strongly Negative,Bullying,24,4
তর মত খারাপ মানুষ যদি কাছে পেতেম। জুতার সাথে পিছিয়ে মারতাম,Strongly Negative,Creepy,58,11
এই নাস্তিক কে জুতা পিটা করা হোক,Strongly Negative,Creepy,31,7
তুই জানিস নাটক দেখি মিথিলার দেখি মিথিলার জুতার জে দাম তা তর নেই রে জার মা কুকুর রের কাছ থেকে জনমো দেছে তর,Strongly Negative,Creepy,105,23
তর পাছায় আগুন লাগামু,Strongly Negative,Creepy,20,4
"অপরাধী কে দেখলে শরীরে আগুন দরে যায়,,সবাই এই পুষ্টে রিপোর্ট দিওয়ে দেও,,,,,",Strongly Negative,Creepy,73,12
পাছা খা বীর,Negative,Creepy,11,3
কিরে চুদানির পোলা সাহস থাকলে এইগুলা বাংলায় বল (3),Negative,Creepy,49,9
জায়েদ খান  সালার পুতে  কি ঐ মাগির পোলায় বেশি কথা বলে সব সময়,Negative,Creepy,59,13
জরিনা তোমাকে নিয়ে কিছু বলার নাইশুধু বলবো তুমি একটা অভদ্র খানকি,Negative,Creepy,62,11
তর মারে কি তর বাপের হাতে চোদা খাইতে দেহছিলি ?যদি না হয় তোর জবাব তইলে কমু তর তর জন্ম যারজ জন্ম,Negative,Creepy,93,21
জায়েদ খানের সাওয়া ভিতর আনাম বাঁশ ঢুকা খান্কি মাগির পোলা আমি মনে করি হিরো আলম কে 64 জেলা সবাই চিনে আমার তরফ থেকে  তাকে সেলুট  বাস্টার্ড জায়েদ খান,Negative,Creepy,147,28
খানকি একটা,Negative,Creepy,10,2
চুদি তরে,Negative,Creepy,8,2
নটির বাচ্চা,Negative,Creepy,11,2
খানকি মাগি একটা,Negative,Creepy,15,3
ছামা কবির চুদি,Negative,Creepy,14,3
ওহ ফাক!,Negative,Creepy,7,2
মনতো চায় পুরা নেংটা করে ছবি দেন,Negative,Creepy,31,7
এই মাগি তুই আজ থেকে একেবারেই শেষ,Negative,Creepy,32,7
নির্বাচন ছিল অনেকটা পর্ণ দেখার মতো।আমি আপনি সবাই দেখছি কিন্তু লোকসমাজে মুখ খোলা যাবে না।,Negative,Bullying,88,15
ও ভাইরাল হতে চাই সেফুদা কাছে যাও দুটা কানের নিছে টাস টাস দিলেসব টিক হয়ে যাবে,Negative,Bullying,76,16
কয়মাস চলে?,Negative,Bullying,10,2
"ওখানে বসতে বারণ করেছিলাম, উফ... তোমাকে নিয়ে আর পারা গেল না। আবার ছবিও তুলছ... ধ্যাত",Negative,Bullying,83,15
নাস্তিকদের ফাঁসি চাই https://youtu.be/i_n-46Yv4DU,Strongly Negative,Creepy,49,4
এই নাস্তিক কে জনসম্মুক্ষে শিরশ্ছেদ  করার দাবি জানাচ্ছি।এবং ব্লাশফেমি আইন করার দাবি জানাচ্ছি।,Negative,Unbiased,92,13
"নাস্তিক কারা..? যাদের বাবার মিলনের সময় কনডম ব্যবহার করে,কিন্তু কনডম যে ফাটা তাহা বুঝিতে না পারিয়া,ফাটা কনডমের বীষ্য হতে যে পোলাইপানের জম্ম তাহারা সাধারনত নাস্তিক হয়। আসিফ মহিউদ্দিনরা ফাটা কনডম হতে জম্ম নেয়.!তাই সে বড় মাপের নাস্তিক..",Negative,Unbiased,232,37
কুকুর জারজ নাস্তিক,Negative,Unbiased,18,3
"তুই কিসের মুসলমান তুই খ্রিস্টান চরিত্র নিয়ে অভিনয় করছ,,,তোকে নাস্তিক ছাড়া কিছু বলা যায় না।",Negative,Unbiased,90,15
কিভাবে সম্ভব?,Neutral,Unbiased,13,2
নাউজুবিল্লাহ বলে প্রবেশ (শুধুমাত্র লিঙ্কে) করেন। ফজিলত আছে।,Neutral,Unbiased,59,8
"ভাই, লৌহমানব হয়ে যাবেন নাকি",Neutral,Unbiased,27,5
বলুনতো এর আগে কে কোথায় বাসায় হিল জুতা পরতে দেখছেন ,Neutral,Unbiased,50,10
সৃষ্টিকর্তার দরকার না হলেসৃষ্টিকর্তার দেয়া অক্সিজেন নেয় কেন?নিজে অক্সিজেন বানিয়া তারপর নিক।,Neutral,Unbiased,91,12
"সৃষ্টির ধারনা স্রষ্টার কাছ থেকেই এসেছে যা শুধু তার সৃষ্টির জন্য প্রযোজ্য,সৃষ্টার জন্য নয়।",Neutral,Unbiased,89,14
এই ছবি যারাই শেয়ার করবেন প্লিজ আমার কৃতিত্বের মূল্যায়ন স্বরূপ আমাকে ট্যাগ করবেন। ধন্যবাদ ,Neutral,Unbiased,89,14
আপনারা কেউ বউদিকে বাজে কমেন্ট করবেন না। হয়তোবা উনি রোজাদার। রোজার পর বলিয়েন।,Neutral,Unbiased,76,13
উন্নয়নের অগ্রযাত্রায় অংশ নিতে নৌকায় ভোট দিন,Neutral,Unbiased,43,7
ওর একটা পাঠা দরকার। পাঠার চো...ন জরুরি হয়ে গেছে।,Neutral,Creepy,48,9
আল্লাহ মাফ করার মালিক,Neutral,Unbiased,21,4
একলা কেনো আপু? কাকা কই??,Neutral,Creepy,24,5
"নিরাপদ সড়ক চেয়ে ছেলে মেয়েরা পুলিশকে উদ্দেশ্য করে অশ্লীল একটি স্লোগান দিতো ""পুলিশ কোন চে.....র.......ল""। যেটা অত্যন্ত অশ্লীল এবং ছাত্র/ছাত্রীদের মুখে শোভা পায়না। কিন্তু আজকে আমার ঐ অশ্লীল স্লোগানটি দিতে ইচ্ছে করছে প্রিয়া সাহা ওরফে মাসুদা ভট্টি গংদের উদ্দেশ্য।",Neutral,Creepy,258,39
জানালা যে খোলা তা আমরা জানি,Neutral,Creepy,27,6
আপনার ফেইসবুক কে হ্যাক করছে তা আমি দেখিনাই। আর কনো কিছু না দেখে কিভাবে বিশ্বাস করি বলেন।,Neutral,Creepy,88,17
সকাল সকাল মুখে makeup করে Yoga ,Neutral,Unbiased,31,6
হাসিতেছ ফাঁসি,Neutral,Unbiased,13,2
"হ আপা জানালা খোলাই,যে কেউ ডুকতে পারবে ",Neutral,Unbiased,38,7
সুধু সাধু,Neutral,Unbiased,9,2
সাকিবকে যেকুন মতে দরকার ছিল।,Neutral,Unbiased,28,5
আল্লাহ এতিম আর প্রতিবন্ধীদের সাথে উত্তম আচরণ করতে বলেছে- কেউ বাজে মন্তব্য করবেন না। কিন্ত আফসোস google.com সেটা বুঝল না।,Neutral,Unbiased,120,20
জায়েদখানকেজুতা মা'র সবাই,Strongly Negative,Creepy,24,3
তোর মতো খানকি চুতপারানি বেশশ্যদের কপালে জুতা মারি ছি ছি ছি :,Strongly Negative,Creepy,60,12
এটা এডিট করা । পুরোপুরি বানোয়াট। এটা কোন মানুষের কাজ নয় এটা জানোয়ারের কাজ,Strongly Negative,Bullying,73,14
যত সব টোকাই... .. ওদের কারণে বাংলাদের ভাবমূর্তি নষ্ট হয়.....,Negative,Bullying,60,10
কই লিয়াকত আলি আর কি জুতার কালি কার সাথে কার তুলনা ,Negative,Bullying,50,11
তুমি মনে হয় আখ খেতে  আর পাট খেতে বেশি গেছ,Negative,Bullying,41,10
তুমার প্যান এতো ছেরা কেনু বোকা....,Negative,Bullying,34,6
মিথ্যাবাদী শয়তান,Strongly Negative,Bullying,16,2
ওর কোনো বাপ নাই ?  এমনি পয়দা হইছে। (,Strongly Negative,Bullying,36,9
তুমি মুসলিম হয়ে এ কথা কেমনে বলতে পারলে  তোর নাটক তে আগে দেখতাম কিন্তু তোকে এখন পাইলে তো জুতা দিয়ে পিঠতাম। কবরে গেলে বুজবি এমন শাস্তি চলবে তোর উপর,Strongly Negative,Creepy,145,29
কোপা সামসু,Strongly Negative,Creepy,10,2
তোর বাপের জন্ম ঠিক নেই তোর জন্ম ঠিক নেই তোরে তিন বেলা খাবার আগে পরে জুতা দিয়া পিটাইতে হইবো তাহলে তোর হিতাহিত জ্ঞান ফিরে আসবে,Strongly Negative,Creepy,125,25
জায়েদ কে এটা কি রহিংগা হিরো আলমের জুতা কালার করার জন্য জায়েদ খানকে রাখা হোক আর মিসার জন্য একটা কানের মেসিন কিনে দে হিরো আলম,Strongly Negative,Creepy,123,25
সালারে জুতা মার,Strongly Negative,Creepy,15,3
"কেয়ামতের আলামত শুরু,,,তাই ছাগোলে লাঙল টানে থু",Strongly Negative,Creepy,45,7
এই সালার আলম কে জুতা পিটা করতাম সালা তুই নিজেরে কি মনে করছ সালা হারাম জাদা,Strongly Negative,Creepy,74,16
আপনি নাকি কর্মচারীদের বেতন দেন নাহ কাহীনি সত্য নাকি গুজব? কিলিয়ার করেন,Strongly Negative,Creepy,70,12
মাক্স পড়ছোস বেশ ভালো কথা দূরত্ব বজায় রাখ ,Strongly Negative,Creepy,43,8
চোরের নায়ে হাউদের নিশান,Negative,Bullying,23,4
হালার পুত লুইচ্ছা,Strongly Negative,Bullying,17,3
সালা তরে কয় জনে চিনে,Negative,Bullying,20,5
ওরে বাবা।আগে তোরা ভাল হ।তোদের কারনেই সাধারণ মানুষ বিপদে পড়ে,Negative,Bullying,59,10
জায়েদ অারে জুতা মার,Strongly Negative,Creepy,19,4
হিরো আলম যদি নায়ক হত তাহলে বাংলাদেশ সিঙ্গাপুর হত এত দেশ নষ্ট করতে লাগছে চেহেরার নাই কোনো মিল আর হচ্ছে নায়ক৷ পরিছালকে জুতা মারি খানকির পুত তদের কারনে দেশ নষ্ট,Strongly Negative,Creepy,157,30
"এরাই হলো ধর্ষণ এর কারণ,",Strongly Negative,Creepy,23,5
তোরা হির আলমের জুতার জগ্গনা  হির আলম বাংলা হির,Strongly Negative,Creepy,46,9
"জাহেদ খান এই কুত্তার বাচ্ছা টাকে পাইলে আমি কানের নিছে ২টা দিতাম ,আমি বলতে ছাই এই জাহেদ খান হিরো আলমের জুতা পরিশকার করার জজ্ঞ নাই ওর ,হিরো আলম টাকা পয়সায় বড় নয় কিন্ত তার আকাশের মতো বিষাল একটা মন আছে , সামনে কথা বলতে হিসেভ করে বলতে হবে।",Strongly Negative,Creepy,234,48
আগামীকাল সকাল ১০ টা এসে গান শুনার আগেই হাহা রিএক্ট দিমু,Strongly Negative,Creepy,55,11
জাহিদ কে জুতার বাড়ি দাও,Strongly Negative,Creepy,24,5
এদের ফাঁসি দেওয়া উচিত ।এরাই দেশে ধর্মীয় দাঙ্গা লাগিয়ে দেয় ।,Strongly Negative,Creepy,59,11
এই মেয়ে গুলির রুচি দেখলে মনেকয় মেয়ে গুলিকে জুতা দিয়ে পিটাই,Strongly Negative,Creepy,58,11
ও খোদা এডা দেখি উলংগ অবস্থায়,Negative,Bullying,29,6
ও একটা জারজ সন্তান  তা না হলে এমন কথা বলতে পারে  নাস্তিক,Negative,Bullying,56,12
"বেয়াদব জায়েদ খান,",Strongly Negative,Bullying,17,3
"কেও রাগারাগি করবেন না,,,  উনার বিপরীতে সবাই কে সুযোগ দেওয়া হবে একজন  একজন করে। ",Negative,Bullying,79,14
এই দুই হালা পাগল,Negative,Bullying,16,4
ভাল বলেছেন ভাই৷  এখানে মূর্খের সংখ্যা বেশি। মূর্খদের জ্ঞান দিয়া আপনি শুধু আক্রমণের শিকার হলেন,Negative,Bullying,93,15
আমি আত্না দেখি না তাই আমার আত্না নাই আমি মৃত্যু দেখিনা তাই আমার মৃত্যু নাই..। #ইস্টিশনবালেরআলাপেরজনক,Negative,Bullying,100,16
একাকীত্ব- একাকীত্ব হে মহান আবাল শুনুন করোনা নিয়ে সারা দুনিয়া আতংকিত আর এই কালা পাঠা পতিতা নিয়া ব্যস্ত তা আবার সোশ্যাল মিডিয়ায়,Negative,Bullying,125,22
আল্লাহ নিয়ম ভালো মানুষ গুলো আল্লাহ দুনিয়া থেকে দুরুত  তুলে নিয়ে যায় আর পাপি কে তার পাপ আরো গাড়ো করার জন্য রেখে দেন ,Positive,Unbiased,116,23
ধন্যবাদ জনাব হিরো আলম আপনার এই সাহসি বক্তব্য দেওয়ার জন্য। এইসব অশিক্ষিত ও অপদার্থ গুলার জন্য আজকে চলচিত্রের এই অবস্থা।,Positive,Unbiased,118,20
সাব্বাশ সাফা কবির!! ❤️,Positive,Unbiased,22,4
শুভেচ্ছা তরুনদের অংকার সজীব ভাই,Positive,Unbiased,31,5
ইউরোপ  থেকে মহান বিজয় দিবসের শুভেচ্ছা ,Positive,Unbiased,38,6
আল্লাহ তাকে হেদায়েত দিন,Positive,Unbiased,23,4
তারেক যার মহামান্য নেতা।,Positive,Unbiased,24,4
আমার পছন্দের একজন নায়কলাব ইউ ভাই,Positive,Unbiased,32,6
"নিশ্চই আল্লাহ ক্ষমাশীল ,,, মন থেকে ক্ষমা চাইলে নিশ্চই আল্লাহ ক্ষমা করেন.আমিন",Positive,Unbiased,76,12
বাহ তিনও বাচ্চা আজ কত্ত বড় হয়ে গেল <3,Positive,Unbiased,37,9
আল্লাহ হেদায়েত নসীব করুন।,Positive,Unbiased,25,4
ভালোবাসা,Positive,Unbiased,8,1
সুন্দর ছবী.,Positive,Unbiased,11,2
"বড়দের দোয়া খুবই জরুরি,কারণ কেউ কেউ বলে থাকেন ,বাপ ছাড়া দোয়ায় পোয়া হয়।",Positive,Unbiased,71,13
"আসসালামু আলাইকুম, দানের ফজিলত কোরআন হাদিসের আলোকে live যে এসে অথবা একটি ভিডিও আকারে বর্ননা করলে মানুষ আর বেশি উৎসাহিত হবে. Please যদি সময় থাকে live যে আসবেন. ",Positive,Unbiased,158,28
তারেক রহমান সাহেবের প্রশ্নের জবাব কোনদিন আওয়মীলীগ দিতে পারে নাই। তারেক রহমান জিন্দাবাদ,Positive,Unbiased,86,13
সেই বলেছেন,Positive,Unbiased,10,2
"ফিল্মে অনেকেই হিরো, বাস্তবে আলম রিয়েল হিরো, ভালো মানুষ,",Positive,Unbiased,55,9
জরুরি সেবা খোলা থাকবে।,Positive,Unbiased,22,4
তাহলে তো খ্রিস্টান দের মত ঈশ্বরকে পিতা বলা জায়েজ?,Neutral,Unbiased,49,9
সে তো বিশ্বাস কি সেটাই জানে না ।,Neutral,Unbiased,32,8
ভিডিওতে বলার সময়ত কথা মুখে লাগে নাই । এখন জনপ্রিয়তা হারিয়েছে বলে status দিচ্ছে । এই সব status নাস্তিকরা বিশ্বাসী আর এত যখন নিজকে আল্লাহ ভীরু দেখাছো।আল্লাহ কাছে মাপ চেয়ে  মিডিয়া থেকে বিদায় নেওয়া ভালো।,Neutral,Unbiased,200,35
ইহুদিদের থার্ড টেম্পল সম্পর্কে বিস্তারিত জানতে চাচ্ছি।,Neutral,Unbiased,54,7
জাহেদ রে জুতা মারুন?,Strongly Negative,Creepy,20,4
জুতা মার জাহিদে মুখে,Strongly Negative,Creepy,20,4
এই ভিডিও যে হালাই বানাইসে ওরে জুতা মাইরা ইনডিয়া পাটাইয়া দিমু। হালা মালুর বাচচা,Strongly Negative,Creepy,78,14
আলম ভাই সঠিক কথা বলছে জায়েদ খানকে জুতা মারেন,Strongly Negative,Creepy,45,9
জুতা মার পাগলের কপালে,Strongly Negative,Creepy,21,4
ধার করা কাপড়ে নাকি শীত কাটে না---আরবী প্রবাদ।কাওয়া পোরা দুনিয়া ঘুরলে ও কালাই থাকে।এই মাদারবোর্ড ও কোন সময় মানুষ হইত না,Negative,Bullying,118,21
এরে Dekha jar hokkolta...... guraw te!!!,Negative,Bullying,40,6
মেয়েটি পাগল হয়ে গেল,Negative,Bullying,19,4
ওরে সেফুদার কাছে পাঠিয়ে দেও,Negative,Bullying,27,5
পরিচালকে জুতা পিটা করা দরকার সালা বলদ,Strongly Negative,Creepy,37,7
"মার্ক জুকারবার্গের কাছে অনুরোধ করছি প্লিজ একটা জুতার রিয়্যাক্ট চালু করেন,কারন Haha রিয়্যাক্ট দিয়ে মনে শান্তি পাচ্ছি নাহ্",Strongly Negative,Creepy,120,18
ভাল  খান  জুতাদিয়া   পিটালে  ঠিক  মাদার  সুদ  তোরে  হিরো         ৷ আলম  এর  পা  দোরে  মাপছা,Strongly Negative,Creepy,94,15
বাংলাদেশের নায়ক একটাও নাচতে পারে না নায়িকা নাচে শালা নায়করা কোন নাচ পারেনা শালাকে জুতা-পেটা করো,Strongly Negative,Creepy,98,16
সফল   হুদা   তোকে  জুতা  পিতা  হবে,Strongly Negative,Creepy,35,6
গরম ডিম দেওয়া দরকার,Negative,Bullying,19,4
গরম রে ভাই ,Negative,Bullying,11,3
দিনভর দেখলাম পরকালে বিশ্বাসীরা সাফাকে সোদতে চাই।তোদের বিশ্বাসের চ্যাং এতো খাড়া কেন?মেয়েটা নিজের ভুল স্বীকার করেছে এখন আপ্নারাও চ্যাং কনন্ট্রোল করেন।শালার নামাজ রোযার খবর নাই কে কি বাল বলবে সেইটা নিয়ে মাতামাতি।,Negative,Bullying,209,32
"ওমা কত গরীব, ল্যাংটা থাকে",Negative,Bullying,25,5
হিরুআলমের পায়ের জুতারসমান সমাজসেবাকরতেপারেনা মিসাসদাগর,Strongly Negative,Creepy,54,5
জাহেদ ফকিন্নিৱ পুলা তৱে জুতা দিয়ে পিঠামু ফকিন্নিৱ ছেলে  জাহেদ তৱ টাকা থাকলে লাভ হবে কী হিৱো আলমেৱ মত মন ণেই,Strongly Negative,Creepy,107,21
"উনি একজন ভাল মনের মানুস পারলে সবাই উনাকে সাহায্য করি সবাই তবে যারা এইকাজটা করেছে তাদেরকে বিচারে আয়তায় আনা হউক,",Strongly Negative,Creepy,110,20
"একদিন তাকে নিয়ে ঘুমের মধ্যে স্বপ্নদোষ হয়ে যাচ্ছিলো,পরে ঘুম ভেঙে গেলো,কোপাল ভালো এমন বাজে জিনিশ কে কিছু করি নাইl",Strongly Negative,Creepy,111,19
ধন্যবাদ হিরু আলম ভাই কথাগুলো বলার জন্য জায়েদ খান কে অরে কয়জনে চিনে চেটের বাল অরে মনেহয় চলোচিত্রের বেশিরভাগ নায়করাই চিনে না ওতো টিকে আছে কএক জনের পা চাইটা আর অরেত জনগণ জুতার সমান মুল্ল দেয় না,Strongly Negative,Creepy,190,37
"আমি জায়েদ নামে কাউয়াকে চিনি না,  আমি ১০০% হিরো আলম  ময়নাকে চিনি,  ,   জায়েদ আমাদের  থানার লোক  ,  আমি মনে করি হিরো আলমের জুতার সমান ও হয়নায়, মিশা, জায়েদ,",Strongly Negative,Creepy,153,29
এ বুদার পোত জায়েদ খান না কি জানি হুম ভিডিও তে তো মনে হয় তাই দেখলাম তুই কোন ভুদার নায়ক মাদার চুদ অভিনয়ের অ টা বুজছ?  তর অভিনয় দেখলে মনে হয় তরে চিরিয়া কানায় নিয়া আটকায় না কেন? তর অভিনয় দেখলে নিজের কপালে নিজে জুতা দিয়া মারতে মনে চায়,Strongly Negative,Creepy,229,49
জেই কুকুরের বাচ্চা এই ভিডিওটা বানিয়েছে তাকে জুতা দিয়ে পিটানের দরকার,Strongly Negative,Creepy,67,11
কি ব্যপার বাসার মধ্যে এত বেডা কেন?,Negative,Bullying,34,7
এর মতো একটা ন্যাকা মাইয়া আমি জীবনেও দেখিনাই।আর বাংলিশ শুনলে মনডা চায় জুতা খুইল্লা মারি।এইসব বারোভাতারিদের এখানে অতিথি হিসেবে আনা লাগে??এইসব সস্তা তারকাদের মতো প্রথম আলোও সস্তা হইয়া গেসে।,Negative,Bullying,186,29
মুখে ময়দা বেশি হয়ে গেছে #মাগী কবির,Negative,Bullying,34,7
ঘৃণা করি সাফাকে,Strongly Negative,Bullying,15,3
জায়েদ খান কে জুতা মারা উচিত,Strongly Negative,Creepy,28,6
প্রতিবাদ হোক এই জগন্য কাজের l আর পারলে সবাই এই বাউলকে সহযোগীতা করুন l,Strongly Negative,Creepy,69,14
এই কুত্তারে জবাই করে মারও,Strongly Negative,Creepy,25,5
যে কাজটা করছে ফাঁসি চাই,Strongly Negative,Creepy,23,5
এই শালাকে জুতা পিটা করা দরকার।,Strongly Negative,Creepy,30,6
আকাম করছে লাইভে এসে এখন বলে ফেজবুক হ্যাক করছে। এই মাগি চুদ্দা বোদা পাঠিয়ে দিমু,Negative,Creepy,78,15
মাগির,Negative,Creepy,5,1
পূর্ব বাংলার কয়েকটা মাগীর লিস্ট করলে পরিমনিও লিস্টে জাইগা দখল করবে।,Negative,Creepy,67,11
পূর্ব বাংলার কয়েকটা মাগীর লিস্ট করলে সেখানে পরিমনিও লিস্টে জায়গা নিবে।বিঃদ্রঃ এখানে 'মাগী' অর্থ সুন্দর বা উপযুক্ত বুঝাতে চেয়েছি।,Negative,Creepy,128,19
তুমি  যদি চুদাও কেনো?,Negative,Creepy,21,4
সোনা কাটা পরী!,Negative,Creepy,14,3
সাউয়্যা নিয়া পরিবেশ দূষণ করতেছো,Negative,Creepy,31,5
দুর মাগি,Negative,Creepy,8,2
"আচ্ছা, শাফা খবিশ কুত্তা নাকি কুত্তি ওরে তো কখনো উলঙ্গ দেখি নাই,আমরা না দেখে কিভাবে বিশ্বাস করবো ও কুত্তি",Negative,Creepy,104,19
আরফিন শুভ র সাথে নাই কেন ,Negative,Creepy,25,6
মাগীর কেনুর ডরে ধরছে,Negative,Creepy,20,4
কাম ওইবোনা কুদ্দুস বয়াতি মামলা করবোই নাকি,Negative,Creepy,41,7
"বাংলাদেশ এ তার একটা পতিতালয় ছিল সে ছিল সেখানের প্রধান, তার ধান্দা বন্ধ করায়,,তাই সে ক্ষুব্ধ হয়ে তার প্রথম f***c কারী ট্রাম্প এর কাছে বিচার দিছে",Negative,Creepy,143,26
তোর মত রাস্তার মাগিপরকালকে বিশ্বাস করলেও কি না করেলেও কি??,Negative,Creepy,58,10
জাহিদের গালে জুতা মারো তালে তালে,Strongly Negative,Creepy,32,6
এইটা জদি হয় নায়ক তাহলে আর কি বলবে সালারে জুতা মারা দরকার,Strongly Negative,Creepy,56,12
জাহিদ  র সালা র কে জুতা  মারো,Strongly Negative,Creepy,30,7
জুতা পিটা করো,Strongly Negative,Creepy,13,3
আমার সোনার আলম টোগায়ের পোলা ওর মুখে জুতা মারি,Strongly Negative,Creepy,45,9
সেপুদা আমরা তোমার জন্য বাঁশ আর গরম ডিম নিয়ে অপেক্ষা করতেছি তুমি কবে আসবে?,Strongly Negative,Creepy,73,14
হালায় নিজেই একটা তামাশা। ,Strongly Negative,Creepy,25,4
"পাডা কবির,  খানকি কবির!",Negative,Creepy,23,4
শালিকে খেয়ে দাও,Negative,Creepy,15,3
"আপনি যে একটা মেয়ে তা আমি বিশ্বাস করিনা,কারন আপনার যন্ত্র পাতি আমি দেখিনি।তাই কাপড় খুলে প্রমান করুন আপনি মেয়ে।",Negative,Creepy,109,19
"বিয়ে দিয়ে দিয়েছি পাছা কবির কে,,,",Negative,Creepy,32,6
ওর পাছায় রিমান্ডে নিয়ে গরম ডিম থেরাপি দেওয়া উচিত মাগি,Negative,Creepy,53,10
ওর হোগা দিয়া পদ্মা নদীর একটা পাইলিং ডুবাই দেন মাগি,Negative,Creepy,50,10
ভাই বিশ্বাস করেন আমার অফিসেও একটা মালু আছে স্লারপুতর খালি ধর্না দেয় চায়নিসদের কাছে,Negative,Creepy,82,14
"খানকি তুই তোর মা- বাবার বিয়ে দেখিশ নাই, তার মানে তুই জানিস না তুই কার ক্ষেতের ফসল,তার মানে তুই জারজ",Negative,Creepy,99,20
জনি ভাইর সাথে দেখা সাক্ষাৎ আছে নি।,Negative,Creepy,34,7
কাশফুলের গরম ছোয়া,Neutral,Creepy,17,3
"আমার কমেট কুজে পাচ্চিনা,ফেইসবুক মুমিনদের কমেটের মাঝে,সবাই সাফা কবিরাকে দিনের পথে নিয়ে আচুন,",Neutral,Creepy,91,13
আমি যদি কোন ভুল করে থাকি !!!! মানে আপনি এখনো শিওর না যে ভুল করেছেন কিনা !!!! আর ফেসবুকের বিচার চেয়ে শাহবাগে দারান কারন এটা জাতীয় অপরাধ !!!! হা হা হা,Neutral,Creepy,149,31
"আল্লাহর ক্ষমা হয়তো পেতে পারেন, তবে বঙ্গবাসি ফেসবুকজীবি মুমিনের ক্ষমা পেতে হলে এতো সহজে চিড়া ভিজবে না।",Neutral,Creepy,101,17
"সাফা কবিরের ফেসবুক পেজ গণহারে রিপোর্ট করেন। যদিও ভেরিফাইড পেইজ, তারপরও চেষ্টা করা যেতে পারে। ধর্ম সম্পর্কে সঠিক তথ্য না জেনে ভুল বিশ্বাসীরা দেশ ও জাতির শত্রু।",Neutral,Creepy,158,27
আবারও গোয়ারতুমি। আরে যদি ভুল করে থাকি মানে কি। এর মানে সে যে ভুল করেছে সেটা সে সোজা-সুজি স্বীকার করছে না। আর যে পরকালে বিশ্বাস করে না মুখে আল্লাহর পবিত্র নাম মানায় না। পরকালে বিশ্বাস করে না আবার আল্লাহ আল্লাহ করে মুখে ফেনা তুলে ফেলছে। কত অভিনয়ই না জানে।।।,Neutral,Creepy,255,49
সজীব মামা কি সেটেলাইট দিয়ে দেখে জরীপ করেছেন,Neutral,Unbiased,43,8
আরো একটু বেশি হলে ক্ষতি কি?????????? ,Neutral,Unbiased,37,6
সেও একজনরে বাবা ডাকে,Neutral,Unbiased,20,4
ধন্যবাদ বাংলাদেশ সরকার,Positive,Unbiased,22,3
"আপনি ও আপনার পরিবারের সকলকে পবিত্র ঈদের শুভেচ্ছা. সকলেই ঘরে থাকুন,নিরাপদ থাকুন.",Positive,Unbiased,79,12
কোমেন্টস পড়তে এসেছি৷,Neutral,Unbiased,20,3
আকতার উজ জামান মুন্না bhai dalal ni ?,Neutral,Unbiased,37,8
কুইন,Neutral,Unbiased,4,1
সেটা আপনার মরজিমাফিক।।,Neutral,Unbiased,22,3
বাড়িওয়ালার মেয়ে আনিকা আপনি যদি এই পোস্ট দেখে থাকেন..তাহলে দয়াকরে মোটর টা একটু ছাড়েন..১ ঘন্টা বাথরুমে পানি নাই...? অনেকক্ষন বসে আছি।,Neutral,Unbiased,131,21
একবিংশ শতাব্দীর বাড়া জাগানো ছবি ইহা,Neutral,Creepy,35,6
তোরে চুদার টাইমও নাই,Negative,Creepy,20,4
টিনের চালে কাউয়া পাছা কবির আমার শাউয়া,Negative,Creepy,37,7
চুদির ভাই ফেসবুক হ্যাক করছে তো ভালোই হইছে।তোরে যে চু** দেয় নাই সেটাই ভালো হইছে।তুই আর কি বিচার দিবি।সালমান মোক্তদির খাতায় তুইও নাম লেখালি।এখন সালমানের বাসায় গিয়ে এক ডোজ নিয়ে আসিস বুঝলি,Negative,Creepy,184,32
"তোর ফেইজটা জনগন এখনো চুদে না কে,,,তুই তো বেশ্যা",Negative,Creepy,47,9
আচ্ছা নুসরাত ফারিয়ার লিংক কবে বের হবে গায়েস,Negative,Creepy,43,8
আস্ত একটা খানকি নাহলে এমন কথা বলে,Negative,Creepy,33,7
মাগি এমন কথা বলে কেন?,Negative,Creepy,21,5
বাহ চুদির ভাই বাহ্,Negative,Creepy,18,4
সোনা কাঁটা পরী জুরে বলেন ঠিক কি না?,Negative,Creepy,35,8
বিশ্বাস করুন আমি ভদ্র ছেলে ☺খানকির বাচ্চা তুই তোর বাপের পুটকি দিয়া আইছোত দুনিয়ায়,Negative,Creepy,80,14
"হোগা মারা খা,খানকি মাগি বেইশ্যা,জারজ সন্তানম'র,,,,,তারপর পরকাল কারে কয় বুইজ্জ্যা লইস",Negative,Creepy,84,11
ওকে জনি ভাইয়ের কাছে পাঠিয়ে দাও,Negative,Creepy,30,6
চুতমারানি ুদির ভাই চুইদ্দা কয় চুদি নাই,Negative,Creepy,38,7
শাড়ি খুলে লাইট অফ করে দে।নীরবের ঢুকাবে নি... খানকি,Negative,Creepy,50,9
জনি সিন্সের লগে একটা হইলে ভালো হইতো।ন্যাংটা ন্যাংটা,Negative,Creepy,51,8
"আমার তো বিশ্বাসই হচ্ছে না যে তুই একটা মেয়ে,তোর বুকে দুইটা পাহাড় আছে ও নাভির নিচে দুই রানের চিপায় একটা মহা সাগর আছে,যেই সাগরে পরে নাকি অনেক লোক তলিয়ে গেছে।এক কাজ কর,তোর সব কাপর খুলে একটা ছবি তুলে পোস্ট কর,দেখেনেই যে তোর সবকিছু ঠিক ঠাক আছে নাকি..?",Negative,Creepy,245,47
"মুল কমেন্টকারী হচ্ছে একজন মাগির দালাল ও সাফা কবিরের বোদা চাটনেওয়ালা,সাফার প্রসংশা না করলে তো হালারে আবার পোদ চাটতে দিবোনা।",Negative,Creepy,122,20
মাগির বাচ্চি,Negative,Creepy,12,2
তোরে তোর বাপ জন্ম দিছে প্রমাণ কি তোর মা অন্য জনের সাথে ও ঘর সংসার করতে পারে তুই তোর বাবারে কেমনে বাপ ডাকছ  মাগি তোরে জনগনের কাছে ছেড়ে দেওয়া উচিত যা করার জনগনে করুক মাগি,Negative,Creepy,168,35
"পাগল ছাগল, চন্নছাড়া অাচোদা বুড়া মাগীর দালাল সেফু কুক্তা,",Negative,Creepy,56,9
"মার ছক্কা ছবির পুরা টাকাটাই মাটি হয়ে গেছে, তোর মত ছাগলকে দিয়ে ছবি বানাইলে সে ছবিতো মাটি হবেই, নায়কের কি গুনটি তোর কাছে অাছে, তোকে জোকার মনে করে কিছু মানুষ তোকে দেখতে যায় ৷",Negative,Creepy,171,34
তোরে ছাগল দিয়া চুদানি দরকার,Negative,Creepy,27,5
আপনার লিংক কবে পাবো দয়া করে একটু বলবেন প্লিজ!?,Negative,Creepy,46,9
খানকিদের আবার পরোকাল আছেনাকি,Negative,Creepy,28,4
চি পেন্টি পরে,Negative,Creepy,13,3
আইচ্ছা ভাবির পরনে কি প্যান্ট আছে,Negative,Creepy,32,6
সাফা কবির জাহা দেখেনা তাহা বিস্বাস করে না। লজিক ১ঃ সাফা কবির তার পুটকি দেখে না। তার মানে তার পুটকি নাই। আর সে জোনি দিয়া হাগে,Negative,Creepy,124,26
চুপ খানকি মাগি।। লজ্জা থাকা দরকার।,Negative,Creepy,34,6
মিশা ও জাহিদ কে জুতার মালা পরানো হক,Strongly Negative,Creepy,35,8
"আপনি বেশী স্মার্ট হতে চেয়েছিলেন, ঠেলার নাম বাবাজী??",Negative,Bullying,51,8
শয়তান যে বহুরুপ ধারন করতে পারে তার প্রমান আমি পেয়ে গেছি।,Negative,Bullying,56,11
যার বিশ্বাস তার কাছে। সে বিশ্বাস করেনা এটা তার নিজেস্ব ব্যাপার।তবু কিছু আবাল তাকে নিয়ে বাজে মন্তবয় করতাছে দেখে অবাক হচ্ছি। তোর এত বিশ্বাস পরকালে ভাই তুই যা। আর একজনকে নিয়ে এত কিসের সমস্যা তোর।,Negative,Bullying,192,35
বুঝলাম এটা তোমার ফার্স্ট বিয়েকংগ্রাচুলেশনস ,Negative,Bullying,43,5
জাহিদ খান তুমাকে জুতা দিয়ে মার বো আমি ছৌদি  তে থাকি হিরো আলম ভাই তুমি এগেয়ে জাও আমি তুমার সাতে আছি আমার নাম রাকিবুল হক,Strongly Negative,Creepy,118,25
আমি সৌদি আরব থেকে বলছি কওমি হুজুর ও ছাত্র সংগঠন কে বলছি চলচ্চিত্রের লোকদের যেখানে পাবেন জুতা দিয়ে পিটাইবেন অনুরোধ করছি,Strongly Negative,Creepy,118,21
চাউল চুরি করে?,Negative,Bullying,14,3
আইছুইন যুহুন তে বালা হইরা বিনুদুন লয়া যাইন।।,Negative,Bullying,44,8
বালা অইছে,Negative,Bullying,9,2
"ঢাকাই ছবির অন্যতম নায়ীকা,কথাটা মানতে পারলাম নাগাধা যতই পরিশ্রম করুক,গাধা গাধাই থাকে।",Negative,Bullying,84,12
একটা দেখি ঘাস খায় না,Negative,Bullying,20,5
এই সব শালাগো হোগা বাশ দেয়ার দরকার ...,Strongly Negative,Bullying,37,8
এই গুলোরে জুতা দিয়ে পিটানো দরকার,Strongly Negative,Creepy,32,6
ওকে পোড়া দাও,Strongly Negative,Creepy,13,3
ভুতের মুখে রাম রাম,Negative,Bullying,18,4
তয় তুই অই মাদারচোদ আইনস্টাইনেরে জিজ্ঞাসা কর..... এখন তুই কই আছোচ?........সালায় মনে হয় ব্লাক হোলে ঘুরতে গেছে,Strongly Negative,Bullying,107,17
তোর বাপের মাথা তোর চেহারা দেখলেই তো থাপড়াইতে ইচ্ছে করে,Strongly Negative,Bullying,54,10
আমি এখানে কমেন্ট পড়তে আসি আমার হার্ট টারে ভালো রাখার জন্য.  কমেন্ট পড়তে পড়তে হাসিতে শেষ ,Negative,Bullying,88,16
"বিচার,চাই",Strongly Negative,Creepy,9,1
জায়েদ আর মিশা কে জুতা পেটা করা দরকার।জায়েদ কে তো আমি চিনিনাই আজকে দেখলাম,Strongly Negative,Creepy,72,14
আমি  একজন  মুসলিম হিসেবে  আমিও  তাকে  হত্যা  করতাম ।ওরা  তো মানুষ নয় ওরা  জানোয়ার  চেয়ে  খারাপ,Strongly Negative,Bullying,94,16
একটি  পশু  তার একজন  সৃষ্টিকতা আছে ।এই জানোয়ার  বলছে তার কোন সৃষ্টিকতা নেই  ওর  মা ওকে  জন্ম দিয়ে  ভুল করছে ।,Strongly Negative,Bullying,109,21
আল্লাহ যেন তাকে হেদায়েত দান করেন। আমিন,Positive,Unbiased,38,7
"আল্লাহ তাআলা আপনাকে মাপ করুক, আমিন",Positive,Unbiased,34,6
আর কোন নিউজ নেই।,Neutral,Unbiased,16,4
আল্লাহ তাকে হেদায়েত দিক যাতে একজন খাটি মুসলিম হয়ে যায়।,Neutral,Unbiased,54,10
মরহুমার রুহের মাগফিরাত কামনা করছি,Neutral,Unbiased,33,5
বানান ঠিক করে লিখুন,Neutral,Unbiased,19,4
কক্সবাজার,Neutral,Unbiased,9,1
হুয়াওয়ে ছাড়া অন্য ফোনগুলো কি জীবাণুমুক্ত করা লাগবে না সাকিব্বাই??,Neutral,Unbiased,65,10
"মাননীয় স্পিকার ,  ভোট চোরদের বড়ো বড়ো কথা শুনতে ভালো লাগে না, কথা থামাতে  এদের মুখে ১ গ্লাস করোনা ঢেলে দেয়ার ব্যবস্থা করা হোক।",Neutral,Unbiased,129,24
হে মামবতার   শ্রেষ্ঠ মানব   তোমাকে জানাই     বিনম্রশ্রদ্ধা... হে মানব দরদী মহান করুণাময় আল্লাহ দরবারে  দোয়া করছি তোমাকে যেন বেহেশতের সর্বোচ্চ স্হানে অধিষ্ঠিত করেন...আমিন,Neutral,Unbiased,169,23
ধন্যবাদ-ভুল শিকার করার জন্য-ইসলাম এই শিক্ষায় দিয়েছে-ভবিষতে আর ভুল যেন না হয় -সে দিকে খেয়াল রাখতে হবে।,Neutral,Unbiased,101,17
সে ভালো কি খারাপ তার জবাব সে আল্লাহর কাছে দিবে এতে আপনার আমার সমস্যা কি?,Neutral,Unbiased,72,15
এখনই লিস্ট করার সময় আসেনি।,Neutral,Unbiased,26,5
ঘোলা বুজা যায় না,Neutral,Unbiased,16,4
টপ ফ্যান,Neutral,Unbiased,8,2
"তাকে বলা হয়েছিলো,জামাত শিবির,মুসলিম কথা বলতে ভুলে পালামেন্ট বলছে এই আর কি।",Neutral,Unbiased,74,12
ময়না,Neutral,Unbiased,4,1
বাংলাদেশ ছাত্রলীগধন্যবাদ অাগামীর কর্ণদ্বার,Neutral,Unbiased,42,4
"এই জিনিসটা ক্লিয়ার করা দরকার, জিয়াই প্রথম স্বাধীনতার ঘোষক ✌",Neutral,Unbiased,59,10
আহা বৌদি ,Neutral,Unbiased,9,2
"প্রশ্নঃ সাফা কবির আপু, তুমি যাকে বাবা বলো, যে তোমাকে জন্ম দিয়েছে, সে কি তোমার সত্যিই বাবা? এটা তুমি কি বিশ্বাস করো?.উওরঃ না, তুমি একদমই বিশ্বাস করো না, যা দেখো নি তা বিশ্বাস করেন না? সুতরাং, আপনি জারজ সন্তান।✔",Neutral,Creepy,209,39
"কি লিখছেন এগুলো?আপা বাদ দেন না পড়ি!হয়তো বৈশাখে একটু বেশী খেয়ে ফেলেছে।না, যেটা আমি দেখি না সেটা আমি কিভাবে বিশ্বাস করব।এই পোষ্ট আবার ভিডিও করে লিখ, তা না হলে আমি বিশ্বাস করব না। মূর্খ চোদা",Neutral,Creepy,187,35
আল্লাহর তো আর  কাম নাই যে আপনার ফেসবুক হ্যাকের বিচার করবো!!!,Neutral,Creepy,60,11
তোমার তো ১২ টা জানালা। কোনটা খুলা একটু মেনশন করে দাও,Neutral,Creepy,52,11
এটা কি পয়সার কেনা লাইক কমেন্ট নাকি।  ৫ মিনিটে ৭০০+লাইক আর ৬০+  কমেন্ট।  অবিশ্বাস্য!,Neutral,Unbiased,83,14
ওস্তিত্ত ছবি টা আপু ফাটিয়ে দিছেন আপু,Negative,Bullying,36,7
তোর মতন আবালে আবার ভালোবাসা আছে নাকি?,Strongly Negative,Bullying,37,7
জুতা মারতে হবে নাস্তিক সাফা কবিরকে,Strongly Negative,Creepy,34,6
নাস্তিকটাকে জুতাপেটা করতে হবে,Strongly Negative,Creepy,29,4
এই বানর টাকে জুতা পেটা করে দেশ থেকে বাগাতে হবে,Strongly Negative,Creepy,46,10
আবাল আর বলদাার পাগলামি,Strongly Negative,Bullying,22,4
"জায়েদ ত অহংকারী  কিসের,,,  বালের নায়ক",Strongly Negative,Bullying,37,6
তাতে আমার বাল ছেড়া গেল,Strongly Negative,Bullying,22,5
তোর জানালায় কে যায় রে! ,Negative,Bullying,23,5
অপেক্ষা কর TahseeNation আনলিমিটেড ভরা দিবে,Strongly Negative,Creepy,42,6
"টাকা থাকলে সব কিছু হয় না, জুতা মার কপালে",Strongly Negative,Creepy,41,9
তার থেকে প্রদিবেদন না নিয়ে তাকে মেরে ফেলতে পারস না?,Strongly Negative,Creepy,51,10
তোমাকে অনেক ভালো জানতাম।তুমি আামার ক্রাশ ছিলা।কিন্তুু এখন তো জুতার বাড়ি দিতে ইচ্ছা করে,Strongly Negative,Creepy,86,14
এই সকল পাগল ছাগলের ছবি কোন পাগল দেখে আমার বুঝে আসে না,Negative,Bullying,53,12
পজিটিভ হবে কিভাবে? যদি এইসব নষ্টামি করেন।,Negative,Bullying,41,7
"প্রতিবন্ধী মনে হয় পোস্ট খেয়ে গাজা করেছে,,,,চুতিয়া,,,যার কাছে বিচার চাস,,,তারে তো দেখা যায় না আবার বিচার চাস কেমনে?এক পু*কি দিয়া কয় রকম কথা বের করিস,,,,",Strongly Negative,Bullying,151,25
কুত্তার ফুড়ি তর ছেলে মেয়ে তকে বিশ্বাস করত নায় কারন তারা বলবে আমাদের জন্মের সময় তুমাকে দেখি নাই।,Strongly Negative,Bullying,95,18
ইনশাআল্লাহ অনেক প্রত্যাশা নিয়ে অপেক্ষা করছে,Strongly Positive,Unbiased,44,6
এর থেকে বড় সুখ আর কি হতে পারে।।।খুব সুন্দর।।। বাংলার মাটি বাংলার জল ।।।,Strongly Positive,Unbiased,71,14
তুই কই থেকে এসেছ সেটা কি জানিস?সেটাকি দেখেশিস?তাহলে তর মা&বাপের বিয়ের বড়যাত্রা তুই এটেন্ড করেছিলে?যেমন গাছ তেমন ফল?এইগুলিরে জুতা পিটা করা উচিত?,Strongly Negative,Creepy,143,22
সে ভোট ডাকাত সরকারের এজেন্ট,Strongly Negative,Creepy,27,5
পটকা মাছ,Negative,Bullying,8,2
সাংবাদিক ভাইদের বলছি এই সংবাদ গুলি প্রচার না করলেই নয় কি?আর এই সব ৪ থ গ্রেডের অভিনেত্রী অভিনেতা দের আপনারা জনপ্রিয় শব্দটা কেন ব্যবহার করছেন।এরা কি জনপ্রিয়? এরা কাস্টিং কাউচের সুযোগে অভিনেত্রী বা অভিনেতা। প্লিজ তেলবাজি নিউজ আর এদের ইম্পোরটেন্ট দেয়া বন্ধ করুন।,Negative,Bullying,258,43
চোরের মার বড় গলা ।,Strongly Negative,Bullying,18,5
"জুতা দিয়ে তোমার গালে মারা উচিত, আবাল বক্তব্য দিয়ে এখন বাঁচার চেষ্টা। মিথ্যুক একটা। নিশিত ওর পিছনে কোন শক্তি আছে যার জন্য এসব বলেছে।মিন্টু রোডের রিমান্ডে নিয়ে গরম ডিম ডোকালে সব বের হয়ে আসবে। সাম্প্রদায়িক দাঙ্গা লাগানোর একটা অপচেষ্টা।",Strongly Negative,Creepy,232,39
ওরে ভাই কাবিল টারে লাথি মারা উচিৎ,Strongly Negative,Creepy,33,7
"আমি তো ভাবতাছি,কবে সাফারে কোপাইবো!",Strongly Negative,Creepy,34,5
ওই মহিলা এসব বলসে যাতে দেশে অনেক তোলপাড় হয় আর সে এসব দেখিয়ে রাজনৈতিক আশ্রয় চাইতে পারে,Strongly Negative,Bullying,85,17
"যদি বলছেন কেনো, আবস্যই ভুল করেছেন আবার সুন্দর করে আল্লাহর কাচে ক্ষমাচান নইলে বাংলার জনগন মুরগিরমত রোষ্ট করবে।",Negative,Unbiased,109,18
"কানকি মাগি বেশ্যা মাগি একন মাফ চাস কেন,, কতা গুলি বলার আগে একবার চিন্তা করলি না যে আমি বলতেচি,, একন আল্লাহর খাচে মাফ চায়,,কারণ সবকিচুর মালিক আল্লাহ,, ইনি চাইলে তোকে মাফ করে দিতেও পারে,,,",Negative,Creepy,186,34
"জায়েদ খান কিসের নায়ক,,, বাংলাদেশের কোন লোক তারে চিনে নাকি,, মাগি মারকা শালা",Negative,Creepy,75,13
আজ না লিখে পারলাম না। তোমার মুখোশ টা দেখলে মন চায় ফাসি খাইয়া ফালাই। পাউডার মাইখা কেমেরার সামনে শুধু আসলেই নিজে কে মনে হয় সানি লিওন/মিয়া খলিফা তাই না।,Negative,Creepy,149,29
তোর বোদায় গরম রড ডুকামু খানকি মাগী,Negative,Creepy,34,7
শুভেচ্ছা দিয়া কি বাল ছিরুম,Neutral,Unbiased,26,5
"পাশে না জনগনের উপরে চড়ে গেছে আ,লীগ",Neutral,Unbiased,34,7
"অনেক মানুষ আছে, যাদের ঘরে বসে থাকলে মুখে ভাত ওঠে না। তাদের কথা সবাই আগে ভাবুন। ঘরে না খেয়ে মরবে, নাকি করোনায় মরবে??",Neutral,Unbiased,117,23
"চাইলাম লিংক,দিলো ব্লক।",Neutral,Creepy,22,3
"আল্লাহ তাকে হেদায়াত করো, হেদায়াতের মালিক তো তুমি !",Neutral,Creepy,50,9
আলম ভাইয়ের কথা ঠিক,Neutral,Unbiased,18,4
হাস্যকর ,Neutral,Unbiased,8,1
বাহুল্য ছেড়ে কাজের কথা বলেন।,Neutral,Unbiased,28,5
তবে ১৪ দিন বন্দো থাকলে অনেক ভালো হতো,Neutral,Unbiased,36,8
সরকার ও প্রশাসনের উচিৎ ওনাকে একটি পাকা ভবন তৈরি করে দেওয়া।,Neutral,Unbiased,58,11
আওয়ামী লীগ কে সমর্থন না করলে মানুষ হিসেবে গন্য হবে কি?,Neutral,Unbiased,54,11
লিডার সারা বাংলাদেশে গঅভর্থনা সূষ্টি করতে হবে,Neutral,Unbiased,45,7
আওয়ামী লীগের নেতাদের  তুলনায় ছাত্রলীগে এই যাত্রায় বেশি কাজ করতেছে,Neutral,Unbiased,65,10
মিনাল ভাই কে ধন্যবাদ ইসলামিক বিষয় নিয়ে আলোচনা করার জন্য।,Positive,Unbiased,56,10
হিরো তো হিরো আলম এই❤,Positive,Unbiased,20,5
মহান অাল্লাহ জালিমদের ছাড় দেন কিন্তু ছেড়ে দেন না।,Positive,Unbiased,49,9
"আমাদের দেশে লহ্ম লহ্ম যুবক এখনো  বেকার, সবাইর উচিৎ কাঁধে কাঁধ মিলিয়ে কাজ করা।দেশের উন্নয়নের জন্য।",Positive,Unbiased,97,16
তুমিই আসল হিরো ৭৫!!!,Positive,Unbiased,20,4
হুজুর আমি আপনার সাথে এক মত।,Positive,Unbiased,27,6
প্রিয় মানুষের প্রিয় কথাওহে মাবুদ আপনি সকল মুসলমান সহ পৃথিবীর সবাইকে মাফ করে দিন।,Positive,Unbiased,80,14
আস্সালামু আলাইকুম,Positive,Unbiased,17,2
তুই তো মাগি,Negative,Creepy,11,3
"আগে ছিলা ক্রাশ এখন হয়ে গেছ জুতার ব্রাশ, তুমার এখন ""প্যারাডক্সিকাল সাজিদ"" পড়া উচিৎ নচেৎ তুমাকে ঠাকুরদা ও টাই দিবেনা খা** মা**",Negative,Creepy,124,22
ঘরে গরম বাহিরে ও গরম ফেসবুকে পরীর গরম,Negative,Creepy,37,8
বোকাচুদা,Negative,Creepy,8,1
খানকি আগে তোকে দেখার জন্য প্রার্থনা করতাম....!!আর এখন তোকে কেমনে গুয়া মারা যায় সেটা ভাবতাছি ভুল ও বনানীর দিকে আসিস না ছাদ থেকে ডিল মেরে উপরে পাঠিয়ে দিবো মাগি কোনান কার...!!,Negative,Creepy,172,31
খানকি তোর id হ্যাক করছে তোর কপাল ভালো তকে যে গন চোদন দেয় নাই তোর ভাগ্য...!!মাগি কোনান কার তরে ভালো ভাবছিলাম আজ থেকে তুই মাগি..!!,Negative,Creepy,128,25
তুমি দুই একটা নাটক করে দেশেন বড় কিছু হয়ে যাউ নাই ধর্ম নিয়া কথা বলো মাগি কোনান কার...!!,Negative,Creepy,86,18
তোর বাপ মা হয় তো ভুল করে তোকে দুনিয়ার আলো দেখাইছে মাগি...!!আগে বুঝলি না কেনো যে তোর কথা তে মানুষ কস্ট পাবে...!!ড্রামা চুদাও এটা নাটক না রিয়েল লাইফ,Negative,Creepy,146,28
তোর বাপ মার বিয়া দেখছিলি খানকি নাকি তোর বাপ মা যে তোকে জন্ম দিছিলো সেটা দেখছিলি...!!তাহলে এটা বিশ্বাস করছ কেনো যে ওই টাই তোর বাবা...??,Negative,Creepy,134,25
তোরে যতো বকি তো তো সান্তি লাগে তোরে নিজ হাতে মারতে পারলে অনেক শান্তি পেতাম মাগি কোনান কার...!!,Negative,Creepy,94,18
মাগি হইলো পাছা কবির ওরে ধইরা গুয়া মারমু,Negative,Creepy,39,8
ওর ভোদার ভিতর কুত্তার হোল দিমু,Negative,Creepy,30,6
তুই ভারতে চইলা যা মাগির বেটি,Negative,Creepy,28,6
তোদের মতো মাগিদের আমেরিকান হোল দিয়ে রাত দিন 24 ঘন্টা চোদা লাগবো,Negative,Creepy,63,12
তোর ভোদার ভিতর বাশ দিমু মাগি,Negative,Creepy,28,6
নটির বেটি তুই মরলে সরাসরি জাহাননামে যাবি,Negative,Creepy,40,7
আল্লাহ্ তরে হেদায়েত করুন আমিন,Strongly Positive,Unbiased,29,5
"ঐ মহিলা খুবই চালাক এবং ধুরন্ধন। কিন্তু সে একা এসব করছে না, তার সাথে আরো অনেক জড়িত। এসব রাজাকারের সংখ্যা আমাদের দেশে কম নয়। ওরা দেশের সব সুযোগ সুবিধা ভোগ করে এবং গোপনে দেশ বিরোধী কাজ লিপ্ত থাকে।",Strongly Negative,Bullying,193,38
"বাল, হয় বাংলায় ক নাইলে ইংরেজীতে",Strongly Negative,Bullying,31,6
"পরিবেশ কত্ত সুন্দর, টান দিলেই খুলে যাবে",Strongly Positive,Unbiased,39,7
ছোটলোকের বাচচার কি করছ জুতা দিয়া তোর হিরুর পাছা লাল করতাম,Strongly Negative,Creepy,57,11
জুতা পেটা করা উচিত। শালি রাজাকার,Strongly Negative,Creepy,32,6
তা ও ভালো।।আপনি তো কচু চিনলেন বলবো না আপনি কি,Negative,Unbiased,45,10
আরেকটা বাংরেজি পণ্ডিত বের হইসে... পুরাই ফাউল,Strongly Negative,Bullying,44,7
"তুই বুঝস, পরকাল কি? আগে পড়াশুনা কর, তারপর পান্ডিত্য ফলা! শালা, অশিক্ষিত!",Strongly Negative,Bullying,72,12
ওকে দুনিয়া থেকে বহিস্কার করার জন্য সরকারের প্রতি অনুরোধ রহিল। দেশের শত্রুদের এটাই সঠিক প্রাপ্য।,Strongly Negative,Bullying,96,15
"সাফা কবির কোন **** বাল...??,",Strongly Negative,Bullying,28,5
দেশাদ্রোহী কাজ করে শুধুমাত্র বহিষ্কার??,Strongly Negative,Creepy,39,5
সেন্ডেল দিয়ে মেরে মুখ ফাটিয়ে দেয়া দরকার,Strongly Negative,Creepy,39,7
জুতা পেটা করা উচিত।,Strongly Negative,Creepy,19,4
তোমার পোস্ট দেখতে ইদানীং বিরক্ত লাগে!!,Negative,Unbiased,38,6
ছাগল  ছাগী,Negative,Bullying,10,2
ঐ দেহ তোমার একদিন কাল হবে।,Strongly Negative,Bullying,26,6
ওরে বাটপার আর কয়েকটা দিন আপেক্ষা কর দেশের মানুষ তোমাদের লেংটা কর পিটাবে ।,Strongly Negative,Bullying,73,14
"যে মানুষ ভুল করে অনুতপ্ত হয়ে আল্লার কাছে ক্ষমাপ্রার্থী হন তাকে তো আল্লাও ক্ষমা করেন। আর আমরা তো মানুষ। মানুষ মাত্রই সে ভুল করবে। সে তার পাপ ধুয়ে হয়তো আরও ভালো মানুষ হয়ে যাবে। আমরা তাকে একটিবার ক্ষমা করতেই পারি, পারি না?? হয়তো এরপর আমরা সুন্দর আরেক সাফাকে পাবো। সবার জীবন সুন্দর হোক।",Negative,Bullying,282,53
ভাই আপনার খামারের লোকজনের আগে বেতন দিন তারপর উপদেশ দিন ,Strongly Negative,Creepy,55,10
কমেন্ট পরতে আইছি। বানান ঠিক না থাকলে সাইবার আইনে মামলা করবো। বি কেয়ারফুল,Strongly Negative,Creepy,72,13
এবার তোর কি হবে রে সাফা,Strongly Negative,Creepy,23,6
এখনি সময় গরিবদের কে সহযোগিতার হাত বাড়ি দেওয়ারকাল্পনিক হিরো নয় আমাদের বাস্তব হিরো দরকার love you sakib khan,Strongly Positive,Unbiased,106,18
ফালতু মেয়ে৷,Strongly Negative,Bullying,11,2
শুকরে চিনে কচু।,Strongly Negative,Bullying,15,3
ভাই আফনে যুদি ছেলিবিটির ভাষা না বুঝেন সেইডা কি ছেলিবিটির দোষ? এই বাল্ডারে আফনে গালি দিতাছেন ক্যান?,Strongly Negative,Bullying,98,17
ওররে রে,Neutral,Creepy,7,2
মালয়েশিয়াতে কিছুদিন আগে এক লোকে আমাদের নবীজী হযরত মুহাম্মদ সাঃ কে নিয়ে কটু বাক্য বলায় তার ২০ বছরের জেল হয়েছে। অথচ আমাদের দেশে এই রকম আইন নাই।,Neutral,Unbiased,141,27
বালিসময়,Neutral,Creepy,7,1
দানব কারা ?বিচার সেই দানবের হবেই ।,Positive,Unbiased,34,7
"জন্মান্তর বিশ্বাস করি না পরকাল বিশ্বাস করি দুটোই না দেখে ৷ কারণ আমি যাকে বাপ বলি তাকে বিশ্বাস করি ৷ হাবে ভাবে রক্ষণা বেক্ষনে ভালোবাসায় প্রমাণ পাইনা, ডিএনএ ওগুলো কাফেরের সৃষ্টি ৷ আমি বিশ্বাসে মুতি বিশ্বাসে হাগি ৷  আমার নাম আবালচোদা মোমিন ৷",Positive,Unbiased,238,43
যদি ভুলের অনুতপ্ত হয় এবং আল্লাহর কাছে অন্তর থেকে মাফ চাও তাহলে মাফ করার একমাত্র মালিক আল্লাহ বান্দারে বইলা লাভ নাই❤আর এই দোয়া করি এবার যদি ভালো হও,Positive,Unbiased,146,28
"পণ্ডিতি, একটু সেলিব্রিটির চাদর গায়ে জড়ালেই মুখে বড় বড় বুলি আসে। পরকালে বিশ্বাস নেই উনার, দুনিয়ার বাঘা বাঘা ইহুদী খ্রিষ্টান জ্ঞানী ব্যক্তিরা পর্যন্ত আল্লাহ্র একত্ববাদে বিশ্বাস করে, বিশ্বাস করে পরকাল এবং পুনরুত্থানের আর আমাদের উনি করেন না।",Positive,Unbiased,237,37
আশা করি সুন্দর একটা লোগো পাবো শুভকামনা রইল,Positive,Unbiased,42,8
অপুর্ব,Positive,Unbiased,6,1
একই দিনে তার মুক্তি ..জাতির মুক্তি গনতনতের মুক্তি  সাধীনতার মুক্তি .,Positive,Unbiased,68,11
মহান আল্লাহ তাকে জান্নাতবাসী করুক আমিন,Positive,Unbiased,38,6
ধন্যবাদ বস এ জেন স্বপ্নের মত আল্লাহ আপনার মঙ্গল করুন,Positive,Unbiased,52,10
"আপনি সেলিব্রেটি তাই বলে যা খুশি সেটা বলতে পারেন নাা ,আচ্ছা আপনিতো আপনার জন্মের সময় দেখেন নাই কে আপনার বাপ, তাহলে কি আপনি জারজ, হ্যাঁ তুই জারজ ,জারজ ছাড়া এই ধরনের কথা বার্তা কেউ বলতে পারে না আর হ্যাঁ তুইতো নাস্তিক, আর হ্যাঁ নাস্তিকের জায়গা বাংলাদেশে নাই ।",Positive,Unbiased,254,48
স্যালুট ❤❤,Positive,Unbiased,10,2
"জয় বাংলা, জয় বঙ্গবন্ধু",Positive,Unbiased,24,4
সেই........,Positive,Unbiased,11,1
বইন দেখা তো যায়না!! কেমনে কি?,Neutral,Unbiased,29,6
রহমান স্যার...☺️☺️,Neutral,Unbiased,18,2
অ্যান্টি কি খবর?এটা কোন নাটকের?,Neutral,Unbiased,31,5
তরে করোনা খুজতাছে।,Negative,Bullying,18,3
তার স্বামীকে চাকুরী থেকে বরখাস্ত করে তাকে গ্রেফতার করা হোক।,Negative,Unbiased,59,10
ক্ষমার চেয়ে নিম্ন আর কিছু নাই! তবে ভবিষ্যৎ এধরনের কথা যাথে মূখ থেকে বের নাই সেই দিক খিয়াল রাখবেন ধন্যবাদ।,Negative,Unbiased,105,20
এখন বুঝলাম কেন তোদের কে জবাই করে.....,Strongly Negative,Creepy,37,7
মানবতা? অপরাধীর শা‌স্তি হওয়া চাই।,Strongly Negative,Creepy,33,5
জুতা মারা দরকার এই ছাগলের বাচ্চা কে।রমজানের পবিত্রতা তো রাখ শালা আবাল।,Strongly Negative,Creepy,70,12
এই পবিত্র রমজান মাসে যখন তোমার প্রোফাইল পিকচারটা পাল্টাতে পারলে না তুমি তোমার মত নর্তকীকে লাইক দিয়ে আর লাভ কি,Negative,Unbiased,110,20
"কুত্তা ঘি খায়না, এইটা নিয়ে সংবাদ প্রকাশ করার কোন দরকার আছে?",Strongly Negative,Bullying,59,11
ওকে আই এস আই দিয়ে চোদানো দরকার।,Strongly Negative,Bullying,31,7
কত রে ঢং দেখাইলি রে পাদনি,Strongly Negative,Bullying,25,6
"কুত্তার বাচ্চারে, ফাসিতে ঝুলানো হোক।",Strongly Negative,Creepy,36,5
সাফা কবির কে তসলিমা নাসরিনের মত বিতাড়িত করা হোক...,Strongly Negative,Creepy,50,9
আল্লাহ আপনাকে অবশ্যই এর উত্তম প্রতিদান দিবেন ইনশাআল্লাহ,Strongly Positive,Unbiased,55,8
আজ রূপের রসে নিজেকে যা ভাবতেছো রুপ শেষ হলেই বুঝবা দুনিয়া কী!,Negative,Unbiased,61,12
দেখে ফেলেছি,Neutral,Unbiased,11,2
"নামটা এমন হওয়া দরকার ছিলো""দূরে থাকা তাহসান,কাছের মানুষ সৃজিত"" ",Neutral,Unbiased,62,9
কমেন্ট দেখে কিছুক্ষণের জন্য  সৃতি  হারিয়ে ফেলছিলাম। বাবাকে দুস্ত ভেবে বলেফেলি ১ টা বিড়ি দে।পরে আর কিছু মনে নাই।কিছুক্ষণ পরে দেখি সৃতি ঠিক হইছে কিন্তু এক কানে কম শুনি। :/,Neutral,Unbiased,169,30
"নৌকায় ভোট দিয়ে কেউ বঞ্চিত হয়নাজননেতা আলহাজ্ব Nurunnabi Chowdhury Shawon MP,ভোলা-৩.",Neutral,Unbiased,82,11
"এটাই ফলাফল। খেলা ফাইনাল,  এখন  শুধু  অপেক্ষার পালা!!!",Neutral,Unbiased,53,8
"কোড়ালমারা নূরাণী হাফিজিয়া মাদ্রাসা ও এতিমখানা মাঠে বাংলাদেশ কুয়েত সংস্থা ভোলা জেলা শাখা কর্তৃক আয়োজিত তজুমদ্দিন উপজেলার ১৯২টি মসজিদের সন্মানীত ইমামদের মাঝে ত্রাণ বিতরনী অনুষ্ঠানে অংশগ্রহণ করেন। ধর্মভীরু, জনদরদী নেতা, জনাব দ্বীপবন্ধু আলহাজ্জ Nurunnabi Chowdhury Shawon MP-১১৭,ভোলা-৩।",Neutral,Unbiased,282,37
উন্নয়নের মার্কা নৌকায় ভোট দিন ✌⛵✌⛵,Neutral,Unbiased,34,6
শুধু হুয়াওয়ে অন্য ফোন নয়???,Neutral,Unbiased,27,5
আমাকে দেখা যায়,Neutral,Unbiased,14,3
ভাই আপনারা আর্মি টের নিং নেবার পড় থেকে দলে পরিবর্তন আসা সুরু হয়েছে এইটা মানতেই হবে।,Neutral,Unbiased,83,16
বাবু খাইছো দুপুরে,Neutral,Unbiased,17,3
বলতেছি আসল হিরো আলম এই লোকটাই যে গরিবের সহযোগিতার নেচে নেচে সহযোগিতা করে নিজে হাসিখুশি ভাবে আর যারা বসে বসে বড় বড় বক্তৃতা দেয় পর্দার আড়ালে হিরো আলম ভাবতেই তাদের কষ্ট হয়,Neutral,Unbiased,173,32
অতঃপর বাংলাদেশে আরো একজন নব্য নাস্তিক জন্ম নিল এইগুলা আমরা কিয়ামতের আলামত হিসাবে নিচ্ছি ✌,Neutral,Unbiased,89,15
টেকনাফের হতদরিদ্ররা ভাসানচর এ কেমন করে যাবে,Neutral,Unbiased,43,7
দুই গালে জুতার বাড়ি দেওয়া উচিত. এইসব নাস্তিকদের,Strongly Negative,Creepy,47,8
"সাংবাদিক ভাইয়া,খাইয়া কি কোন কাজ কাম নাই! বা★★র নিউজ পোস্ট দেন।",Negative,Bullying,62,11
ঠ্যলার নাম বাবাজি কথা আছেনা এর থেকে সবাই কে শিক্ষা নেয়া উচিত।,Negative,Bullying,61,12
আর আওয়ামীলীগ চেনে শুয়ার,Negative,Bullying,23,4
আপা রোজা আছেন? ,Negative,Unbiased,15,3
আজ খেকে তোমারে আর খাইলাম না....পাবলিক তোরে বয়কট সুদাচ্ছে .,Strongly Negative,Creepy,58,10
"তুমি মিয়া আগে তোমার প্রতিষ্ঠানের কর্মচারীদের বেতন পরিশোধ কর। আগে নিজের চরকায় তেল দেও,,,,",Strongly Negative,Creepy,88,14
জুকার বার্গকে অনুরুধ করবো প্লিজ একটা জুতার রিয়েক্ট চালু করেন। angry রিয়েক্ট দিয়ে মনে শান্তি পাচ্ছি না,Strongly Negative,Creepy,101,17
পাগল ছাগলে দেশটা ভরে গেছে,Negative,Bullying,25,5
চোর চোর চোর চোর চোর,Negative,Bullying,19,5
"ম্যাডাম আপ‌নি যত গান শুনান না কেন ,আখ ক্ষেতে ছাগল বন্ধী,গানের মত হবে না - আপনার হা‌সিটা বার বার মিস কর‌ছি- শুভ কামন‌া  রই‌লো ।",Negative,Unbiased,127,25
"কইল উনার হোম নাই, পূম ও নাই,। কিন্তু কইল না লোম আছে কিনা!! কিডা ছিডল!! কি খ্রাপ",Negative,Bullying,79,17
থানোসের গ্রহে গেছিলো নাকি!!,Negative,Bullying,27,4
গরু মেরে জুতা দান।।। তুই পারস রে সাফা।।।,Strongly Negative,Creepy,40,8
"জয় বাংলা, জিতবে আবার নৌকা।",Strongly Positive,Unbiased,26,5
"এটা কে আই ওয়াশ বলে, বহিষ্কার ইম্পসিবল । ২ বছর পর টের পাবেন।",Strongly Negative,Creepy,59,13
ভাগ্য ভালো এমন কথা কোন হুজুর বলে নাই।বল্লে নিদ্বিধায় রাজাকার বানিয়ে ফাঁসি দেওয়া হইতো।,Strongly Negative,Creepy,85,14
আপনার শ্রমিকদের বেতন দেননি কেন ভাই?,Strongly Negative,Creepy,35,6
খানকির মেয়েরে গালি দেওয়া বন্ধ করবেন নাহ।।,Negative,Creepy,41,7
পহেলা বৈশাখ তোমার পাছা দিয়ে ডুকাই দিব খানকির ঝি।।  তুমি দেখবাও নাহ বিশ্বাসও করবা নাহ।।,Negative,Creepy,86,15
"আবার নাটক চুদাইতেছস,,,!!! চোদনের নাম বাপ জান,,, এখন বাঁচার জন্য কত নাটক করতে হবে!!!  তোরে তো আর বিশ্বাস নাইরে রেন্ডি মাগী",Negative,Creepy,121,21
ধন্যবাদ সাফা কবির তুমি ভুল তওবা করে আল্লাহর কাছে ক্ষমা চেয়েছ ক্ষমা করার মালিক আল্লাহ তাআলা,Negative,Creepy,90,16
জারজ সন্তান..,Negative,Creepy,13,2
সাফা তোমাকে দেখতে একদমই নুনুর খোসার মতো লাগে..,Negative,Creepy,46,8
তোই তো যারা মাগিতোর ত জরমের ঠিক নায়,Negative,Creepy,35,8
মাগি কস কি,Negative,Creepy,10,3
সাওয়ার বেটি খালি মরে দেখ বাটাম তোর কেমনে ফাটায় তোর ত আর নাটোক দেখা য় যাবেনা রে মাগি,Negative,Creepy,83,18
মাগি তোর.......,Negative,Creepy,15,2
তুই ত মাগি,Negative,Creepy,10,3
"ওর পাছায় বিদেশি  মোটা বেগুন ঢুকিয়ে  দিলে বিশ্বাস করবে,,",Negative,Creepy,55,9
তাহলে তোর মারে কুকুরে চুদে তোরে জন্ম দিছে,Negative,Creepy,41,8
সবাই মিলে ওকে চোদার কাম,Negative,Creepy,23,5
এই মাগির বাবা কে তা আদো জানে না??,Negative,Creepy,33,8
মাগিরে কুতুব মিয়া রাম চোদা দিছেতো তাই এই কথা বলতেছে!!,Negative,Creepy,53,10
অ ইয়েচ,Neutral,Unbiased,6,2
"প্রতিটি নাটকে আলাদা চিন্তা-ভাবনা থাকে, আলাদা বিষয় বস্তু নিয়ে তৈরি হয়, কোনটায় ভালো লাগার পরিমাণ বেশি হয়। নাটক দেখা হচ্ছে, দেখছি। তবে এই নাটকের গল্পটা ভালোবাসাকে পুনরায় ভাবায়, ছিল কি কখনো কেউ?",Neutral,Unbiased,190,32
সিঙ্গাপুর প্রধানমন্ত্রীর শাসন ব্যবস্থা চলে ভুল ভাল তত্ত্ব দিয়ে বিভ্রান্তি না ছড়ানো।,Neutral,Unbiased,85,12
কবে নিলামে তুলবেন জানিয়ে দিলে ভাল হয় ভাই।,Neutral,Unbiased,41,8
আমার রাত জাগা তারাতোমার আকাশ ছোয়া বাড়িআমি পাইনা তোমায় ছুতেআমার একলা লাগে ভারী,Neutral,Unbiased,77,13
"যা দেখেন না তা বিশ্বাস করেন না, বোন আল্লাহ কে ত দেখা যায় না তারপরও বিশ্বাস করেন। যে আল্লাহ কে বিচার দিলেন পরকাল তারই সৃষ্টি। আল্লাহ আপনাকে সঠিকভাবে বুজার তৌফিক দান করুক।",Neutral,Unbiased,169,32
"করোনা ভাইরাস তো চোখে দেখা যায় না, বিশ্বাস করবো কিভাবে ?",Neutral,Unbiased,55,11
কোয়ান্টম মেথড এর সঠিকতা সম্পর্কে কিছু বলবেন।,Neutral,Unbiased,45,7
"আরেকটু শুকনা হলে আরও ভালো লাগতো,,,",Neutral,Unbiased,34,6
তাহলে এটাই প্রমান হলো ব্যারিষ্টার সুমন ঠিক।,Neutral,Unbiased,43,7
গুড লাক ব্রো....,Neutral,Unbiased,16,3
আপু আমাকে দিবেন না???,Neutral,Unbiased,21,4
ও বন্ধু লাল গোলাপী,Neutral,Unbiased,18,4
এদের দ্বারা সবই সম্ভব।,Neutral,Creepy,22,4
"ওর বাপকেও ও বিশ্বাস করেনা, কারন ও জানেনা ওর বাপ কয়টা!! ও শংকর জাতির মানব! নিষিদ্ধ পল্লীর মূর্খদের মিলনের ফল!!",Neutral,Creepy,109,20
তর মাকে জিজ্ঞেস কর কার সাথে সঙ্গম করে তোকে জন্ম দিছিল। তুই ত আবার না দেখে বিশ্বাস করছনা।,Neutral,Creepy,88,18
"বুঝলাম না তাকে নিয়ে মাতামাতির কি আছে,কোন নায়ক/নায়কা মডেলিং করা তারকা গুলা এমনি তেই তো হারাম কাজ করে বেড়ায়। তাদের  পরকাল আস্থা থাকলেই কি আর না থাকলে কি। আপনার তার সমালোচনা করে তাকে ফেমাস বানাচ্ছেনন।",Neutral,Creepy,197,35
এক্ষান মাল,Neutral,Creepy,10,2
সৃজিত আংকেল  টা আর ভালো  লাগে না,Neutral,Creepy,32,7
ইফতারের পরে কমেন্ট পড়তে আসব। এখন বাই।,Neutral,Unbiased,37,7
মাশরাফি ভাই আমি এটা মানতে পারছি না।আপনার এলাকার জন্য সরকার বরাদ্দ দিছে এগুলো খরচ করলে ত হয়।অন‍্য খেলোয়ার রা আপনার মত সরকারি সুবিধা  পায় না তাই বেড বিক্রি করছে।কিন্তু আপনার  টা হাস‍্যকর হয়ে গেল না।আপনার আমি  ভক্ত But this breslet sales highlights is bouring.,Neutral,Unbiased,257,44
বিএনপির সাথে,Neutral,Unbiased,12,2
মুলা লাংগা তাউয়ে।। কেও বুঝবেনা কি বলছি ,Neutral,Unbiased,39,7
"চাল চোর গুলোকে শায়েস্তা করতে হবে, সাথে লুটপাট করে বিদেশে নিয়ে যাওয়া টাকা গুলো ফিরিয়ে এনে গরীব দুঃখী মানুষকে সহায়তা করতে হবে।",Neutral,Unbiased,124,22
ও মাগি তোরে আরেকবার কুকুর দিয়া চুদাইতে হবে.....,Negative,Creepy,47,8
"তোর বাল কয়টারে খাংকি??কথা তো স্বাভাবিক ভাবে বলতে পারোস না ,প্রতিবন্ধি নদী...তোর ভোদায় তো মনে হয় ৩টা ফোটা",Negative,Creepy,104,18
এর পর বলবে মহিলা মানষিক রোগী। ইনার কিছুই হবে না। যেখানে পোষ্টারের উপর পোষ্টার লাগাইলেও দেশাদ্রোহি মামলা হয় সেখানে তিনি বহালতবিয়ত এ আছেন। মুল উদ্দেশ্যে ঠিকি হাসিল করে নিয়েছেন চিকন বুধ্বি দিয়া।,Strongly Negative,Bullying,191,32
ও তো অনেক কিছু না দেখে বিশ্বাস করে।আসলে বিখ্্যাত হতে চাচেছ ২ পয়সার নাচনেওয়ালী বেশ্যা।,Strongly Negative,Bullying,85,15
"এই পোষ্টে কমেন্ট করা ইন্টারের মেয়েরা, সদ্য ব্রেকাপ হওয়া সুন্দরীরা, প্রেমে ব্যর্থ, স্বামী বিদেশ মহিলারা,,,, তোমাদের যদি কখনো একা লাগে, নক দিও।",Negative,Unbiased,141,22
আমেরিকা বসে বসে চাপাবাজি পাবলিক বুজেগেছে.....,Negative,Unbiased,45,6
ওরে জুতা দিয়ে পিটান...,Strongly Negative,Bullying,22,4
তুই একটা ছাগল,Negative,Bullying,13,3
"আমরা মনে করি, মুসলিম মৌলবাদীদের চাপাতির কোপ খাওয়ার ভয়ে ক্ষমা চাচ্ছেন। ক্ষমা চেয়ে যে কথাগুলো বলছেন সেটা আপনার মনের কথা নয়। ফ্রিডম অফ স্পিচ পশ্চিমা দেশে এবং ভারতে আছে। আপনার নিরাপত্তা বিঘ্নিত ও জনপ্রিয়তা হ্রাস পাওয়া নিয়ে বিষন্ন হবেন না। Go on",Strongly Negative,Creepy,240,42
কেয়ামতের অালামত,Strongly Negative,Creepy,15,2
কাঁকড়া খামারের শ্রমিকদের বেতন পরিশোধ করেছেন তো?,Strongly Negative,Creepy,47,7
তোর বাপে তোরে জন্ম দিছে নাকি গাছ ফেরে হইছস তা জানছ নাকি সেইটাও জানছ না। ভন্ড হালায়... পাগল।,Strongly Negative,Bullying,91,18
গ্রামো তো ভালা ও আছলায় গো মাই-বইন শহরে আইয়ানু দেখি খুলিয়া দিলাইছো ,Negative,Unbiased,66,12
দুষ্টু ছেলের দল,Negative,Bullying,15,3
"বাইন চুদ,বিজ্ঞাপন দেয়ার লোক পাচ্ছিস না। সালা জুকার।",Strongly Negative,Bullying,52,8
আমরা আসলে প্রপার এডুকেশনটা শিখি না...নিজেই নিজের চিন্তা চেতনাকে এগিয়ে রাখি..ওয়েস্টার্নইজডের কথা বলতে গেলে মিনিমাম ৫০/৬০ বছর পিছিয়ে আমরা যেটার মূল কারন we'r not well educative nation..,Negative,Bullying,183,27
"সাফা করিমের সব নাটক আমার ল্যাপটপ থেকে ডিলিট করে দিয়েছি। পরবর্তীতে এর সঙ্গে যে নাটক করবে তার নাটক দেখব না। বাকিরা সবাই সাবধান, একজনের জন্য সবাই খারাপ হবেন না।এই খাঙ্কির সঙ্গে অভিনয় করবেন না।",Strongly Negative,Creepy,191,34
তরা পাগল,Strongly Negative,Creepy,8,2
দূর হালাইন সাংবাদিক ভুলে ।। অউতারে ডিম থেরাপি দেওয়া দরকার শালা ,Negative,Unbiased,63,11
"জুতাপেটা করলে বিশ্বাস করবি হারামজাদি,",Strongly Negative,Creepy,37,5
"ঠেকা পরাতে এখন তবজি লইয়া জিকির চুদাও..... উড়া ভালো সব কিছু নিয়ে উড়লে জুতা পেটা তখন ফরজ হয়ে যায়।যেমনটা তোমার জন্য এখন ফরজ, ভুলে কখনো সামনে পরলে জুতাটা খুলে তোকে দেখাতাম....জুতা মেরে গুরু দান দেখানো পোস্ট তাইনা",Strongly Negative,Creepy,208,37
জুতা পাইরা দে এদের মত ফালতু দের,Strongly Negative,Creepy,31,7
"আজ বড় মনে পড়ে আল্লামা সাঈদী সাহেবের সেই কথা গুলো ।।প্রধানমন্ত্রী,,, আমরা আপনার শত্রু নয় , আমরা আপনার শত্রু নয় । আপনার শত্রু আপনার পাশেই বসা। এদের আপনি চিনেন !!! আকাশ চুম্ভি জনপ্রিয়তা থেকে এরা আপনার পিতার যে দশা করেছে ।একদিন এরাই আপনার সেই দশা করবে ।।",Strongly Negative,Creepy,254,47
আসাধারন লেগেছে ,Strongly Positive,Unbiased,15,2
"কামাল তো সংবিধান প্রনেতা,শেখ মুজিবের ৭ ই মার্চের ভাষন লেখক,অাওয়ামী রাজনীতির প্রথম সারির নেতা ছিলেন।",Strongly Positive,Unbiased,99,15
"ওর গায়ে আগুন ধরিয়ে দেওয়া উচিৎ,",Strongly Negative,Creepy,30,6
এইটারে ধান কাটা বলে??? হাহাহা,Negative,Bullying,29,5
"বুঝ বালক জ্বী, আপনি ওকে বিশ্বাস করিয়েন না,আপনার সে অধিকার আছে। আপনি বিশ্বাস না করলেও সাফা কবিরের কিছু আসে যায় না।",Negative,Bullying,113,21
"আপনে বোন একটা বলদ। (প্রমানিত) লেখা পড়া কোথায় করেছেন?? নাকি করেন নাই?? প্লিজ আমি জানতে চাই।। ডন্ট ওরি, ইউ আর নট মাই ক্রাশ, আই হ্যাভ এ বিউটিফুল ওয়াইফ। আমি শুধু আপনার বলদামী সম্পর্কে জানতে চাই, কিভাবে পারেন? অনুভুতি কি?",Negative,Bullying,216,39
সুন্দর নাটক,Strongly Positive,Unbiased,11,2
"তয় বোন সকালে অফিসে বসে তোর উপর ক্রাশ খাইছিলাম, পরে তোর এই স্ট্যাটাস দেখে ক্রাশ ছুটে গেছে, এখন বুঝলাম তুই একটা বলদ বোইন।।",Negative,Bullying,120,23
জুতা মারা উচিত।,Strongly Negative,Creepy,15,3
"সামনে পাইলে চোঁখ তুইলা দিতাম, শয়তান ছেমড়ি!",Strongly Negative,Creepy,42,7
"ওরে যেখানে পাবেন গুলি করে ফেলবেন , নাস্তিক মেয়ে ...",Strongly Negative,Creepy,51,10
কি আর বলবি তুই । তাইতো ওখানেই থাকতে চাস । দেশের ভাব মুর্তি নষ্ট করে এখন ক্যানক্যানানি করে কি লাভ,Negative,Bullying,96,20
অলে বাবালে  স্পষ্ট ভাষায় আমরা যা শুনেছি তা কি ভুল শুনেছি নাকি  তারপরও বলবো আপনি ভুল বুঝতে পেরে আল্লাহ্‌'র কাছে ক্ষমা চেয়ে নেনআল্লাহ্‌ চাইলে ক্ষমা করে দিতে পারেন,Negative,Bullying,160,28
"এতদিন পর একটি ভালো ফটো দেখলাম, মাশাল্লাহ এভাবে চলো, দুনিয়া ও পরকালের জন্য মঙ্গল হবে",Strongly Positive,Unbiased,83,15
"মাশাল্লাহ, সব সময় এভাবে থাকলে ভালো হবে।",Strongly Positive,Unbiased,39,7
অধ্যাপক আবুল বারাকাতের গবেষনাই যত নষ্টের মূল!!,Negative,Bullying,46,7
সালার জন্ম থিক না,Strongly Negative,Bullying,17,4
"দূরো মাগি তোরে দেখলে জুতা পেটা করতে ইচ্ছা করে তোরে কে বলছে এডভাইস করতে তুই এই জাতির অভিশাপ । এই মাগি বলছিলো ও নাকি আখিরাত বিশ্বাস করেনা , এখন মাগি আসছে সাধু সাজতে ।",Strongly Negative,Creepy,164,34
এখন বুজলাম তোদের কে কেন জবাই করে।,Strongly Negative,Creepy,33,7
বিয়াদপ মেয়েটাকে জুতা পেটা কর।,Strongly Negative,Creepy,29,5
ভুল বুঝার জন্য ধন্যবাদ।। তাই এমন কোন কথা বলা ঠিক না যেগুলা মূখ্যতার পরিচয় দেই।।।।কেও ভুল বুঝতে পারলে আল্লাহ কাছে ক্ষমা চাইলে  আল্লাহ মাফ করে দেন।।দয়া করে অতি উৎসাহ হয়ে আমরা আর কোন ফালতু কথা কমেন্ট না করি কারন আল্লাহ ক্ষমাশীল আর আল্লাহ উনাকে মাফ করে দিবেন কারন উনি ভুল বুঝতে ফেরেছেন।।,Negative,Bullying,283,52
মিকআপ ছারা চেহারাগুলো দেখেন যারা বিয়ে করতে চান,Negative,Bullying,46,8
"আমার অবাক লাগে, হিন্দুরা প্রিয়া সাহা পক্ষে কথা বলে আর মুসলমানরা বিপক্ষে, সবাইকে বলছি, খারাপ সব সময় খারাপ, সেটা হিন্দু করুক বা মুসলমান করুন।।। আসুন সত্য বালা শিখি।।",Negative,Bullying,163,28
মহান বিজয়  দিবসের  শুভেচ্ছা..!,Strongly Positive,Unbiased,30,4
আমি জানি না আপনি মুসলিম কিনা যদি প্রকৃত মুসলিম হতেন তাহলে এমন বাক্য আপনার মুখ দিয়া আসতো না। তোমাদের মতো নাস্তিক গুলোকে আসলে এভাবে না আগুনে পুড়ে মরা উচিত যাতে কাউকে দোষারোপ করতে না পারো। আল্লাহ আপনাকে ইমান দেক আর পাঁচ ওয়াক্ত নামাজ পড়েন মৃত্যুকে বেশি বেশি স্মরণ করেন।,Negative,Unbiased,265,49
"বেয়াদবের বাচ্চা লজ্জা থাকলে বিশ খাইয়া মর...ও! তোরাতো আবার কবরকে বিশ্বাস করছ কিনা তা জানিনা। পরকাল দেখছ নাই তাই বিশ্বাস করছ না, সৃষ্টিকর্তাকেওতো দেখছ নাই....কিভাবে পৃথিবীতে এসেছিস ভাবতো।",Negative,Unbiased,185,28
"সাব্বাস,মনের কথা বলেছো।",Strongly Positive,Unbiased,23,3
আল্লাহ হেদায়েত দেক,Strongly Positive,Unbiased,18,3
এইসব সাফ কবির যারা সেলফি তুলে সেলিব্রেটি হয় তাদের কাছ থেকে এর চেয়ে ভালো র কি আসা করা যায়।।নষ্ট মেয়ে,Negative,Bullying,99,20
বেইশ্যাকে জুতা মার,Strongly Negative,Creepy,18,3
"সারাজীবন তো আর তোর দাদাদের ছায়াতলে থাকবি না তুই ....চোখ বন্ধ হলেই বুঝবি ""কত ধানে কত চাল "" ...তোর জায়গা মাটিতে হয় নাকি আল্লাহ ভালো জানেন। তোর শুভবুদ্ধির উদয় হোক এই কামনাই করি ...",Strongly Negative,Creepy,177,34
জুতা মেরে গরু দান হয়ে গেলো না??,Strongly Negative,Creepy,31,7
আলহামদুলিল্লাহ আল্লাহ যেন আপনাকে ভালো রাখেন ,Strongly Positive,Unbiased,44,6
বাহ অসাধারন ,Strongly Positive,Unbiased,12,2
অবশেষে মহান আল্লাহকে দেখতে পেয়েছেন? আর সুন্দর করে দেখতে পাবেন সুরা  যুমার পড়ুন। আপনি বিশ্বাস ও করতে পারবেন না আল্লাহ আপনার এসব প্রশ্নের উত্তর ১৪৪৩ বছর আগেই সুরা যুমারে দিয়ে রেখেছেন।,Strongly Positive,Unbiased,181,31
আল্লাহ সবাইকে হেফাজত করুন,Strongly Positive,Unbiased,25,4
"খানকিরা এইটা জানলে,তুই খানকি বিত্তি কিভাবে করতি???আর আল্লাহতায়ালা জাহান্নাম কিসের জন্য বানাইছে??তোদের মতো খানকি+নাস্তিকদের জন্যই...",Negative,Unbiased,131,15
"বাতাসে অক্সিজেন, আর তোর নিঃশ্বাস যখন বন্ধ হতে থাকবে তখন সবই বিশ্বাস করবিরে কুলঙ্গার। কি তখন আর কোন উপায় থাকবে না। যেমন উপায় ছিল না কাফের ফেরাউনের।",Negative,Unbiased,146,27
"এই মেয়ে অন্য এক ইন্টারভিউতে বলেছে, যাকে চোখে দেখে না তাকে বিশ্বাস করেনা। অর্থাৎ তিনি নাস্তিক। সে আবার তার অবিশ্বাসের ধর্ম ইসলাম ধর্মের রোজা কেন রাখে? এটাকি একটা mockery?",Negative,Unbiased,169,29
নাস্তিককে দোয়া আবার কি?,Negative,Unbiased,23,4
এইসকল নাস্তিক ভাইদের কাছে একটা প্রশ্ন ? আপনাদের বিখ্যাত নাস্তিকদের মৃত্যুর পর জানাজা/কবর ইসলামিক শরীয়ত মোতাবেক কেন করেন ? যেহেতু তারা ইসলাম মানেন না তাই তাদের উচিত তাদের লাশ মমি কইরা রাখা,Negative,Unbiased,187,32
কানকি মাগী,Negative,Creepy,10,2
"তরে ন্যাংটা কইরা চুদি,,,আফ্রিকান গাভিদিয়া চুদি,,,,জংলি হাতি দিয়া চুদি,,,,সিংহের নখ ঢু বকাইয়া চুদি,,,বংগভবনের পিলার ঢুকাইয়া চুদি,,,স্ট্যাচু অফ লিবার্টি ঢুকাইয়া চুদি,,,,ডায়নাসোরের ডিম হান্দাইয়া xd....../ / /'''''\\",Negative,Creepy,212,25
তুমি বাংলাদেশের নয়া মিয়া খলিফা,Negative,Creepy,30,5
ভুল করে বলছে যদি ভুল করে থাকি    খানকি মাগী,Negative,Creepy,43,9
মাগির গুয়ামারা খাও শেষ এখন বাংলাদেশ অাসবো faking girls,Negative,Creepy,54,9
ইন্ডিয়ার গুয়ামারা খাওয়া শেষ।।।,Negative,Creepy,30,4
গরিবের সানি লিওন নাকি,Negative,Creepy,21,4
তোর মতো খানকির বিশ্বাস করতে হবে বলছে কে?তোর বাপ কে প্রমান দে?,Negative,Creepy,61,12
আরে কি বলে মুখে এক কথা পুটকিতে এক কথা।পরকালে অবিশ্বাস মানে আল্লাহকে অবিশ্বাস,Negative,Creepy,76,13
"কিরে মুগরী কবিরার আচোদা  মাইয়া, তুই নাকি ফডর ফডর করচ? শুয়োর'নী",Negative,Creepy,62,11
চুতম্রানী চুদির বাঈ তোকে ষুদার টাইম নাই,Negative,Creepy,39,7
তুই মাগী জাতির কলংকো।তোদের মতো বেস্যার জন্য আমরা মেয়েরা আজ জাতির কাছে দোষী। তোরে পাইলে আগে সেডার মধ্যে দিতাম,Negative,Creepy,108,19
পেন্টি পইজ্জে দে পল্লা,Negative,Creepy,22,4
তুই তো নটি মাগি মুসলিম নামধারি ইবলিশ।,Negative,Creepy,37,7
কনডম ছাড়া ডোজ,Negative,Creepy,13,3
"ধন্যবাদ সার....এই অবস্থা কেটে গেলে আমাদের জনসংখ্যা কমানোর দিকে একটু নজর দিয়েন প্লিজ... হিসাব করে দেখলাম, জনসংখ্যা সমস্যা ই আমাদের সব সমস্যার মুল কারন...",Neutral,Unbiased,152,24
বাপ কা বেটি,Neutral,Unbiased,11,3
সারা বিশ্ব মোট কতটা দেশ আছে সেটা কি যানেন।,Neutral,Unbiased,42,9
সুপ্রিয় দেশবাসী!সম্মানিত অধ্যক্ষ জনাব সিরাজুদ্দৌলা যদি আপনাদের কারো ফ্রেন্ডলিস্টে থেকে থাকেন তাহলে উনাকে মেনশন করার উদাত্ত আহ্বান জানাচ্ছি...!,Neutral,Unbiased,142,18
দেশ মাতার মুক্তির চাই,Neutral,Unbiased,21,4
যে বালের ইংরেজি + বাংলা জগাখিচুড়ি করে বললেন এতে তো সাধারন মানুষের উপকার হয়ে করোনা গোয়া দিয়ে পাদতে পাদতে পালাবে। যত্তসব ফালতু সেন্টিমেন্টাল তারকা!!!,Neutral,Creepy,147,24
জাতিকচু মালু,Neutral,Creepy,12,2
এইসব না দিয়ে লিংক দাও,Neutral,Creepy,21,5
আচ্ছা আমি কমেন্ট প্রোমোট করবো কিভাবে..সবাই কমেন্ট করলে তার কমেন্টে ১ক হা হা হয়..আমার কমেন্টে হয় না কেনো??কোন উপায় আছে এটা বারানোর..,Neutral,Creepy,131,22
আমি বুঝিনা মুসলিমরা ধর্ম নিয়ে এতো বাড়াবাড়ি করে কেন? কে মানলো আর মানলো না সে সৃষ্টির্কতা বুঝুগে ।যার জন্য বারবার দূত পাঠিয়ৈছেন ।গায়ের জোর আর কূপথধরে ধর্ম প্রচার ক্ষনোস্থায়ি ।এদের এতো গা জালা করে কেন?তাহলে কি জোর করে ভুলপথে নিতে চাই?জোর যেখানে তাদের পথ ।,Neutral,Creepy,252,45
এই ছবিটার জন্য কেয়া কসমিটিক এর পক্ষথেকে আপনাকে দেয়া হবে শীতের কাপড় কারন না বলা থাক।,Neutral,Creepy,83,16
মিথিলার  জন্য   একটা   পাত্র চাই  ৷বয়স  60/65   হলে  চলবে  !!!,Neutral,Creepy,62,10
খেতে খেতে দেখবো,Neutral,Unbiased,15,3
ভদ্রলোকদের চেহারা ব্লার করে দিলে হতো না?,Neutral,Unbiased,40,7
মুক্তি কই পাইলেন? জামিন বা শাস্তি কিছু দিনের জন্য অফ রাখছে,Neutral,Unbiased,58,11
"বি এনপি, খালেদা জিয়ার মুক্তি চায়",Neutral,Unbiased,32,6
দয়া করে মন্ত্রীদের মুখ বন্ধ করান।,Neutral,Unbiased,33,6
"বুঝছি,এবার তোমার জেতার পালা যুবক থেকে বুড়ার ঠেলা ভালা ",Neutral,Unbiased,55,9
করোনা মরলে শহিদ এখন ঘরে থাকতে বলেন কেন হুজুর ?,Neutral,Unbiased,46,10
"তুমি ত এমনি সুন্দরী, এতো সাজু গুজু কি দরকার।",Neutral,Unbiased,44,9
আজকে প্রথমবার বাংলাদেশে জায়েদ খান নামের হিরো আছে  জানলাম,Neutral,Unbiased,57,9
চুদানি চুদ মারানি বুদাটা হিন্দুস্তানি,Negative,Creepy,37,5
পরী আর সানি লিওনের মধ্যে ১০০% মিল।,Negative,Creepy,34,7
এই ন্যক্কারজনক ঘটনার সাথে জড়িত যেই হোক তাকে আইনের আওতায় আনতে না পারলে এদেশে শুদ্ধ সংস্কৃতি বিকাশ বাধাগ্রস্ত হবে।,Strongly Negative,Creepy,112,19
তোর মত ফালতু মেয়ের এই মুসলিম দেশে থাকাই উচিত না।,Strongly Negative,Bullying,48,10
এরা এখন সেহেরি পারটি করতে পারেনা due to covid19.,Negative,Bullying,48,9
বাংলার ছাগল,Negative,Bullying,11,2
শয়তান ইজ ব্যাক।,Strongly Negative,Bullying,15,3
আজ থেকে তোর নাটক দেখা বন্ধ নাস্তিক কোথাকার।,Strongly Negative,Creepy,43,8
তুই যাই বলিস তোর গালে জুতা মারি নাস্তিক,Strongly Negative,Creepy,39,8
আমার ধারণা সে মুরগী চোর শাহরিয়া কবিরের মেয়ে!,Negative,Bullying,44,8
এর লাগিউ করোনা যার না,Negative,Bullying,21,5
"গণযোগাযোগে তার নাম নষ্ট হয়ে যাচ্ছে বলেে এমন কথা বলছে। আসলে আল্লাহ্ কাছে ক্ষমা চাইনি। নিজের সম্মান রক্ষার জন্য আজ এই কথা বলতেছে। যে আল্লাহকে মানে না সে আবার আল্লাহর কছে ক্ষমা চাইবে কেমনে। বাট আল্লাহর কাছে তার হয়ে আমি ক্ষমা চাই, আল্লাহ যেন উনাকে মাফ করেন।",Negative,Bullying,253,47
চুরি করে ক্ষমাচাইলে ও চোর চোরই থাকে,Negative,Bullying,35,7
নারীর অহংকার,Strongly Negative,Creepy,12,2
সালমানের মতো এটাকেও বয়কট করুন সবাই। সবাই আনলাইক স্টার্ট করেন। যারা যারা এর সাথে অভিনয় করবে তাদেরও পাব্লিক লাথি মেরে বয়কট করবে ইংশাআল্লাহ।,Strongly Negative,Creepy,137,23
মাধার চুুদের ফাসি চাই,Strongly Negative,Creepy,21,4
চালিয়ে যাও পৃথিবীর পাঠশালায় যা কিছু শিখেছ ঊজাড করে দাও !জিরো থেকে হিরো !,Negative,Bullying,74,14
দালালমুক্ত বিএনপি চাই,Strongly Negative,Bullying,21,3
শালার সাংবাদিক! ,Strongly Negative,Bullying,16,2
"এগুলো পতিতা হয়ে গেছে,,, নাস্তিকদের নিয়ে গবেষণা না করে জুতা মারা উচিত,,, আসলে এদের পিতা মাতা কি এদের কোন ধর্মীয় শিক্ষা দেয় নাই??  এই কি মুসলিম পরিবারে জন্ম গ্রহণ হয়ছে নাকি??",Strongly Negative,Creepy,172,31
আল্লাহ্‌ কত না সুন্দর যার সৃষ্টি যদি হয় এত সুন্দর,Strongly Positive,Unbiased,49,10
"এই নাস্তিকের শরীরে আমি শত ভাগ নিশ্চত যে কোরোনা ভাইরাস আছে ,,তাকে সরকারী আইসোলেশনে রেখে এডভান্স মরণ ইনজেকশন পুশ করা হোক,, এদের মত হাই প্রোফাইল মাগিদের জন্য ই আল্লাহ কোরোনা ভাইরাস দিয়েছে",Negative,Unbiased,185,32
কুলঙ্গার মানব সন্তান নাস্তিকের শিরমনি স্রষ্টাকি বিশ্বাস না করা তোমাদের ব্যপার কিন্ত ইসলামকে আক্রমন করে মৌলবাদি তোমরাই তৈরী করার সহায়ক তাই তোমাদের মরনটাও অস্বাভাবিক হয় মৌলবাদিদের হাতে তাই কিনা ?,Negative,Unbiased,193,30
ওর সৃষ্টকর্তা হয়তো এমন নিকৃষ্ট প্রানী যার নাম নিতে লজ্জাবোধ করে তাই অভিমানে একথা বলেছে। কিন্তু আমরা আমাদের সৃষ্টি কর্তার নাম নিতে কুন্ঠা বোধ করিনা বরং গর্বিত।,Negative,Unbiased,158,27
তুমি দুনিয়াতে কিভাবে আসলে তা কি দেখেছো? তাহলে বাবাকে বাবা আর মাকে মা বলো কেন? সত্যিকথা কি তোমার দেখা না দেখার উপর পরকালের কোন পরিবর্তন হবেনা।নাস্তিকিনি,Negative,Unbiased,151,26
তাহলে তুই কাফের (অবিশ্বাসী)!!!!!!!!!!!!!,Negative,Unbiased,40,4
"শুধু এশিয়া-প্রশান্ত মহাসাগরীয় নয় বরং সমগ্র  পৃথিবীর মধ্যেও করোনা মোকাবিলায়  সবচেয়ে নিকৃষ্টতম ভূমিকা রাখা সরকারদের মধ্যে আমাদের সরকার শীর্ষে থাকবে।তবে হ্যাঁ, কাল্পনিক ভাবে যদি ধরে নেন যে চাপাবাজিই হলো করোনার একমাত্র মেডিসিন; সেক্ষেত্রে কিন্তু করোনা মোকাবেলায় আমাদের সরকারই হতো বিশ্বে রোল মডেল।",Negative,Unbiased,292,42
"মাশাল্লাহ,আল্লাহ তায়ালা আপনার জীবনকে বরকতময় করুক৷",Strongly Positive,Unbiased,51,6
ছিড়া বাটা জুতা দিয়ে মুখে মারা দরকার,Strongly Negative,Creepy,35,7
সবার কথাই কিন্তু তোদের মত নাস্তিক দের কে জুতা মারবো,Strongly Negative,Creepy,51,10
কুরআন অবমাননাকারী তোর বিচার হবেই। আমরা জানি কুত্তার বাচ্চা কুত্তাই হয়।,Negative,Bullying,71,11
এইখানে যারা গালাগালি করবে এইগুলা হল আসল জানোয়ার!,Negative,Bullying,48,8
বছরের সেরা বিনোদন,Strongly Positive,Unbiased,17,3
আমার একজন আছে বিউটিফুল মানুষ। সেটা যার তার কমেন্ট বক্সে দিয়ে নষ্ট করতে চাই না।,Negative,Bullying,78,15
একটা স্ত্রী লিঙ্গের ছাগলও আছে,Negative,Bullying,29,5
মানুষ মাত্রই ভুলতাই বলে এমন করতে হবে ভাই আজ যদি সাফা ফাঁসি দিয়া মইরা যায় তোমরা সবাই দায়ি থাকবা,Strongly Negative,Creepy,94,19
ওই কুত্তার বাচ্চার বাড়ি ঘর সত্যিই পুড়িয়ে ফেলা উচিত,Strongly Negative,Creepy,50,9
আই তরে আমি সাফা করে দিমু।।মাগি,Negative,Creepy,30,6
আপনার পাশের মেয়ে টা কে ছিলো মাগি টার সামনে এনে দেন,Negative,Creepy,50,11
"ও পরী তোমার দুধ ঝুইলা গেছে,, দুধ ঢেইকা রাখো,, বিড়াল মুখ দিবে তো",Negative,Creepy,63,13
আবাল চুদা ছেরি...,Negative,Creepy,17,3
মাগী.. নামাজ পড়েনা এক ওয়াক্ত..,Negative,Creepy,30,5
জারজ সন্তানের কাজ,Negative,Creepy,17,3
যখন চুদা খাইলা তারপর বুঝতেছ,Negative,Creepy,27,5
খানকি মাগি ফাসা মাগি সবাই আনফলো করুন!!,Negative,Creepy,38,7
আপু তোমার জ্বালায় রোজা রাখি ইন্সট্রাগ্রামে গ্রামে ডুকতে পারি না..আর আজকে সুশীল গিরি চুদাও,Negative,Creepy,89,14
তোমাদের মতো বাজে মেয়েদেরকে জুতা মারা দরকার,Strongly Negative,Creepy,43,7
অনেক অনেক শুভেচ্ছা রইল। ,Strongly Positive,Unbiased,24,4
পরকাল বিশ্বাস করলে কি আর যা ইচ্ছা তাই করা যায়। এরা হচ্ছে স্বঘোষিত প্রকৃত কাফের (অবিশ্বাসী)। কবরে গেলেই বুঝতে পারবে কি আছে আর কি নেই। এরা মারা গেলে কেন যে জনাযা পড়ায় আর দোয়া করে এটা আমার বোধগম্য হয় না। যেমন মরবে তেমন মমি করে রেখে দেওয়া যেতে পারে বা পরীক্ষাগারে গবেষণার জ্ন্য ফ্রিজআপ করা যেতে পারে।,Negative,Unbiased,296,57
"এদের দেখতে মানুষের মত লাগে, কিন্তু এরা আসলে আগাগোড়া ধার্মিক।",Negative,Unbiased,60,10
"আপনাদের মতো মেয়েদের কারণে বাকীরা খারাপ হয়,আর নাস্তিক ট্যাগ লাগে,, লজ্জা হওয়া উচিত, বেয়াদব মেয়ে,,একজন মুসলমানের কন্যা হয়ে ভরা মজলিশে বলে উঠলেন আপনি পরোকালে বিশ্বাসী না, কেনোনা আপনি তা চোখে দেখেন না, আর যা দেখেন না তা বিশ্বাস করেন না,,লানৎ।",Negative,Unbiased,238,40
আপনি এসব বলছেন আল্লাহর ভয় থেকে না আপনার ক্যারিয়ারের ভয়ে আর  এগুলো আপনি শিখেছেন আপনার পরিবার থেকে আপনার সাষ্তি দেবার মানুষ কেউ না মানুষ হচ্ছে  উছিলা মাত্র এসব আল্লাহর গজব আপনার উপর।,Negative,Unbiased,180,32
সাফাকে অাইনের আওতা আনতে হবে।,Strongly Negative,Creepy,28,5
"শালার টুকাই ,",Strongly Negative,Bullying,13,3
"কেউ ধর্য্য হারা হইয়েন না,উনি আমাদের ধর্য্যের পরিক্ষা নিচ্ছে ",Negative,Bullying,60,9
"প্রধানমন্ত্রীর অক্লান্ত প্রচেষ্টায় আজ বাংলাদেশে হিন্দু-মুসলিম ও অন্যান্য ধর্মাবলম্বীর সম্প্রীতি, সহাবস্থান একটি অপূর্ব নিদর্শন সৃষ্টি করেছে। কোন স্বার্থান্নাসী মহলের হয়ে প্রধানমন্ত্রীর ভাবমূর্তি নষ্ট করাই তার আসল উদ্দেশ্য।",Negative,Bullying,222,27
"প্রধানমন্ত্রীর অক্লান্ত প্রচেষ্টায় আজ বাংলাদেশে হিন্দু-মুসলিম ও অন্যান্য ধর্মাবলম্বীর সম্প্রীতি, সহাবস্থান একটি অপূর্ব নিদর্শন সৃষ্টি করেছে। কোন স্বার্থান্নাসী মহলের হয়ে বাংলাদেশ তথা প্রধানমন্ত্রীর ভাবমূর্তি নষ্ট করাই তার আসল উদ্দেশ্য।",Negative,Bullying,235,29
কমেন্টস  গুলো পড়লেই বুঝা যাই কে আসল হিরো। আর কিছু বললাম না।,Neutral,Unbiased,59,12
"আপনারাই পারবেন সব শ্রেণী পেশার মানুষের জন্য একটি মানবিক ও নৈতিক সরকার ব্যাবস্থা গড়ে তুলতে। এর জন্য অগ্রণী ভূমিকা পালন করতে হবে আপনার মত তরুণ ক্যাপ্টেনদের। পুলিশ, ডাক্তার, শিক্ষক, কৃষক, শ্রমিক সবার জীবনের সঠিক মূল্যায়ন নিশ্চিত করে পুরাতন ঘুনে ধরা ব্যাবস্থাকে সাড়িয়ে তোলার নেতৃত্ব দিতে হবে আপনাদেরই।",Neutral,Unbiased,297,47
অম্মারেমা,Neutral,Unbiased,9,1
তোর আইডিটারে আনফলো কইরা দিছি। আইছিলাম তোর পেজটাকে আনলাইক করতে। কিন্তু কমেন্ট গুলো দেখে আর আনলাইক করতে ইচ্ছা হয় না। একটু জনপ্রিয়তা পেয়েছিস বলে এত ভাব। নাস্তিক। তোর অভিনীত কোন কিছু আর কোনদিন দেখব না। তোর মত নাস্তিকের জায়গা এই বাংলাদেশ না। দূর হো। জারজ,Neutral,Unbiased,249,45
তোমার ভাষ্যে  মতে গতকাল পর্যন্ত তুমি নাস্তিক ছিলা হঠাৎ কি এমন হইলো রাতারাতি নাস্তিক থেকে আস্তিক হয়ে গেলা। জাতি জানতে চায় তোমার এই রহস্য। এ থেকে যদি আরো নাস্তিক আস্তিক হয়ে যায়।,Neutral,Unbiased,175,32
"সাফা কবির আমার মনে আমরা এতো দিন তোমার নাটক দেখে ভুল করেছি,,কিন্তু তুমি একটা নাস্তিক এর পরিচয় দিলে,",Neutral,Unbiased,98,18
ড়ং না করে অসহায়দের সাহায্য করুন ,Neutral,Unbiased,32,6
আমার গ্রামের মানুষ কিছুই পায়নি । নেতাদের দিলে তারা সব খেয়ে নিচ্ছে । সাধারণ মানুষের কাছে যাচ্ছে নাতো ।,Neutral,Unbiased,101,19
আমরাও ত উনার গোপন অংগ দেখিনাই তাইলে কিভাবে বিশ্বাস করব উনি যে মেয়ে? প্লিজ দেখান।।। আর বিশ্বাস করার সুযোগ করে দিন।।লিংক এর অপেক্ষায় রইলাম,Neutral,Creepy,136,24
বিড়াল দুধ খায়।আমিও খেতে চাই।,Neutral,Creepy,30,5
শিশুখাদ্য প্রদর্শনী ,Neutral,Creepy,20,2
পুরাই দেখি এভেঞ্জার্স কালেকশন!,Neutral,Unbiased,30,4
ধানের আটি এত ছোট কেন?বিস্তারিত  লেখালেখি,Neutral,Unbiased,40,6
নগদ নিয়ে যে নিউজ হলো সেটি কি সঠিক স্যার?,Neutral,Unbiased,40,9
ভাই এই ছেলেরে বাচান,Neutral,Unbiased,19,4
"গন সমাগম কমান,করোনা ভাইরাস ছড়ানোর দায়ে বিএনপিকে জরাবে।",Neutral,Unbiased,54,8
ঝড়ে ক্ষতি গ্রস্থ দের দেন খুলনা বিভাগের ।,Neutral,Unbiased,41,8
মাটি ও মানুষের সংগঠন । ,Neutral,Unbiased,23,5
"ওর পোষ্টের ভিতরে আল্লাহর কোনো ভয় পরিলক্ষিত হলো না। মূলত ওর জনপ্রিয়তা টিকিয়ে রাখার জন্নই এমন পোষ্ট। তোমার বাপ ও একটা নাস্তিক,শাহরিয়ার কবির মুরগী চোর।নাস্তিকের ঘরে নাস্তিক এ হবে এটাই বাস্তব।",Neutral,Unbiased,188,31
মুক্তি চাই ।,Neutral,Unbiased,12,3
কমেন্ট পড়তে আসলাম।,Neutral,Unbiased,19,3
আফসোস এই পোস্ট তুমি আল্লাহ্'কে ভয় করে দাওনি!দিয়েছো নিজের জনপ্রিয়তা টিকিয়ে রাখার জন্য! আল্লাহ তোমাকে হেদায়ত দান করুকআমিন,Neutral,Unbiased,119,18
দেশের চিকিৎসা ব্যবস্থার করুন পরিণতি তার মৃত্যুর কারন- এটাত একবারও বললেন না স্যার that is not the same Mash we know,Neutral,Unbiased,114,21
"ভাই ""ইবেন দো"" আর ছাড়লেন নাহ  ",Neutral,Unbiased,29,6
অপেক্ষায় রইলাম!,Neutral,Unbiased,15,2
কি হাসি মন নিলা কারিয়া,Neutral,Unbiased,22,5
"ভাই আপনার অনেক টাকা আছে, আপনি বাংলাদেশের এক নম্বর নায়ক, আপনি গরীবের জন্য কিছু করেন",Neutral,Unbiased,83,15
এর বিচার করা উচিৎ,Strongly Negative,Creepy,17,4
ধিক্কার জানাই এই রকম জঘন্যতম কাজেরে।,Strongly Negative,Creepy,36,6
আর যাকে আমি খেয়ে চুনা দিয়ে দেই,Strongly Negative,Bullying,30,7
আলহামদুলিল্লাহ! আল্লাহ হেদায়েত দেক!,Strongly Positive,Unbiased,35,4
অভিনয় শিল্পী হইছে তো কি হইছে তাদের কথা এই মুসিবতে বাংলার জনগন শুনতে চায় না।,Negative,Unbiased,75,15
এই ফকিন্নিটা অর্থ বিত্তের জন্য নিজের ইজ্জত সম্মান নির্দ্বিধায় বিক্রি করে দিতে পারে ।,Strongly Negative,Bullying,84,14
নেশা,Strongly Negative,Bullying,4,1
তুই পরকাল বিশ্বাস করস না তাহলে বাতাস বিশ্বাস করস বাতাস টা দেখা যায় না তাহলে বাতাস বিশ্বাস করিস কেমনে নাস্তিক।,Negative,Unbiased,110,20
"পরকাল বিশ্বাস করে না .… কিন্তু আল্লাহর কাছে বিচার দেয় .… :-v , এর কারনে আরো ১০ জন নাস্তিক কথা বলার সুজোগ পাবে .. লাত্থি মাইরা এই দেশ থেইকা বের করা হোক … ফালতু",Negative,Unbiased,158,34
নাস্তিক শাহ্ রিয়ার কবিরের কারসাজি এটা। এই জানোয়ার তা মেয়ে কে বলে দিয়েছে এভাবে ক্ষমার নামে নাটক করার জন্য ।শাহরিয়ার কবির বহু ইতর লোক। ও মুসলিম বেশে দেশে পুরোদমে নাস্তিক্কবাদ প্রতিষ্ঠা করে যাচ্ছে ।,Negative,Unbiased,195,34
নাউজুবিল্লাহ। নাস্তিক ছাড়া কেউ এইসব বলতে পারে না।,Negative,Unbiased,49,8
উচ্চাশা,Negative,Bullying,7,1
জুতা মেরে গরু দানবাহ মাগি বাহ,Strongly Negative,Creepy,29,6
অনেক ভালো লাগছে,Strongly Positive,Unbiased,15,3
চুলটা বেধে রাখলে আরও সুন্দর লাগত।।,Positive,Unbiased,34,6
মোস্তাফিজুর রহমান ওয়াও নাইছ,Positive,Unbiased,27,4
স্যার আমি আপনার দীর্ঘায়ু কামনা করি,Positive,Unbiased,35,6
শর্টফিল্মের নামটা পছন্দ হইছে... ,Positive,Unbiased,32,4
"ভালো লাগছে, বাংলা সিনেমার কিছু দৃশ্য বাস্তব হলো। দোয়া রইল",Positive,Unbiased,58,10
কখনো কি আয়নাতে মুখ দেখনাতুমি কত সুন্দর সে কি জাননা. ????,Positive,Unbiased,56,11
সুপার জুটি,Positive,Unbiased,10,2
"আমি জালিমকে সুযোগ দিই তাদের পাপকে পাকাপোক্ত করার জন্য। অতঃপর তাদের জন্য রয়েছে কঠিন অপমানকর শাস্তি।""(সূরা আল ইমরান: ১৭৮)আল্লাহ তায়ালা আপনাকে হেদায়াত দান করুক, আমিন আমিন আমিন",Positive,Unbiased,172,27
আকাশের পরি....,Positive,Unbiased,14,2
জয় বঙ্গবন্ধু!,Positive,Unbiased,13,2
আমরা সবাই এই নাস্তিকে unfollow করি।,Positive,Unbiased,35,6
মীর শওকত আলী রাইট,Positive,Unbiased,17,4
সাফা তোমার এখনো সময় আছে তওবা পড়ো।আল্লাহ ক্ষমাশীল,Positive,Unbiased,48,8
"আমার সন্তানেরা শান্ত হও ৷ আমি তোমাদের বাবা বলছি ৷ নাস্তিকরা হয়তো এটা বিশ্বাস করবে না আমি তোমাদের জন্মদাতা বাবা, ওদেরত পরকাল নাই কিন্তু তোমরাতো করো ৷ শান্ত হও",Positive,Unbiased,157,29
রিপন ভাডিও এর চেয়ে ভালো লিরিক্স লিখে আর গান করে।,Positive,Unbiased,48,10
সমস্ত নেতা কর্মীদের বিপ্লবী সালামও শ্রদ্ধা,Positive,Unbiased,42,6
জনোগন কে রাস্তায় নামতে হবে খালেদা জিয়া মুক্তি,Neutral,Unbiased,46,8
অপেক্ষায় থাকলাম,Neutral,Unbiased,15,2
"ভাই, একটা প্রাইভেট জেট কিনে ফেলেন। আমাদের দেশে একজন প্রাইভেট জেট ওয়ালা স্টার থাকবে না, তা কি হয়???",Neutral,Unbiased,98,18
এদের মত....এর মতামত ও আবার প্রথম আলোর মতন পত্রিকায় প্রকাশ হয় #Shame,Neutral,Unbiased,69,12
আমি আপনাদের ফেসবুক এবং টুইটার পেজ এ চেষ্টা করছিলাম কিছুদিন ধরে কানেক্ট হতে।টুইটার পেজ এনুতুন পোষ্ট দেখিনি। আপনাকে স্বুস্থ স্বাভাবিক দেখে অনেক ভাল লাগছে।সবসময় আপনার স্বুস্থ সুন্দর জীবন এবং আপনার দলের সফল ভবিষ্যত কামনা করি।ভাল থাকুন সবসময় কেমন।,Neutral,Unbiased,242,38
বাবা যেমন মেয়ে সেই রকমই হবে,Neutral,Unbiased,27,6
বাং‌রেজী বল‌লে দু‌র্যোগ কম‌বে না বাড়‌বে,Neutral,Unbiased,40,6
ইফতারের পর কমেন্ট করবো ....!! ,Neutral,Unbiased,30,5
লোক লজ্জার ভয়ে কিছু বলতে পারিনা। মিথিলাকে আমার অনেক ভালো লাগে,Neutral,Unbiased,61,11
সুন্দর হয়ছে,Strongly Positive,Unbiased,11,2
আল্লাহ আপনাকে হেদায়েত দান করুন ।,Strongly Positive,Unbiased,32,6
বাহ অনেক সুন্দর কমেন্ড হচ্ছে। গালি বিষয়ে কেউ পিএইচডি করতে চাইলে কমেন্ড পড়ে কিছু নোট করে নিতে পারেন। ☺,Strongly Positive,Unbiased,101,19
জায়েদ নামে বাংলাদেশে নায়ক আছে আজকে জানলাম। জায়েদ তোমার হিরো আলম কে ধন্যবাদ দেওয়া উচিত।,Negative,Unbiased,86,15
সরকার অজানা কারনে প্রিয়া সাহার বিরুদ্ধে ব্যবস্থা নিচ্ছে না। এজন্য জনগণের উচিত হবে যেকোন পাবলিক প্লেসে দেখামাত্র প্রিয়াসাহাকে জুতাপেটা করতে থাকা। এ কর্মসূচি অনির্দিষ্টকালের ...,Strongly Negative,Creepy,175,25
তুই একটা নাস্তিক মেয়ে এই বাংলাদেশে তোর কোনো থাকার দরকার নাই তুই একটা পতিতা তুই একটি ইসলাম রাষ্টকে হিন্দু রাষ্ট হিসাবে পরিনত করতে চাস তাই তোরে জুতামারা দরকার,Strongly Negative,Creepy,156,28
ওদেরকে ব্যান করা দরকার হারামজাদারা,Strongly Negative,Creepy,34,5
হাগু দিয়ে ?,Strongly Negative,Bullying,11,3
এখন টয়লেটে কখন যাবে সেটাও নিউস করেন ,Strongly Negative,Bullying,36,7
"কথা হল 37 মিলিয়ন (3কোটি 70লাখ) মানুষ নিখোঁজ (ডিসএপিয়ার) আর আমরা কিছুই জানি না!!! সেই হিসেবে তো বাংলাদেশে আর অন্য কোন ধর্মের মানুষ খুঁজে পাওয়ার কথা নয় !!! কিন্তু আমার জানা মতে কোন বন্ধু বান্ধব ও পাড়া প্রতিবেশী তো এখনো নিখোঁজ হয়নি, তো প্রিয়া সাহার মতলব কি???সে একজন #রাষ্ট্রদ্রোহী!!!",Negative,Bullying,281,49
মুরগি চোরের বংশধরদের এ দেশ থেকে বিতাড়িত করা দরকার,Negative,Bullying,50,9
বাহ সুন্দর মাই ডিয়ার তাসনিম নিশু আপনি সঠিক কথা বলেছেন অসংখ্য ধন্যবাদ আপনাকে আপনি আমার মনের কথা বলেছেন তাই আমি আর বেশি কিছু লিখলাম না।,Strongly Positive,Unbiased,134,25
আলহামদুলিল্লাহ আপোষহীন নেত্রী!! আল্লাহ্ উনাকে নেক হায়াত দান করুন!! আমিন,Strongly Positive,Unbiased,71,10
"তুই তোহ কোনদিন তুর পুটকির ছিদ্র দেখস নাই,তাইলে কি বিশ্বাস করবি  যে তুর পুটকির ছিদ্র নাই",Negative,Creepy,87,16
হিমালয় সীমান্ত ami na hoy dhuklam.acca ko tui ki koros.ar islam e ace je kew islam k niye kotu-ukti korle tar protibad kora...,Negative,Creepy,127,23
হিমালয় সীমান্ত ha.ta tikh.tobe take to kew odhikar de nai.,Negative,Creepy,59,10
হিমালয় সীমান্ত Her f****g life ang....... rules.,Negative,Creepy,49,7
হিমালয় সীমান্ত kotukti na shorashuri live a eshe jodi kew bole ami porokale believe korina abar ja dekhi na ta bisshash kori na.ata muslim der ke khota dewa na???r er theke boro kotukti ki hoite pare bol.vivek die vab,Negative,Creepy,218,39
খানকি মাগি তোরে কুত্তা দিয়ে চুদামু তুর শাউয়ায় গন্ধ তোরেতো কুত্তায়ও চুদবো না খানকি মাগি‍,Negative,Creepy,87,15
কুত্তা দিয়ে চুদামু তোরে ‍খানকি মাগি✅,Negative,Creepy,36,6
"তোর মত মাগির দুনিয়ায় কোনো জায়গা নাই , তুই মনে হয় বেম্জা মাগি",Negative,Creepy,60,13
খানকিমাগী কয় কি,Negative,Creepy,16,3
একটু ব্রা না দেখাইলে কি স্টাইলিশ হওয়া যায়না?  ,Negative,Creepy,46,8
ঈদ গেলো তবু্ও নেই ন্যাংটা মার্কা ছবি বদলাইলায় না..আর মানবিক চোদাও,Negative,Creepy,65,11
মোবারকবাদ!,Positive,Unbiased,10,1
আপনি এখনো স্বীকার করলেন না যে ভুল করেছেন... আর ফেজবুকের জন্য মহান আল্লাহর কাছে বিচার দিলেন? আল্লাহ আপনাকে হেদায়েত করুন। আমিন।,Positive,Creepy,125,21
"চোখ গুলো দেখতে পেলাম না,,তাই ছবির সুন্দর্য্যটাও বুঝতে পারলাম না।",Neutral,Unbiased,64,10
ভাই সমানে একটা টিভি লাগাইয়া নেন,Neutral,Unbiased,31,6
গত রমজানে তো আল্লাহ মেহেরবান গানে দেহ দর্শন করিয়েছিলে এবার আবার কি ভ্যক ধরছে!,Neutral,Unbiased,77,14
তথ্য প্রযুক্তির আইনের মামলা খাইলে বুঝবা বাবারা ঠ্যালা কারে বলে।ওলোট পালোট কমেন্ট থেকে বিরত থাকুন।কখন কার ভাগ্যে ঠ্যালা এসে পরবে ঠিক ঠিকানা নাই।,Neutral,Unbiased,143,23
সহমত।,Neutral,Unbiased,5,1
বাকি,Neutral,Unbiased,4,1
ধন্যবাদ,Strongly Positive,Joyful,7,1
সহমত পোষণ করছি।ভালকে ভাল কালোকে কালো বলাই বিবেক সম্পন্ন মানুষের কর্তব্য বলে মনে করি।যারা এর সমালোচনা করেন সেটা কতটুকু বিবেক প্রসুত ভেবে দেখবেন।,Strongly Positive,Joyful,143,23
ইমরান এইচ সরকার এর ঊন্নতি হইছে দেখতাছি।যাক দেরিতে হলেও বোধোদয় হইছে ।সরকারের দালালি থেকে সরে এসে হক কথা বলার জন্য থেংকু।,Strongly Positive,Joyful,120,21
সরাসরি ঘোষনা দেন আপনার ধর্ম ইসলাম। শাহবাগের নাস্তিকদের রাখা ভুল ছিল। তাহলে আমরা আপনার পাশে থাকি আর না থাকি আল্লাহ আপনার পাশে আছেন।,Strongly Positive,Joyful,130,23
একদম রাইট কথা ভাই,Strongly Positive,Joyful,17,4
সাধুববাদ জানাই আপনার নিরপেক্ষ প্রতিবাদি স্বত্বাকে।অন্যায়ের প্রতিবাদ কিভাবে করতে হয় তা আমরা আপনাকে দিয়েই শিখতে চাই।শিখেও আসছি।সতর্কতার সাথে এগিয়ে যান।,Strongly Positive,Joyful,149,20
"তিনি অপরাধি কিনা জানিনা তবে ওনাকে যে অপরাধে গ্রেফতার দেখানো হয়েছে আমার মনে তা আপনিও অবগত আছেন,ধন্যবাদ ভাল থাকবেন।",Strongly Positive,Joyful,113,19
"জীবনের প্রথম আপনের একটা স্টাটাসে লাইক কমেন্টস করলাম ধন্যবাদ সবার কাছে গ্রহণ যৌগ্য লেখার জন্য ,",Strongly Positive,Joyful,94,16
"আপনার এই একটা মন্তব্যই আমার ভালো লেগেছে,তাই মনে হচ্ছে সরকারের আগে আপনারই শুভ বুদ্ধির উদয় হয়েছে আগে|ধন্যবাদ আপনাকে|",Strongly Positive,Joyful,114,18
না ভাই! বেশী দেয়ার চেষ্টা করিনি। বরং সত্যটাই দিলাম। Thanks.,Strongly Positive,Joyful,59,10
ভাইয়া আমিও আপনার সাথে একমত।যে কোনো ভালো কাজে হব না পিছুপা।সত্যে জন্য লরব আমরা একসাথে।,Strongly Positive,Joyful,85,15
"উনি যুদ্ধাপরাধী নন, তাই তাঁকে বয়স বিবেচনায় অনতিবিলমে মুক্তি দিন । নুরুল ইসলাম, মুক্তিযোদধা ।",Strongly Positive,Joyful,92,15
"একজন মানুষ কিভাবে বলতে পারে, দেশে এতো খুন ধর্ষন হচ্ছে। অপরাধ করছে। তার মানে আগে ওইগুলা ধরেন পরে আমাদের।। লজ্জা করা উচিত মানুষের এসব নোংরা কথার। প্রথমেই সরকারের দোষ ধরেন। সবাই অপরাধ কে প্রতিবাদ দেশটাতো সকলের। অন্যায়ের বিরদ্ধে রুখে দারান দর্সক হিসাবে ভির না করে",Strongly Positive,Joyful,259,45
যাই হোক আগে আপনার পক্ষেই ছিলাম যেখানে আপনি অপরাধের বিরুদ্ধে কথা বলছেন। কিন্তু সেখানে আজ আপনি সহানুভূতিশীলতা দেখাচ্ছেন। ক্রাশ খাইলাম।,Strongly Positive,Joyful,132,20
জনাব শফিক সাহেব একজন সাংবাদিক তার চাইতে বড় কথা সে একজন ভাল উপাসতাপকও লাল গোলাপ এর,Strongly Positive,Joyful,81,16
😰😰😰😰😰😰😰 আমাদের সমাজ এখন কোথায়??? বাংলাদেশে বসে উনি নাকি যুক্তরাষ্ট্রে আশ্রিত একজনকে হত্যা চেষ্টা করেছেন।😃😃😃😃😃😃,Strongly Positive,Joyful,110,15
বলা বা আন্দলন করা (ইমরান বা সাধারণ জনগনের) কাজ।বাস্তবায়ন করা সরকারের কাজ।,Strongly Positive,Joyful,73,12
"সত্যি কথা বলেছেন তবে কথা গুলোকে বাস্তবে রুপান্তরিত করলে দেশ, জাতি আপনার উপর বিশ্বাসী হবে।",Strongly Positive,Joyful,89,15
ভাই আপনার এই মনতোব টা মনে হয় মামলা রায়ের পরে যদি ও নি মামলায় খালাস পায় তা হলে বলা জেত আর আইন সবার জন্য সমান অদিকার আছে থাক বে,Strongly Positive,Joyful,125,29
আমি প্রত্যাশা করি সরকারের শুভবুদ্ধির উদয় হবে এবং প্রতিপক্ষকে দমনের চেয়ে দেশের সামগ্রিক আইনশৃঙ্খলা পরিস্থিতির উন্নয়নের দিকে মনোযোগী হবে।,Strongly Positive,Joyful,138,19
আপনারাতো সোহাগীর জন্য রাস্তার মধ্যে দাড়িয়ে প্রতিবাদ করলেন। এবার দেখি এই সৎ সাংবাদিক এর জন্য কি করেন। তাহলে সবাই বুঝবে আপনার সংগঠন ন্যায়ের জন্য প্রতিবাদ করে।,Strongly Positive,Joyful,156,26
"রাজহাঁস আর মুরগী ছাড়া বাংলাদেশে একদিন সবাই আওয়ামীলিগ করবে,, ____ শামীম",Strongly Positive,Joyful,70,11
হা হা হা.......!!দেশের এ অবস্থা দেখে আমার বড্ড হাসি পাচ্ছে।......আ..আ..আ......!!কি LOL,Strongly Positive,Joyful,86,11
প্রত্যাশা করি সরকারের শুভবুদ্ধির উদয় হবে এবং প্রতিপক্ষকে দমনের চেয়ে দেশের সামগ্রিক আইনশৃঙ্খলা পরিস্থিতির উন্নয়নের দিকে মনোযোগী হবে,Strongly Positive,Joyful,130,18
"ভাল খারাপ যাচাই করতে পারব না, কিন্তু টক-শো অনুষ্ঠানগুলোর মধ্যে ""লাল গোলাপ"" টকশো অনুষ্ঠানটা আমার খুব প্রিয়।",Strongly Positive,Joyful,106,17
"বিচারের মাধ্যেমে ফয়সালা হবে, তবে বয়সের ব্যাপারটা অামলে নেওয়ার দরকার ছিল, আল্লাহ পাক ন্যায় বিচার কারীকে ভাল বাসেন,",Strongly Positive,Joyful,113,18
"জনাব ডাঃ সাহেব অনেক দেরীতে,হলে আপনার বাস্তব টা উপ্লব্দী,করতে পেরেচেন! আপনাকে অবেক ধন্যবাদ,",Strongly Positive,Joyful,90,13
ভাই আপনাকে ধন্যবাদ এ ধরনের একটি পোস্ট দেয়ার জন্য। ভবিষ্যতে আপনি বাংলাদেশের এসব অপরাজনীতির বিরুদ্ধে আরও সোচ্চার হবেন বলে আশা করি।,Strongly Positive,Joyful,128,21
এইচএম ইমরানের সাথে আমিও একমত তবে সব সময় এরকম সত্যের পথে থাকলে আপনার প্রতি মানুষেরর শ্রদ্বা বাড়বে,Strongly Positive,Joyful,96,17
আমি আপনার সংগঠণের গণসাক্ষরে অংগ্রহণ করেছিলাম।আমি মনে প্রাণে চাই আপনি রাজনীতি করুন আমি আপনার কর্মী হবু।জয় বাংলার কর্মী হবু।,Strongly Positive,Joyful,122,19
গুদামে সম্ভবত মালপানি শর্ট পড়ছে তাই হয়তো ইমরান এইচ সরকার এরকম শুরু করছে!!!,Strongly Positive,Joyful,74,13
"দেশে যাই করেন সবই ঠিক আছে, শুধুমাত্র সমর্থনটা আওয়ামীলীগে থাকলেই হলো। জয় বাংলা",Strongly Positive,Joyful,79,13
"ইদানীং আপনাকে ভালো লাগতে শুরু করেছে মন,কিন্তু আপনার আদর্স টা আপনার সহিত জানার বড় ইচ্ছা😊. যদি সুযোগ হয় দেখা করার, কথা বলার,আমি আসব।",Strongly Positive,Joyful,130,23
বাহ!!! কি মজা!!! বাংলাদেশের একমাত্র ব্লু বয় এখন রাজনৈতিক সেলিব্রেটি হয়েছে।,Strongly Positive,Joyful,76,11
Dr. Imran H Sarker এভাবে কথা বলছে! এটা কি শুভ বুদ্ধির উদয় না নতুন ধান্ধা? শুভ বুদ্ধির উদয় হোক।,Strongly Positive,Joyful,94,19
''আমি প্রত্যাশা করি সরকারের শুভবুদ্ধির উদয় হবে এবং প্রতিপক্ষকে দমনের চেয়ে দেশের সামগ্রিক আইনশৃঙ্খলা পরিস্থিতির উন্নয়নের দিকে মনোযোগী হবে। '',Strongly Positive,Joyful,140,20
"হাসিনা জিন্দাবাদ, ভাই আপনে কোন জেলা...",Strongly Positive,Joyful,38,6
"জেল খানায় গোলাপের চাস কর, আগামী ভালোবাসা দিবসে খালেদাকে গিফট করার জন্য।",Strongly Positive,Joyful,71,12
বন্ধু তা অবশ্য একদম ঠিক বলছিস👌👌,Strongly Positive,Joyful,31,6
রাইট,Strongly Positive,Joyful,4,1
উপরে জবাব দিয়েছি।,Strongly Positive,Joyful,17,3
"হুম, তাই দেখলাম ৷ আমিও আরেকটা কমান্টস করেছি ভাউ , একটু দেখেন তো ?",Strongly Positive,Joyful,65,14
তুমি যত বেশি সততার সাথে কথা বলবে তত বেশী সম্মানিত হবে। ___হযরত আলী (রাঃ),Strongly Positive,Joyful,72,14
এত দিন পর একটা পোষ্ট দেখে অনেক ভাল লাগজতেছে।,Strongly Positive,Joyful,44,9
গণজাগরন মন্চকে পছন্দ না করলেও আপনার এই উক্তিটিকে বেশ পছন্দ হয়েছে ।,Strongly Positive,Joyful,66,12
এই প্রথম আপনার সাথে একমএ আমি!,Strongly Positive,Joyful,29,6
ভাই আগে যারা আপনার কথা/লেখা লাইক করতোনা এখন তারা আপনারে উন করে...,Strongly Positive,Joyful,65,12
আজই প্রথম মনে হচ্ছে আপনি কোন দলের নন। আপনি সত্যের পক্ষে।,Strongly Positive,Joyful,56,11
ইমরান ভাই আপনি কি রাজনীতি বিরোধী দল হয়ার চেষ্টা করছেন ? অপোরাধি যেই হবে তাকেই শাস্তি পেতে হবে ।,Strongly Positive,Joyful,95,19
সব ঠিক আছে তাই বলে একজন দালাল এর পক্ষে নিতে হবে ?,Strongly Positive,Joyful,49,12
ভাগীনা ইমরান মাজে মাজে কি তুমি ফুটিকা জুস খাও? জাতি জানতে চায়,Strongly Positive,Joyful,61,12
অাপনাকে ঘৃণা করতাম কিন্তু অাজকে দেখলাম অাপনি ন্যায় কথা ও বলেন,Strongly Positive,Joyful,61,11
জীবনের প্রথম ইররান সরকারের লেখায় লাইক দিলাম সত্য কথা বলার জন্য,Strongly Positive,Joyful,62,11
শেষের লাইন গুলির সাথে আমি একমত এই কারনে যে এরা কাওকে কোন আপহরন করার চেষ্টা করেনি,Strongly Positive,Joyful,80,16
"এই প্রথম একটা ভালো পোস্ট দিলেন। অাল্লাহ হেদায়াত দান করুক,অামিন",Strongly Positive,Joyful,62,10
নারায়ন গঞ্জের ৭খুনের আসামী কে রিমান্ড এ নেয় নাই আর এই বুডা কে ৫দিনের রিমান্ড হা হা হা,Strongly Positive,Joyful,85,18
তাতে আমি একমত প্রকাশ করছি♥♥,Strongly Positive,Joyful,27,5
ওনার টক শো লাল গোলাপ আমার খুবেই ভালো লাগে,Strongly Positive,Joyful,44,9
"হাসাইলেন মিয়া , আপনে যে কত তামাশা করবেন তা কে জানে ?",Strongly Positive,Joyful,53,12
সঠিক সময় উচিত কথা বলার জন্য ধন্যবাদ,Strongly Positive,Joyful,35,7
দীর্ঘ দিন পর আপনার শুভ বদ্ধি উদয় হয়েছে। ভাল কিছু লেখতে শুরু করেছেন।,Strongly Positive,Joyful,67,13
"আমি একমত, আপনার সাথে",Strongly Positive,Joyful,20,4
তুমি ভাল কাজে আমার সাপোর্ট পাবে। তবে খারাপ কাজে আমাকে পাবে না।। Thanks,Strongly Positive,Joyful,70,13
ইমরান ভাই আপনি যতদিন বেচে থাকবেন অন্যায়ের প্রতিবাদ করবেন,Strongly Positive,Joyful,56,9
"এতদিন মতের সাথে মতে মিল হল। ধন্যবাদ এমরান,,,,",Strongly Positive,Joyful,45,8
হ্যঁ আপনার কথা এবং যু‌ক্তির সা‌থে একমত।,Strongly Positive,Joyful,39,7
"আমি তীব্র নিন্দা জানাচ্ছি না, আমি স্যার কে স্যালুট জানাচ্ছি!!!!!!!!!!",Strongly Positive,Joyful,69,10
ভাই এই মূহুর্তে কি গনজাগরনের প্রয়োজন নেই। ওইটা শুধু জামাত শিবিরের বেলায় হা হা হা হা।,Strongly Positive,Joyful,84,16
জার। মানে (সফিক রেহমান) এক পা কবরে সে নাকি জয় কে........... হাহাহাহা,Strongly Positive,Joyful,68,12
ইমরান ভাই কারো বয়স নিয়ে কথা নয় ।অপরাধ 30/100 একই অপরাধ বিচার চাই সব অপরাধ এর বিচার চাঁই,Strongly Positive,Joyful,89,18
ভ্রাতা এই প্রথম আপনার পোস্টে সর্বসম্মতিক্রমে লাইক দিলুম!!!,Strongly Positive,Joyful,58,8
বাহ্ কি পোরা পুলেরে।কেরে!!!!!!!,Strongly Positive,Joyful,31,4
ইমরান ভাই আপনার কথায় আমি একমত....,Strongly Positive,Joyful,33,6
এত দিনে আপনার কিছু ভাল পোষ্ট দেখছি,Strongly Positive,Joyful,34,7
জীবনের প্রথম বার তোমাকে সালাম জানাতে ইচ্ছা হচ্ছে ভাই,Strongly Positive,Joyful,52,9
অপরাধী কে গ্রেপ্তার করা ভাল কাজ।।,Strongly Positive,Joyful,33,6
আমার প্রিয় ব্যাক্তি উনি আমি নিন্দা জানাই এবং আমি প্রতিবাত জানাই উনার মুক্তি চাই,Strongly Positive,Joyful,79,14
"দাদা এত দিন পর মনে হয় শুভ বুদ্ধি হল আপনার,, জাক ভাল লাগ্ল কথা গুল,,,",Strongly Positive,Joyful,68,15
"ওনি মানুষ হিসাবে আমার পছন্দ, কিন্তুু রাণীর নিতি খুব শক্ত।",Strongly Positive,Joyful,57,10
অসম্বভ ভালবাসি এই ২জন মানুষকে ♥♥♥ এত বড় মানুষের জায়গা কি জেল খানায় হবে??????,Strongly Positive,Joyful,76,14
উচিত কথা বললেই BNP-জামায়াত!,Strongly Positive,Joyful,27,4
এই প্রথম ইমরানের পোস্টে লাইক কমেন্টস সহ ধন্যবাদ দিলাম..,Strongly Positive,Joyful,55,9
সমালোচনার জন্য ধন্যবাদ। সমালোচনা তারেই সাজে যে ভালবাসতে জানে,Strongly Positive,Joyful,60,9
আপনার এই লেখাটা আমার খুব ভাল লাগলো। Thanks,Strongly Positive,Joyful,42,8
সহমত পোষণ করছি। আর এ নোংরামির নিন্দা ও প্রতিবাদ জানাচ্ছি।,Strongly Positive,Joyful,57,10
ভাই দেখেন এই উছিলায় আস্তিক হতে পারেন কি না..,Strongly Positive,Joyful,44,9
আপনার সাহস দেখে সত্যিই মুগ্ধ হলাম,Strongly Positive,Joyful,33,6
বহুত বছর পর আপনার ব্রেইনের কথা সুনলাম,Strongly Positive,Joyful,37,7
আমি তার শো এর একজন নিয়মিত দর্শক হিসাবে বলতে পারি এটি অনৈতিক,Strongly Positive,Joyful,59,12
খুব ভালো লাগলো সুন্দর একটা লেখা দেখে ।,Strongly Positive,Joyful,38,8
এতদিন পর কিছু যুক্তিগত লেখা পেলাম। ধন্যবাদ ইমরান ভাই,Strongly Positive,Joyful,52,9
আপনাদের ও সরকারের শ্তভ বুদ্ধির উদয় হউক এই কামনা রইল,Strongly Positive,Joyful,52,10
ভাইয়া আপনার সাথে একমত।,Strongly Positive,Joyful,22,4
আরো আগে এলনা বড় ভাল হত,Strongly Positive,Joyful,22,6
চল সবাই মিলে শাহবাগে গিয়ে আন্দোলন শুরু করি,Strongly Positive,Joyful,42,8
অনেক দিন পর আপনার সাথে একমত হলাম ভাই। #ইমরান,Strongly Positive,Joyful,44,9
ইমরান সাহেব ভাল লাগল তাই লাইক দিলাম ॥,Strongly Positive,Joyful,37,8
শফিক রেহমান অপরাধী এজন্য তাকে গ্রেফতার করা হয়েছে।,Strongly Positive,Joyful,49,8
এবার আমি আপনার সাথে একমত...,Strongly Positive,Joyful,27,5
আপনার কি এতদিন পর শুভ বুদ্ধির উদয় হল?,Strongly Positive,Joyful,37,8
লাল গোলাপ আমার প্রিয় অনুষ্ঠান।,Strongly Positive,Joyful,31,5
আপনার সাথে আমি এক মত,Strongly Positive,Joyful,20,5
সরকারকে ধন্যবাদ এরকম কিছু করার জন্য,Strongly Positive,Joyful,35,6
আমিও আপনার সাথে একমত বস।,Strongly Positive,Joyful,24,5
ইমরান অনেক দিন পরে ভালো একটা কথা বলছিস,Strongly Positive,Joyful,38,8
এদের কে দমন করতে পারলে দেশের খূন খারাবি দনদো হবে।,Strongly Positive,Joyful,49,10
ভাই আপনাকে অনেক ধন্যবাদ।,Strongly Positive,Joyful,24,4
আমি আপনার সাতে এক মত।,Strongly Positive,Joyful,21,5
শফিক ভাই আপনার ভয় নাই.................,Strongly Positive,Joyful,38,5
আমি ও একমত পোষণ করছি।,Strongly Positive,Joyful,21,5
তাহলে কি লাল গোলাপ বন্ধ হয়ে গিয়েছে আমি অনেক খুশি,Strongly Positive,Joyful,50,10
"ভাল, খারাফ সরকার বুজে ।",Strongly Positive,Joyful,23,5
এ রকম 2/1 টা ভাল কথা মাঝে মাঝে লিখবেন!!,Strongly Positive,Joyful,39,9
সার। আমি আপনাকে অনেক ভালোবাসি,Strongly Positive,Joyful,29,5
ভাল লাগলো ইমরান সাহেব।,Strongly Positive,Joyful,22,4
আপনার এই প্রতিবাদ আমার ভাল লাগল,Strongly Positive,Joyful,31,6
অন্যায়কারী সে যেই হউক শাস্তি পাওয়ার যোগ্যতা তার আছে।,Strongly Positive,Joyful,52,9
এই প্রথম আপনার একটা স্ট্যাটাস আমার ভালো লাগছে । বায়বীয় অবিযোগ,Strongly Positive,Joyful,61,11
খুবই ঝকঝকা কথা। একমত না হয়ে উপায় নেই। আপনাকে ধন্যবাদ।,Strongly Positive,Joyful,53,10
"ঠিক বলেছেন ইমরান ভাই,ইমরান ভাই এগিয়ে চল,আমরা আছি তোমার পিছে।জয় বাংলা।",Strongly Positive,Joyful,69,11
ইমরান ভাইকে ধন্যবাদ দেয়া ছাড়া আমার কোন কমেন্ট নাই।,Strongly Positive,Joyful,50,9
উচিৎ কথা বলার জন্য ধন্যাবাদ,Strongly Positive,Joyful,27,5
যা বলছেন তা আমার মনেহয় সত্যি,Strongly Positive,Joyful,28,6
আপনার মতের সাথে আমিও একমত ভাই।,Strongly Positive,Joyful,30,6
জীবনের প্রথম ভাল একটা পোষ্ট সবাই কে উপহার দিলেন ভাই thanks very,Strongly Positive,Joyful,63,12
একমত পোষন করছি ইমরান ভাই।,Strongly Positive,Joyful,25,5
"ইমরান সরকার মিথ্যাবাদী, ক্ষমা চাইতে হবে : জয় হাঁ হাঁ হাঁ",Strongly Positive,Joyful,56,11
সরকারের না হলেও অাপনার দেখছি শূভ বুদ্ধির উদয় হয়েছে।good,Strongly Positive,Joyful,55,9
যারা প্রকৃত দোষী তাদের শাস্তি হোক।,Strongly Positive,Joyful,34,6
ধন্যবাদ সুন্দর একটি কথার জন্য।,Strongly Positive,Joyful,30,5
আপনার এমন বিরল সহমত পোষণ করার জন্য আপনাকে ধন্যবাদ।,Strongly Positive,Joyful,50,9
"ধন্যাবাদ ইমরান ভাই আপনাকে,,, এইভাবে চালিয়ে যান",Strongly Positive,Joyful,46,7
এমরান এইছ সরকার সাহসী স্ট্যাটাস দেওয়ার জন্য অাপনাকে ধন্যবাদ,Strongly Positive,Joyful,59,9
চোখটা যদি ধীরে ধীরে ঠিক হয় আরকি।,Strongly Positive,Joyful,32,7
হাহাহা লোল সরকার তো তোর দল।,Strongly Positive,Joyful,27,6
ইমরান ভাইয়ের শুভ বুদ্বির উদয় হয়েছে!,Strongly Positive,Joyful,35,6
সহমত পোষন করছি .সরকারের বোধোদয় হওয়া উচিত .,Strongly Positive,Joyful,42,8
"তুই ও, কি একটু গাজা আর মাগীর নেশায় গান্জুইট্টা র চামচামি করিস? হা হা হা",Strongly Positive,Joyful,71,15
আজ আপনাকে অবশ্যই ধন্যবাদ।,Strongly Positive,Joyful,25,4
"নৈতিক মনোভাবের জন্য আপননাকে ধন্যবাদ,,,,,,",Strongly Positive,Joyful,41,5
তারেক রহমানের ফোন পাইয়া ইমরান বেপখ উজ্জবিত !!,Strongly Positive,Joyful,45,8
হাহাহাহাহা।ভাই এবার কিন্ত আপনাকে ও ছাড় দেওয়া হবে না!!! শুধু নিরবে নিরবে হাসতে ইচ্ছা করে(একা একা),Strongly Positive,Joyful,96,16
"এতো দিনে একটা মনের কথা বলছেন,যদি ও সব সময় বলেন, তবে আজকের কথা টা আমার এতো ভালো লাগছে আমি আপনাকে লেখে বুজাতে পারবোনা,ধন্যবাদ ভাই আপনার মতো করে সবাই যদি বলতো তা হলে দেশ টার এই অবস্তা হতো না হয়তো,দেশ টা কোণ দিগে যাচ্ছে উপর ওয়ালা যানে,",Strongly Positive,Joyful,231,46
"আগেই বলেছিলাম, ডা. ইমরান এইচ সরকার এদেশের মঙ্গলকামী। আজকের এই ষ্ট্যাটাস আমার সেই কথাকে প্রমান করে দিলো।",Strongly Positive,Joyful,103,17
"*.. বাঙ্গালীর ইতিহাস ছাত্রলীগের ইতিহাস, ছাত্রলীগের ইতিহাস বাঙ্গালীর ইতিহাস।। .........বঙ্গবন্ধু শেখ মুজিবর রহমান ..........জয় বাংলা....জয় বঙ্গবন্ধু.................",Strongly Positive,Joyful,164,16
"আওয়ামিলীগ দিয়ে যে দেশের ভাল কিছু হয় না, পুরুপুরি ক্লিয়ার হতে আপনার আরো কিছুদিন সময় লাগবে...ধন্যবাদ।",Strongly Positive,Joyful,99,16
রাইট ভাই,Strongly Positive,Joyful,8,2
এ‌তো দিন পর এমন একটা বিষ‌য়ে কথা বলার জন্য ধন্যবাদ। আপনারা এ‌গি‌য়ে আস‌লে প্রকৃত সত্য বে‌ড়ি‌য়ে আস‌বে।,Strongly Positive,Joyful,100,17
এইবার কোনদিকে যাইবা,Strongly Positive,Joyful,19,3
"অপরাদি যে হোক, যে কোন বয়সের হোক না কেন, বিচারের মুখা মুখি হতে হবে,,,",Strongly Positive,Joyful,68,14
সাহসী পোস্ট।,Strongly Positive,Joyful,12,2
ধন্যবাদ।,Strongly Positive,Joyful,8,1
সহমত পোষন করছি।,Strongly Positive,Joyful,15,3
স্বাগতম জানাচ্ছি,Strongly Positive,Joyful,16,2
বিনোদন শুধই বিনোদন,Strongly Positive,Joyful,18,3
অবিলম্বে মুক্তি হোক।।,Strongly Positive,Joyful,21,3
খাটি বাণী,Strongly Positive,Joyful,9,2
হা হা হা ! চলিতেছে সার্কাস !!!,Strongly Positive,Joyful,30,7
"Noyon,নিলসালু,রনি সহ ফেচবুকের সব বিখ্যাত লেখকের লেখা পড়ুন নিচের লিংকে https://mobile.facebook.com/Nobo-alo-1698026070471556/",Strongly Positive,Joyful,124,11
বয়স বিবেচনা না করে দোষ গুন বিচার করাই শ্রেয়।,Strongly Positive,Joyful,44,9
সহমত প্রশন করছি ।,Strongly Positive,Joyful,17,4
হাত তুললাম,Strongly Positive,Joyful,10,2
"কমরেড পাশে আছি, এগিয়ে যান। লাল সালাম, বিপ্লব দীর্ঘজীবি হউক।",Strongly Positive,Joyful,60,10
ধন্যবাদ আপনাকে।,Strongly Positive,Joyful,15,2
"একেই বলে ন্যায়ের পথের সৈনিক,,,, go ahead",Strongly Positive,Joyful,40,7
ইমরান কে ধন্যবাদ,Strongly Positive,Joyful,16,3
"সাব্বাস,,,, বাঘের বাচ্চা।",Strongly Positive,Joyful,25,3
সহমত অাপনার সাথে,Strongly Positive,Joyful,16,3
চলিতেছে সার্কাস,Strongly Positive,Joyful,15,2
সঠিক কাজ এই করছে।,Strongly Positive,Joyful,17,4
এ ব্যপারে আমিও একমত,Strongly Positive,Joyful,19,4
দাদা আপনি এগিয়ে যান,Strongly Positive,Joyful,19,4
ধন্যবাদ আপনাকে,Strongly Positive,Joyful,14,2
ঠিক তাই দরকার,Strongly Positive,Joyful,13,3
স্যালুট বস।,Strongly Positive,Joyful,11,2
ধন্যবাদ ইমরান সরকারকে।,Strongly Positive,Joyful,22,3
স্যালুট বস বাংলার বাঘ,Strongly Positive,Joyful,21,4
বস এটাইতো বাংলার বাঘ স্যালুট বস,Strongly Positive,Joyful,31,6
একদম দারুন হইছে,Strongly Positive,Joyful,15,3
একদম সত্যকথা,Strongly Positive,Joyful,12,2
সত্যিই বলছেন।,Strongly Positive,Joyful,13,2
আপনার সাথে একমত।।,Strongly Positive,Joyful,17,3
"সাবাস সরকার সাহেব """,Strongly Positive,Joyful,19,4
কি আর কমু ভাই??,Strongly Positive,Joyful,15,4
আহা শান্তির বাণী !,Strongly Positive,Joyful,18,4
ধন্যবাদ ইমরান ভাই,Strongly Positive,Joyful,17,3
ধন্যবাদ ইমরান তোমাকে,Strongly Positive,Joyful,20,3
ভাই ভাল্লাগছে,Strongly Positive,Joyful,13,2
এই দেশ আমার দেশ❓,Strongly Positive,Joyful,16,4
হাস্যকর একটা বেপার,Strongly Positive,Joyful,18,3
"যাক তুমি সত্যটা বুঝতে পেরেছ,দাদ!",Strongly Positive,Joyful,32,5
ইয়েচ,Strongly Positive,Joyful,4,1
আপনার সাতে আমিও একমত এ দরনের ঘটনা আমরা চাই না।,Strongly Positive,Joyful,46,10
আপনার সাথে একমত।,Strongly Positive,Joyful,16,3
ভাল কথা,Strongly Positive,Joyful,7,2
খুব ভালো লেগেছে..... অন্যায়ের প্রতিবাদ করাই।,Strongly Positive,Joyful,44,6
অবিলম্বে তাকে মুক্তি দেওয়া হোক,Strongly Positive,Joyful,30,5
১০০% এক মত।,Strongly Positive,Joyful,11,3
গুড,Strongly Positive,Joyful,3,1
তোমাকে এব্যাপারে মোবারক-বাদ ।,Strongly Positive,Joyful,29,4
'আমি একমত।,Strongly Positive,Joyful,10,2
"আমীন ""আমীন"" ""আমীন""",Strongly Positive,Joyful,18,3
এত দিন পর আমার কাছে মনে হলো আপনার জ্ঞান হইছে !,Strongly Positive,Joyful,46,11
বয়সের বিষয়টি টেনে আনা হাস্যকর।,Strongly Positive,Joyful,32,5
সাবাস Dr.imran,Strongly Positive,Joyful,14,2
আপনার আন্দোলন সঠিক।,Strongly Positive,Joyful,19,3
তনু হত্যার আসামি ধরতে পারলে বেশি খুশি হইতাম ...,Strongly Positive,Joyful,47,9
আপনার এই পোস্টা কিছুটা ভাল লেগেছে,Strongly Positive,Joyful,33,6
ভাই ধন্যবাদ আপনাকে,Strongly Positive,Joyful,18,3
"জাতীয়,রাজনীতি,বিনোদন,খেলাধুলার প্রথম ও সর্বশেষ খবর জানতে লাইক দিয়ে পাশে থাকুন। ভিজিট করুন web.facebook.com/doinikajkersomoy",Strongly Positive,Joyful,123,13
লাল গোলাপের শুভেচ্ছা,Strongly Positive,Joyful,21,3
এটা কি হল ভাই এরা কি সবাই সাংবাদিক শহিদের প্রতি এই আচরণ তোমাদের কাজ থেকে কিছু শিখার আছে,Strongly Positive,Joyful,87,18
"করে থাকে,,,,",Strongly Positive,Joyful,12,2
ইমরান ভাই আছে বলে আমরা আজ বাংলাদেশে শাস্তিতে জীবন যাপন করছি :),Strongly Positive,Joyful,62,12
"Dr. Imran H Sarker আপনি তাবলীগে গেছেন শুনে খুশি হইলাম,তবে এবার সময় করে ১চিল্লায় যান,তাহলে আপনার মাধ্যমে জাতি আরো বেশি উপুক্রিত হবে, ধন্যবাদ আপনাকে।",Strongly Positive,Joyful,147,24
হাহহাহা জয় বাংলা কুত্তালীগ নামক মালাউন সামলা,Strongly Positive,Joyful,44,7
ইমারন ভাই সাথে আছি।,Strongly Positive,Joyful,19,4
Dr. Imran H Sarker সাবাস ইমরান ভাই...................,Strongly Positive,Joyful,53,7
সালাম,Strongly Positive,Joyful,5,1
তাহলে অবশ্য জানেন ইসলামে পদ্যা আচে ইসলামে মানবতা আছে বেপদ্যা নারীর সাথে কিবাবে নাচানাচি করি একসাথে আমরা সবাই ইসলাম বুঝি পালন করিনা soআমরা দুরবল but ধরম যার যার দেশ সবার,Strongly Positive,Joyful,168,30
"যাক, তথ্য টা পেয়ে ভালো লাগলো, আমি তো ভেবেছিলাম আপনি নাস্তিক টাইপের লোক",Strongly Positive,Joyful,71,13
ভালো হইছে! খুব ভালো হইছে। এখানে একটা ইম্রান হইলে আরো ভালো হইতো।,Strongly Positive,Joyful,63,12
সবার উপরে মানুষ সত্য তাহার উপরে নাই।,Strongly Positive,Joyful,36,7
সবাইকেই ঐক্যবদ্ধ হয়ে অন্যায়ের প্রতিবাদ করতে হবে। বিভেদ রাখা চলবে না। ধন্যবাদ।,Strongly Positive,Joyful,77,12
ইমরান ভাইয়ের সাথে আমি এক মত।আমি জানি ইমরান ভাই কারো খারাপ চায় না,Strongly Positive,Joyful,64,13
"ধন্যবাদ, Dr. Imran H Sarker, এমন প্রতিবাদের ভাষা আমরা সকল বাঙ্গালীর কাছ থেকেই চাই, যাতে করে আর সখ্যা লঘুদের এত অত্যাচার সহ্য করতে না হয়।",Strongly Positive,Joyful,136,25
Dr. Imran এভাবে প্রতিবাদ করার জন্য ধন্যবাদ,Strongly Positive,Joyful,42,7
সংখ্যা গুরুরা এ ভাবে প্রতিবাদে করলে প্রতিমা ভাংচূর বন্দ হবে তথা সংখ্যালঘুদের উপরে নির্জাতন করতে ভয়ে পাবে।,Strongly Positive,Joyful,105,17
আপনি কি ১০০% শিউর মুসলমান এই কাজ করেছে???,Strongly Positive,Joyful,41,8
আমি সকল মুসলমানকে না ভাই ওই কতিপয় ব্যক্তি যে প্রকৃত মুসলিম না সেটা বলেছি। আশা করি আপনি বুঝতে পেরেছেন। ধন্যবাদ।,Strongly Positive,Joyful,110,20
আপনার সাথে একমত। এটার জন্য কি করবেন।,Strongly Positive,Joyful,36,7
"জে ভাই, তাই ত মনে হচ্ছে।",Strongly Positive,Joyful,24,6
হাজার হাজার বার শ্রদ্ধান্বিত মহানবী এবং উনার শ্নেহাশিল বেক্তি যারা এমন ভাবনায় জীবন যাপনকারী তারা সরবক্কন অতুলনীয়......!!!!!,Strongly Positive,Joyful,123,17
রাতেন গোপ্তা আল্লাহকে নিয়ে কিচু বলিছ না কারও ধরমও নিয়ে কেউ বাড়াবাড়ী ভাল না আল্লাহ কি তুই বুজবিনা ইহুদীরা কাবা ঘর ভাংতে চেয়েছিল আল্লাহ রক্কা করেছেন,Strongly Positive,Joyful,146,26
সুনন্দর মনের পরিচয় দেবার জন্য অনেক অনেক ধন্যবাদ@তৌফিক আহমেদ উচ্ছ্বাস,Strongly Positive,Joyful,68,10
ধন্যবাদ ভাই,Strongly Positive,Joyful,11,2
"এই ছবি টা দিলাম ,দেখি "" মগজ ধোলাই করা "" মোসলমানদের রাগ কতো বারে ! হা হা হা",Strongly Positive,Joyful,74,18
আরিফ ভাইকে হাজার ছালাম,Strongly Positive,Joyful,22,4
খুব ভালো,Strongly Positive,Joyful,8,2
বাঘের বাচ্চা। সাহসী সৈনিক,Strongly Positive,Joyful,25,4
সাবাস!,Strongly Positive,Joyful,6,1
আলহামদুলিল্লা ঠিক কাজ করছো ভাই,Strongly Positive,Joyful,30,5
বাঘের বাচ্ছা,Strongly Positive,Joyful,12,2
ভালা করছে,Strongly Positive,Joyful,9,2
এই ছেলেকেটিকে স্যালুট...আর তোর মত চামচা রে হাতের কাছে পাইলে...,Strongly Positive,Joyful,62,10
ছেলেটির সৎ সাহসের জন্য জানাই আন্তরিক অভিন্দন ও শুভেচ্ছা।আল্লাহ যেন ছেলেটির ইচ্ছা পুরন করে।আমিন।,Strongly Positive,Joyful,95,14
ভাল কাজ করছে।,Strongly Positive,Joyful,13,3
মামা চাপাতি লাগলে আমার থেকে একটা নে তারপর আবার যা ইমরানের বাড়িতে । আর যদি ধরা খাছ তাইলে আমার কাছে আসিস আরেকটা চাপাতি দিমুনে । টাকা লাগতোনা ফ্রি তুইতো আমার কলিজার লাহান কাজটা করতাছোছ ।,Strongly Positive,Joyful,183,35
ছেলেটিকে অনেক ধন্যবাদ। তাকে পেলে পুরুস্কার দিতাম,Strongly Positive,Joyful,48,7
করতে পারলে একদম সঠিক কাজ করতে,Strongly Positive,Joyful,29,6
ভাল এই করচে,Strongly Positive,Joyful,11,3
তুকে সালাম ভাই।১০০%,Strongly Positive,Joyful,19,3
সাবাস,Strongly Positive,Joyful,5,1
আপনি সত্য বলছেন,Strongly Positive,Joyful,15,3
"Yousuf Kazi পৃথিবীতে এখনও আপনার মত কিছু মানুষ আছে বলে,পৃথিবীটা এখনও এত সুন্দর।ধর্মের থেকে মানুষ বড়,সত্যি, আপনাকে ধন্যবাদ দিয়ে আর ছোট করব না।",Strongly Positive,Joyful,140,23
ঠিক কতা কইছো ভাই।,Strongly Positive,Joyful,17,4
ভাল করছে।ওরে মারার দরকার,Strongly Positive,Joyful,24,4
এটা ইসলাম ধর্মের শিক্ষা আমাদের প্রিয় নবী হযরত মোঃ সাঃ আমাদের এশিক্ষাই দিয়েছেন।,Strongly Positive,Joyful,78,13
বেশ করেছে।,Strongly Positive,Joyful,10,2
ধন্যবাদ ইমরান ভাই বিষয় টি সবার সামনে তুলে ধরার জন্য...,Strongly Positive,Joyful,54,10
ধন্যবাদ বাংলাদেশ সমন্ধ্যে ওদের ধারনা কম তাই কাজ হচ্ছে,Strongly Positive,Joyful,53,9
ধন্যবাদ বাংলাদেশ কোন এক জাতির দেশ না,Strongly Positive,Joyful,36,7
বাংলাদেশ সকল বাঙ্গালির দেশ ধন্যবাদ,Strongly Positive,Joyful,34,5
ধন্যবাদ দাদা বাংলা সবার জন্য,Strongly Positive,Joyful,28,5
সুন্দর জোক্স,Strongly Positive,Joyful,12,2
ধর্মঅন্ধ না হয়ে ধর্মকে ভালোবাসুন তাহলে পৃথিবির সকল মানুষের ধর্ম একই মনে হবে,Strongly Positive,Joyful,75,13
এর জন্য মুসলিম হিসাবে আপনার গর্বিত হওয়া উচিৎ।,Strongly Positive,Joyful,45,8
"হি হি হি.. কি সুন্দর যুক্তি, মসজিদ আমাদের খোদা নয়, এটা একটা এবাদত খানা।।",Strongly Positive,Joyful,72,14
কেন পারলোনা তোমাদের খোদা তার নিজেকে রক্ষা করতে?? মুসলিমরা মানব রচিত কোন ধর্মের অনুসরণ করেনা।।,Strongly Positive,Joyful,93,15
****** ধন্যবাদ ভাইয়া *******,Strongly Positive,Joyful,28,4
সনাতন কোন শব্দ নয় ওরা আমার মায়ের সন্তান।ওরা আমার ভাই।ধর্ম কারো পরিচয় হতে পারেনা।আমি মানুষ এই আমার প্রকৃত পরিচয়।,Strongly Positive,Joyful,111,19
এটা কোনো হিংসামূলক কথা নয় উজ্জল। এটা বাস্তব কথা। আর বাস্তবতাকে সবার সামনে তুলে ধরতে এক পা ও পিছ হবনা।,Strongly Positive,Joyful,101,20
কাবা হচ্ছে আমাদের কেবলা। আমরা যে যে দিকে থাকি আমরা কাবার দিকে মুখ করে সালাত আদায় করি।,Strongly Positive,Joyful,85,17
মুক্ত চিন্তা র জন্য মাহাদি ভাই কে ধন্যবাদ।মাহাদি ভাই আপনার লেখা টি আপনার বিজ্ঞান মনস্কতার উজ্জ্বল উদাহরণ,Strongly Positive,Joyful,104,17
"আমার বুকে বাজে ভোরের আজান, সন্ধ্যার উলুধ্বনি আমিই বাজিয়ে দিই গীর্জার ঘন্টা..ঢং ঢং ঢং আমার ক্যানভাসে হিন্দু মুসলিম, বৌদ্ধ, খ্রিস্টান সাদা, কালো, উচু, নীচু সব মানুষের এক রঙ!",Strongly Positive,Joyful,171,28
একদম সত্য কথা বলেছেন,Strongly Positive,Joyful,20,4
আমরা প্রত্যেকটি মানুষের ধর্ম পালনের স্বাধীনতায় বিশ্বাস করি। #Shopno,Strongly Positive,Joyful,67,9
আমরা প্রত্যেকটি মানুষের ধর্ম পালনের স্বাধীনতায় বিশ্বাস করি। যদি এটাই হয় ??? তাহলে রাতের আঁধারে পাখির মত গুলি করে মানুষ হত্যা করে লাসগুলো ঘুম করা হল। এসব ঘঠনা কোন মিডিয়াতে প্রকাশ হলনা। এমন ঘটনায় কি আপনার অনুভূতিতে আঘাত লাগে নাই????,Strongly Positive,Joyful,230,40
হ্য পারবো।,Strongly Positive,Joyful,10,2
"সরি ভাই, আমি ভয় দেখাবো কেন? ভয় দেখিয়ে কিছু হয় না, তাই প্রথমেই আমি বলে দিয়েছি আমি যুক্তি দিয়ে কথা বলব।",Strongly Positive,Joyful,101,21
"হা হা হা,,,,,",Strongly Positive,Joyful,13,3
"২ দিন পরে তো ওরাই ভেংগে ফেলবে, ,, সুতরাং ওদের কাজটা সহজ করে দিলনা ????? মন্দ কি ???",Strongly Positive,Joyful,83,18
"মুক্তি কে জিগাছ করা হোক কে বাঙ্গছে,,,,,,,তার মাথা,,,,,#অাপনারা কি ভলেন,,,,",Strongly Positive,Joyful,74,10
মুর্তি গুলা যারা ভাংছে তাদের মন থেকে ধন্যবাদ জানাই।,Strongly Positive,Joyful,51,9
ইমরান ভাই এক দিন কোটি কোটি মানুষের ভালবাসায় আপনি মুদেধা হবেন মানুষ বুঝতে শিখেছে,Strongly Positive,Joyful,81,14
অনেক ভাল করছে সবাইকে ধন্যবাদ করার জন্য,Strongly Positive,Joyful,38,7
আপনাকে অনেক ধন্যবাদ ভাই।সত্যি আপনি একজন বীর।,Strongly Positive,Joyful,44,7
কথা টিক,Strongly Positive,Joyful,7,2
আপনি পাসে আছেন বলেই আমরা এখনো আশায় বুক বাধি,Strongly Positive,Joyful,43,9
সঠিক কাজটা করা হয়েছে।,Strongly Positive,Joyful,21,4
হাহা শান্তির দেশে শান্তির ব্যবস্থা করা হইছে।,Strongly Positive,Joyful,44,7
আমি তোমায় ভালোবাসি যে এই প্রতিমা গুলো ভেঙ্গেছে তোমায় হাজার সালাম,Strongly Positive,Joyful,64,11
আপনার মতো জদি সবাই হতো বংলাদেশ অনেক সুন্দর হতো আপনাকে ধন্যবাদ।ভগবান ওদের বিচার করবে।,Strongly Positive,Joyful,84,14
ধন্যবাদ মিঃ সরকার। ঈশ্বর আপনার মঙ্গল করুন।,Strongly Positive,Joyful,42,7
তোমারে কি সনাতল ধর্মের মুয়াজ্জিন রাখছে ? যার সাথে যার মোহাব্বত তার সাথে তার হাশর ।,Strongly Positive,Joyful,82,16
ধন্যবাদ। এই প্রথম এরকম একটা পোস্ট দেখে অনেক ভাল লাগল। মিডিয়া তো এসবে নীরব,Strongly Positive,Joyful,73,14
কালীমা কে নাকি পাঠায় ধর্শন করছে...হা হা হা,Strongly Positive,Joyful,42,8
শরীয়তের সঠিক ব্যাখ্যা উপস্থাপন করলে পক্ষে বিপক্ষের সবাই উপকৃত হবে।,Strongly Positive,Joyful,66,10
ইমরান ভাই আপনার মত ছেলে প্রতিটা ঘরে প্রতিটা সমাঝে থাকলে তাহলে সমাজের এত খারাপ কাজ হত না,Strongly Positive,Joyful,87,17
এগুলো আমার মনে হয় ভাঙ্গা হয়নি মাথা জোড়া দেওয়ার আগের পিক,Strongly Positive,Joyful,56,11
ঠিক বলেছেন,Strongly Positive,Joyful,10,2
আপনার মত এমন একজন মানুষ এটা নিেয় প্রতিবাদ করছে তােতই অনেক অনেক ধন্যবাদ।,Strongly Positive,Joyful,71,13
দাদা আপনাকে অনেক ধন্যবাদ,Strongly Positive,Joyful,24,4
"জারা এই কাজ করেছে,তারায় শত্তিকার মুসলমান।",Strongly Positive,Joyful,41,6
আসলেই আপনি মহান মানুষ।সকল জীবের প্রতি আপনারে ভালোবাসা রয়েছে। ধব্যয়,Strongly Positive,Joyful,66,10
চারদিকে শুধু শান্তি আর শান্তি।,Strongly Positive,Joyful,30,5
"আল্লাহ পাক যা কিছুই করেন,,,, অবস্বই তাদের ভালরই জন্য করে থাকেন,,,,",Strongly Positive,Joyful,66,11
সরকার অনুদান দিবে নতুন করে ভগবান আসবে।,Strongly Positive,Joyful,38,7
হাহাহা....ভুতের মুখে রাম নাম কাহিনীটা কি? #Imran_H_Sarker,Strongly Positive,Joyful,57,7
ইশ্বর তাদের বিচার করিবে।যাহারা এই কাজ করেছে।,Strongly Positive,Joyful,44,7
খাটি কথা।দীর্ঘজীবি হউন।,Strongly Positive,Joyful,23,3
যারা ইসলাম নিয়ে খেলতে চাস তদের বিচার বাংলার মাটিতেই হবে ইনশাআল্লাহ,Strongly Positive,Joyful,66,11
আল্লাহ যেন উভয় কে হেদায়েত দান করেন ।,Strongly Positive,Joyful,36,8
মাননীয় প্রধান মন্ত্রী এটাই কি অসাম্প্রদায়িক বাংলাদেশ ??,Strongly Positive,Joyful,55,8
"ভাল করেছে,যার নিজের কোন কমতানেই তার এটাই হওয়া সাবাভিক",Strongly Positive,Joyful,53,9
আমি নিজে যদি একটি পুতুল বানাই তাহলে আমি পুতুলের প্রভু,Strongly Positive,Joyful,53,10
এতোদিন পর একটা কাজের কথা বললেন,Strongly Positive,Joyful,30,6
"যারাই এই জঘন্য অপরাধ করেছে, তাদের সাথে ও এমনটা আশা করছি",Strongly Positive,Joyful,55,11
আপনি পারবেন!!!মানুষকে মানবতাবোধে উজ্জীবিত করতে।,Strongly Positive,Joyful,47,5
যে বা যারা ভেঙেছে তাদেরকে জানাই আন্তরিক ধ্যনবাদ।,Strongly Positive,Joyful,48,8
Dr.Imran H sarker এর নামে ফেক আইডি,Strongly Positive,Joyful,34,7
সবাইকে ঐক্যবদ্ধ হতে হবে,Strongly Positive,Joyful,23,4
আমি বলব আপিনিয় প্রকৃত মুসলিম,Strongly Positive,Joyful,28,5
সাধিনতা সব ধরমে আছে।,Strongly Positive,Joyful,20,4
ইমরান ভাই অনেক দিন পর হলে স্ববোধ উদয় হল। ধন্যবাদ।,Strongly Positive,Joyful,49,10
বিভিন্ন বিষয়ে আপনার আন্দোলন আমার খুব ভাল লাগে।,Strongly Positive,Joyful,46,8
"আমার মনে হয়, এরা একটা আরেকটা কে মেরে ভেঙ্গে ফেলেছে।",Strongly Positive,Joyful,51,10
সংখ্যালঘুদের পক্ষে কিছু বলার জন্য আপনাকে অনেক অনেক ধন্যবাদ,Strongly Positive,Joyful,58,9
"হরে রাম, এইসব কি হল"" সব ভগমানে ইচ্ছা",Strongly Positive,Joyful,36,8
আমাদেন একটি ভাল উপদেশ দিবেন। আশা করি,Strongly Positive,Joyful,36,7
আমরা এর তীব্র প্রতিবাদ জানাই এবং তার সুর্ট বিছার ছাই,Strongly Positive,Joyful,52,10
জে করছেন খুব ভাল কাজ করছেন দন্যবাদ,Strongly Positive,Joyful,34,7
সবাই বলো ভারত মাতা কি জয়,Strongly Positive,Joyful,24,6
বাইকেই ঐক্যবদ্ধ হয়ে অন্যায়ের প্রতিবাদ করতে হবে। বিভেদ রাখা চলবে না। ধন্যবাদ। ইমরান সা‌হেব,Strongly Positive,Joyful,89,14
"আমরা মুসলিম ,সুতরাং আমরা ইসলামের পক্ষে কথা বলবো ।",Strongly Positive,Joyful,49,9
"আপনি যে ধর্মেরি হন্না কেন, অন্যর ধর্মের উপর আঘাত করতে পারেন না।।ইসলাম হলো শান্তির ধর্ম,",Strongly Positive,Joyful,87,15
শত কোটি প্রনাম আপনার চরণে,Strongly Positive,Joyful,25,5
ইমরান ভাই আপনের মত যদি সবাই চিন্তা করত তাইলে অবশ্যই এর প্রতিবাদ হত,Strongly Positive,Joyful,66,13
"ইমরান ভাই, আমরা আছি আপনার সাথে,,",Strongly Positive,Joyful,32,6
ইমরান ভাই আমিও আপনা সাথে এক মত,Strongly Positive,Joyful,30,7
এই কথার মত যদি আমাদের সবার মন সৃষ্টি করা হয় তবে সর্বদা শান্তি থাকত।,Strongly Positive,Joyful,68,14
যেই এইকাজটা করেচে তাকে আমার ছালাম,Strongly Positive,Joyful,33,6
যত দিন আপনার হাতে দেশ পথ হারাবেনা এই বাংলাদেশ। জয় বাংলা,Strongly Positive,Joyful,55,11
অাপনিই পারবেন সবাইকে একএ করতে।,Strongly Positive,Joyful,30,5
ভাই আপনি ঠিক বলেছেন।,Strongly Positive,Joyful,20,4
হিন্দুদের দুঃখে পাশে থাকার জন্য আমরা কৃতঘ্ন #Dr_Imran,Strongly Positive,Joyful,53,8
অস্পষ্টতায় ভরা দূরের কিছুর চেয়ে কাছের স্পষ্ট কিছু দেখাই আমাদের দরকার |,Strongly Positive,Joyful,70,12
"সত্যকে সত্য বলেছি, আর আপনি সত্যের পিছনে আসার জন্য আপনাকে ধন্যবাদ।",Strongly Positive,Joyful,65,11
"প্রতিটি মানুষের উচিত প্রতিটি ধর্মের প্রতি সম্মান দেখানো, শ্রদ্ধা করা।",Strongly Positive,Joyful,69,10
সব ধর্ম নয় শুধু ইসলাম ধর্ম সত্য,Strongly Positive,Joyful,31,7
এহেম এহেম ...তো আপনি চান মানুষ বেশী বেশী ধার্মিক হোক?ভাল ভাল খুব ভাল!,Strongly Positive,Joyful,69,13
দাদা আপনি সত্যকারের মানুষ আপনার মনে হিংসা নাই u best,Strongly Positive,Joyful,52,10
সনাতন ধর্ম হলো একমাত্র ইসলাম।,Strongly Positive,Joyful,29,5
কমেন্ট গুলো পড়ে ব্যাপক মজা পাচ্ছি।অামাদের মাথায় এত গোবর ভরা!!!!!,Strongly Positive,Joyful,64,10
অারে অাপু সেনা একটু পাগল,Strongly Positive,Joyful,24,5
পতিমা ভাংছে আমি 1 দিলাম কেমুন হইবৈ জানাবেন,Strongly Positive,Joyful,42,8
দোস্ত ইমরান তোমার শরীরটা বালোনি,Strongly Positive,Joyful,31,5
মূর্তি গুলা রে মাথা ছাড়া ভাল্লাগতেছে,Strongly Positive,Joyful,36,6
এত ভালবাসা কোথায় রাখিস ভাই।,Strongly Positive,Joyful,27,5
"ঘটনাটি সঠিক কিনা,,,,,,",Strongly Positive,Joyful,22,3
প্রতিমা ভাঙ্গা আমাদের ধর্মিয় দায়িত্ব।,Strongly Positive,Joyful,37,5
"দন্যবাত ইমরান ভাই বিষয় টি সবার সামনে তুলে ধরার জন্য,,,,,,",Strongly Positive,Joyful,57,10
"যেই দেশের শতকরা 95 জন লোক মুসলিম , সেখানে এটা কোন ব্যাপার নাl",Strongly Positive,Joyful,61,13
"ধন্যবাদ স্যার,,এটা তুলে ধরার জন্য",Strongly Positive,Joyful,33,5
আজকে অনেক খুশি হয়েছি দাদা আপানার এই পোষ্ট টে দেখে...... আপনি যদি আমদের পাশে থাকেন অবশ্যই আমরা এর যথাপোযুক্ত বিচার পাব....,Strongly Positive,Joyful,121,21
ওই লোক গুলো বুঝেনা নিজ ধম পরোপার জয়জয় হিন্দু,Strongly Positive,Joyful,44,9
ধন্যবাদ ইমরান ভাই....,Strongly Positive,Joyful,21,3
ভালো কাজ করেছে অামি থাকলেও তাই করতাম,Strongly Positive,Joyful,37,7
ধন্যবাদ ইমরান ভাই বিষয় তা সবার সামনে তুলে দরা জন্য,Strongly Positive,Joyful,50,10
"ডিভোর্সী পাত্র-পাত্রীপেইজটিতে লাইক দিন,পছন্দের জীবনসংগী খুজে নিতে বিশ্বস্ত সহযোগীতা নিন।",Strongly Positive,Joyful,88,10
হা হা হা দেবতার কোনো ক্ষমতা নায়। মালুরা রাম ছাগল,Strongly Positive,Joyful,48,10
"আপনাদের অবস্থা হলো ষাঁড়ের আন্ডার মত,টিপ দিলে একবার এদিক আবাটর ঐদিক!",Strongly Positive,Joyful,67,11
বলুন. তিনি আল্লাহ এক ( সুরা এখলাস) ১,Strongly Positive,Joyful,36,8
ঠিক করেছে,Strongly Positive,Joyful,9,2
খুশি হলাম,Strongly Positive,Joyful,9,2
ভাল কাজ করেছে।।,Strongly Positive,Joyful,15,3
এটা সনাতন ধর্ম। তাই মানুষ কিছু বলে না ।,Strongly Positive,Joyful,39,9
সবার লাইক আশা করছি https://mobile.facebook.com/ভালবাসার-বাংলাদেশ-870516426355975/?v=feed&_rdr,Strongly Positive,Joyful,93,5
আমিও মুর্তি ভাংতে চাই,Strongly Positive,Joyful,21,4
ইসলাম ধর্ম আল্মাহর মনোনিত ধর্ম,Strongly Positive,Joyful,30,5
"Ha ha ha, কত্ত বড় বেয়াক্কল আমার হিন্দু ভাইরা",Strongly Positive,Joyful,44,9
"মুসলিম, হিন্দু, বৌদ্ধ, খ্রিস্টান সবাই একসাথে থাকতে চাই :) :) :)",Strongly Positive,Joyful,63,11
রাইট 😒,Strongly Positive,Joyful,6,2
"ধন্যবাদ ডা: ইমরান ,স‌ত্যি কথা বল‌লে কেন যে সবার এতো গা‌য়ে লা‌গে বু‌ঝিনা",Strongly Positive,Joyful,72,13
মাশা আল্লাহ??,Strongly Positive,Joyful,13,2
বাহ..... জয় বাবা(এমরান),Strongly Positive,Joyful,23,3
Thanks a lot # তৌফিক আহমেদ উচ্ছ্বাস,Strongly Positive,Joyful,35,7
ভাল করেছে,Strongly Positive,Joyful,9,2
আমরা আবার মানুষ????,Strongly Positive,Joyful,19,3
অার যাই ব‌লেন অামার ভালই লে‌গে‌ছে,Strongly Positive,Joyful,33,6
ধর্ম যার যার রাষ্ট সবার> হা হা হা হা......,Strongly Positive,Joyful,42,9
।. tnx#তৌফিক,Strongly Positive,Joyful,12,2
কথাটা একদম ঠিক.....:/,Strongly Positive,Joyful,21,3
ভগবান ওদের বিচার একদিন করবে নিশ্চয়ই।,Strongly Positive,Joyful,36,6
দারুন,Strongly Positive,Joyful,5,1
এদেশের সোনার ছেলে তোমরাই,Strongly Positive,Joyful,24,4
এরা হলো আসল মনের মানুষ জারা সব ধর্ম কে সম্মান করে,Strongly Positive,Joyful,49,11
ভাল হয়েছে,Strongly Positive,Joyful,9,2
খুব ভালো লাগলো কয়েকটি ভায়ের মনবতা আছেদেখে,Strongly Positive,Joyful,41,7
আপনি ঠিক বলেছেন,Strongly Positive,Joyful,15,3
আপনি চাইলে অনেক কিছু করা সম্ভব।আমরা আছি আপনার সাথে।,Strongly Positive,Joyful,51,9
তিব্র প্রতিবাদ জানাই অতিশওর এরবিচার চাই,Strongly Positive,Joyful,39,6
দারুন হয়েছে,Strongly Positive,Joyful,11,2
ধন্যবাদ দাদা.....,Strongly Positive,Joyful,17,2
ঠিক কাজ করেছে,Strongly Positive,Joyful,13,3
সবার মনটা যদি আপনার মত হতাে তাহলে এই দেশ আরও উন্নত হতাে।,Strongly Positive,Joyful,56,12
হিন্দুই শ্রেষ্ঠ...হিন্দুই সেরা....,Strongly Positive,Joyful,34,3
ঠিক আচছে,Strongly Positive,Joyful,8,2
Good ভালো হয়েছে,Strongly Positive,Joyful,15,3
ভালো করেছে,Strongly Positive,Joyful,10,2
ভালো করে চে,Strongly Positive,Joyful,11,3
মাহবুব কেমন আছো A,Strongly Positive,Joyful,17,4
শাহসি ছেলে,Strongly Positive,Joyful,10,2
সুন্দর তো দেখা যায়।,Strongly Positive,Joyful,19,4
"এতদিন পরে হলেও সনাতন ধর্ম নিয়ে যে লিখলেন ""এ জন্য আপনাকে ধন্যবাদ।",Strongly Positive,Joyful,64,12
আপনাকে অনেক অনেক ধন্যবাদ এই সত্য কথাটা বলার জন্য।,Strongly Positive,Joyful,49,9
শান্তি প্রতিষ্ঠা করছে!!!!!!!,Strongly Positive,Joyful,28,3
আমি খোসি হলাম,Strongly Positive,Joyful,13,3
ওনাইছ ভালো লাগতাছে,Strongly Positive,Joyful,18,3
কুসি হলাম,Strongly Positive,Joyful,9,2
টিক করছে,Strongly Positive,Joyful,8,2
দারুনখবর হাহহহহহহহ,Strongly Positive,Joyful,18,2
আমি খুসি এসব বদহক,Strongly Positive,Joyful,17,4
ভাই আপনাকে ধন্যবাদ,Strongly Positive,Joyful,18,3
ঠিক আছে,Strongly Positive,Joyful,7,2
এটা ঠিক কাজ করছে,Strongly Positive,Joyful,16,4
ভালো লাকছে,Strongly Positive,Joyful,10,2
ঠিক হছে,Strongly Positive,Joyful,7,2
খুব ভাল কাজ করেছে ।,Strongly Positive,Joyful,19,5
আপনাকে অশেষ দন্যবাদ,Strongly Positive,Joyful,19,3
ওকে,Strongly Positive,Joyful,3,1
ঠিক,Strongly Positive,Joyful,3,1
"এটা ভালো করেছে, এসব ময়লা আবজনা রাখতে নাই",Strongly Positive,Joyful,40,8
সব সম্ভবের দেশ বাংলাদেশ,Strongly Positive,Joyful,23,4
হা হা হা এই অবস্থা??,Strongly Positive,Joyful,20,5
ঠিক বলেছেন ভাই।তনু কে?? আমরা তো ভুলে গেছি,Strongly Positive,Joyful,41,8
কি হচ্ছে বিচার??? হাহাহাহাহাহা # সুমন ভাই,Strongly Positive,Joyful,41,7
ড়ঃ ইমরান সঠিক কথা টা বলেছে আসুন আমরা সচেতন হই দূনীতি পতিরোদ করি,Strongly Positive,Joyful,64,13
আপনি মনেহয় বলেন কেন জেনে শুনেই তো আপনি লিখেছেন আসলেই সত্য কথা,Strongly Positive,Joyful,61,12
ভাল লাগলো ভাই কথাগুলো!!,Strongly Positive,Joyful,23,4
একদম সঠিক কথা ইমরান ভাই।,Strongly Positive,Joyful,24,5
সত্যি কথা ১০০%,Strongly Positive,Joyful,14,3
"হ্যাঁ, এটাই ঠিক ৷",Strongly Positive,Joyful,17,4
আপানার সাথে একমত,Strongly Positive,Joyful,16,3
এক মত,Strongly Positive,Joyful,5,2
100% হাচা কথা,Strongly Positive,Joyful,13,3
একমত!,Strongly Positive,Joyful,5,1
রাইট মামা,Strongly Positive,Joyful,9,2
আপনি মূল সমস্যাই চিহ্নিত করেছেন কিন্তু এখন প্রতিবাদী মানুষ খুঁজে পাওয়াই দুষ্কর। চারিদিকে মানবতা কাঁদছে অথচ প্রতিবাদ নেই। দুর্ব্ত্তরা বিনা বাধায় সব অপকর্ম করছে। আপনি এগিয়ে যান।,Strongly Positive,Joyful,175,27
বাংলাদেশী প্রভাবশালীরা খুব ভালভাবেই ডিভাইড এন্ড রুল পলিসি আয়ত্ব করে ফেলেছে।,Strongly Positive,Joyful,75,11
ভাইয়া ১০০% সঠিক বলেছেন।আপনাকে অনেক অনেক ধন্যবাদ।ভাইয়া বর্তমানের রাজনীতি মানে সমাজ সেবা না।,Strongly Positive,Joyful,90,13
"এত দিন পর শুভবুদ্ধির উদয় হওয়ার জন্ন ধন্নবাদ,,,,। আসা করি এ ধারা অব্বাহত থাকবে,,,।",Strongly Positive,Joyful,83,14
"যার কথা ও কাজের মাঝে কোন মিল থাকেনা সে হল রাজনীতিবিদ দের চেয়েও মহা বাটপার, ভন্ড। আসুন আমরা কথা ও কাজকে মিল রেখে দেশের জন্য কাজ করি।",Strongly Positive,Joyful,131,27
তিনি কোনদিন বলেননি তিনি নাস্তিক । তিনি ধর্ম দিয়ে কাউকে বিবেচনা করতে চান না । যেখানে মানুষ সেখানেই তিনি । ধন্যবাদ,Strongly Positive,Joyful,112,21
"নাস্তিকতা মনেমনে থাকা ভালো। দেখাইতে গেলেই সমস্যা। আমাদের প্রধান মন্ত্রী বলেছেন এটা নাস্তিক্য না, এটা নোংরামি।",Strongly Positive,Joyful,109,16
"একসময় তো অাওয়ামী লিগের দালালি করতেন,এখন অাবার অবস্থান পাল্টাইলেন ক্যান?প্রয়োজন শেষ বিধায়ই তো সরকার অাপনাকে ছুড়ে ফেলে দিয়েছে,নাকি?",Strongly Positive,Joyful,129,18
এতে তারা জাতীয় স্বরথ জলাজঙ্গল দিতেও প্রস্বত থাকে। দেশের বাইরে চলে গিয়ে অন্য কোথাও নিজেদের স্হাপন করতে দ্বিধাবোধ করে না।,Strongly Positive,Joyful,119,20
"সঠিক জায়গায় হাত দিয়েছেন, দুই একদিনের মধ্যেই গ্রেফতার হতে পারেন ইমরান বাবু মানবতাবিরোধী যুদ্ধাপরাধের মামলায়।",Strongly Positive,Joyful,107,15
আপনার কি মনে হয় ইমরান এইচ সরকারকে একটু বলেন তো দেখি মতের মিল হয় কি না.....। সপ্ন আকাশ,Strongly Positive,Joyful,85,18
"আপনার সাথে এবার কোন বিরোধ করা গেলোনা,অসংখ্য ধন্যবাদ আর শুভ কামনা রইল।",Strongly Positive,Joyful,69,12
"তোমি কোন সংবিদানের কতা বলতেচ,পৃথিবীতে সব ছাইতে বড় সংবিদান তো আল কোরআন,।",Strongly Positive,Joyful,71,12
মিয়া মিয়া,Strongly Positive,Joyful,9,2
যেমন আপনি আওয়ামীলীগ কতৃক ব্যবহৃত হয়ে এখন পরিত্যক্ত,Strongly Positive,Joyful,50,8
খুব ভাল লাগল দেরি হলেও সত্যি কথাটা বলার জন্য।সময়ের সাহসি তরুন আপনি।,Strongly Positive,Joyful,67,12
"কথা গুলো সত্য, কিন্তু বুঝতে একটু দেড়ি হয়েছে। ধন্যবাদ",Strongly Positive,Joyful,52,9
আপনি প্রায় এরশাদ চাচার মত কথা বলা শুরু করেছেন।,Strongly Positive,Joyful,46,9
এই প্রথম আপনার কোন স্টাটাস আমার এত ভাল লাগল,Strongly Positive,Joyful,43,9
যতো দিন যাবে আরো অনেক কিছুই বুঝবেন.......,Strongly Positive,Joyful,41,7
এই একক্টি কতা আপনার সাথে একমত না হয়ে পারলাম না ভাই,Strongly Positive,Joyful,50,11
আপনার মত দালাল যত দিন বানান সম্ভব,Strongly Positive,Joyful,33,7
সময়ের সবচেয়ে খাটি কথা।,Strongly Positive,Joyful,22,4
ইমরান ভাই এত উচিত কথা বলেন কেন,Strongly Positive,Joyful,30,7
ধর্মকে আসলে কেউ ভালবাসে না। সবাই ধর্মকে ব্যবহার করে নিজের উদ্দেশ্য হাশিল করে,Strongly Positive,Joyful,76,13
একমাত্র ইসলামই দূর করতে পারে বাংলাদেশের এই সমস্যা। আর কিছু নয়,Strongly Positive,Joyful,61,11
ও পরে আল্লাহ আছেন।তিনি ঠিক একদিন বিচার করবেন,Strongly Positive,Joyful,44,8
"*.. বাঙ্গালীর ইতিহাস ছাত্রলীগের ইতিহাস, ছাত্রলীগের ইতিহাস বাঙ্গালীর ইতিহাস।। .........বঙ্গবন্ধু শেখ মুজিবর রহমান ..........জয় বাংলা.........জয় বঙ্গবন্ধু...",Strongly Positive,Joyful,155,16
ভাই কালকের সেক হাসিনার কথার জবাব দিলেন,Strongly Positive,Joyful,38,7
"ইমরান ভাই আপনার কথায় সম্মতি দিলাম।। আমার বিবেচনায় এদেশের কয়েকটা বিপদজনক শ্রেণির কথা বলি- ১. হুজুর শ্রেণী, ২. নাস্তিক শ্রেণী, ৩. নারীবাদী, ৪. রাজনৈতিক নেতা, ৫. পুলিশ।।",Strongly Positive,Joyful,166,27
"মুক্তচিন্তার নামে ধর্মকে আঘাত নোরাংমি, নবীকে কটাক্ষ মানা সম্ভব নয়ঃ বঙ্গবন্ধু কন্যা মাননীয় প্রধানমন্ত্রী শেখ হাসিনা",Strongly Positive,Joyful,114,16
১০০%সহমত,Strongly Positive,Joyful,8,1
ঠিকই বলছেন✌,Strongly Positive,Joyful,11,2
১০০% ঠিক।,Strongly Positive,Joyful,9,2
সালাম ভাই ইমরান।,Strongly Positive,Joyful,16,3
কতা সথ্য ভাই,Strongly Positive,Joyful,12,3
১০০% সহমত,Strongly Positive,Joyful,9,2
একমত।,Strongly Positive,Joyful,5,1
অবশেষে কিঞ্চিৎ স্বীকারোক্তি। হাহাহাহাহা,Strongly Positive,Joyful,39,4
দিন শেষে রাজনীতিই শেষ কথা। বাকি সব ফ্লেভার।,Strongly Positive,Joyful,43,8
অবশেষে অরিন্দম ......,Strongly Positive,Joyful,21,3
সত্যি,Strongly Positive,Joyful,5,1
কোনো সন্দেহ নাই,Strongly Positive,Joyful,15,3
100% ঠিক ঠিক ঠিক..এত দিনে বুঝলে তাহলে ভা.ই.য়া।,Strongly Positive,Joyful,46,8
খাটি কথা।,Strongly Positive,Joyful,9,2
এতদিন পরে বুঝে এল,Strongly Positive,Joyful,17,4
ইয়তো ভাইসাব আপনে পুরি সাচ বাত বোলদিক আকেলিহি:),Strongly Positive,Joyful,46,8
একমত.......,Strongly Positive,Joyful,11,1
সহমত,Strongly Positive,Joyful,4,1
ঠিক বলেছেন দাদা।আপনাকে লাল সালাম।,Strongly Positive,Joyful,33,5
সঠিক,Strongly Positive,Joyful,4,1
গোড়ায় আসছেন,Strongly Positive,Joyful,11,2
হুম,Strongly Positive,Joyful,3,1
রাজনীতি অর্থাৎ রাজ্যের জন্য যে নীতি তা ভাল হোক বা মন্দ।,Strongly Positive,Joyful,55,11
অবশেষে বুঝলে!Tnaks,Strongly Positive,Joyful,18,2
মি. ইমরান তুমার সময় ফুরিয়ে এসেছে। যা হুক এগুলো বলার দরকার নেই সময় কথা বলবে হে আমার পাতা থেকে আমন্ত্রণ রইলো https://www.facebook.com/GM-MAZED-M-Chowdhury-440969819444535/,Strongly Positive,Joyful,172,22
হুমায়ূন আহমেদ স্যারের উক্তি পেতে আমাদের এই পেজে লাইক দিয়ে এক্টিভ থাকুন...!!!! https://m.facebook.com/%E0%A6%B8%E0%A7%8D%E0%A6%AE%E0%A7%83%E0%A6%A4%E0%A6%BF%E0%A6%A4%E0%A7%87-%E0%A6%B9%E0%A7%81%E0%A6%AE%E0%A6%BE%E0%A7%9F%E0%A7%82%E0%A6%A8-%E0%A6%86%E0%A6%B9%E0%A6%AE%E0%A7%87%E0%A6%A6-610309312431667/,Strongly Positive,Joyful,300,13
আবারো ধন্যবাদ । ভাই,Strongly Positive,Joyful,19,4
আস লে আমাদের সাদা কে সাদা বলার সাহস নাই কিন্তু আপনার আছে তাই ত আপনি amader lider...amader pokhe apni bholin amader moner kotha,Strongly Positive,Joyful,126,23
"ধন্যবাদ ভাই,",Strongly Positive,Joyful,12,2
মি টু!,Strongly Positive,Joyful,6,2
হাতটানার অভ্যাস ও আছে দেখছি হাহাহাহাহাহ. #মিনার,Strongly Positive,Joyful,47,7
আল্লাহ ইমরান ভাইকে ভাল রাখুন !,Strongly Positive,Joyful,30,6
"আমি সাদাকে সাদা বলি, কালোকে কালো। একটা ভালো কাজের প্রশংসা করতে এতো ভাবনা চিন্তার কিছু নাই।",Strongly Positive,Joyful,90,16
ইমরান ভাই আপনাকে সামনে থেকে দেখিনি তবে দূর থেকে দেখে শিখেছি প্রতিকুলতার মাঝে দাড়িয়ে কি ভাবে যুদ্ধে বিজয়ী হতে হয় ! আল্লাহ আপনাকে নেক হায়াত দান করুক আমিন-,Strongly Positive,Joyful,152,28
ফেজবুক এর মাধ্যমে এটি সহজ হয়েছে । ধন্যবাদ ফেজবুক ধন্যবাদ ডা : ইমরান সাহেব ধন্যবাদ পুলিশ বাহিনীর সদস্য দেরকে,Strongly Positive,Joyful,107,19
"অভিনন্দন পুলিশ এবং গণমাধ্যম (ফেসবুক)-কে। শিশুটির জন্য দোয়া রইলো, শিশুটি সত্যিই সৌভাগ্যবান।",Strongly Positive,Joyful,91,12
"ধন্যবাদ ভাই আপনাকে, আপনার এই নিউজটা প্রচার করার ফলে, যদি প্রচার না হতো তাহলে হয়তো শিশুটিকে খুঁজে পেতে খুব কষ্ট হতো। অভিনন্দন সেই পুলিশদের যারা নিজ দায়িত্বে শিশুটিকে কিছুক্ষণের জন্য আপন করে নিয়েছেন।",Strongly Positive,Joyful,197,33
"আলহামদুলিল্লাহ্ । যাক অবশেষে সুখবর । আল্লাহর রহমতে হারানো আদরের কলিজার টুকরো সন্তানকে মায়ের কোলে ফিরিয়ে দিয়েছে ।। ধন্যবাদ ফেইসবুক, ধন্যবাদ ইমরান ভাই, ধন্যবাদ আইন শৃঙ্খলা বাহিনীকে ।।",Strongly Positive,Joyful,181,28
অভিন্দন পুলিশ বাহিনীর ঐ সদস্য দের যারা ভাল কাজের উদাহরণ রাখে ।,Strongly Positive,Joyful,62,12
পুলিশ কে অনেক অনেক ধন্যবাদ ও শুভেচ্ছা,Strongly Positive,Joyful,37,7
ধন্যবাদ পুলিশ ভাইকে তাদের এ মহৎ কাজের জন্য ।,Strongly Positive,Joyful,44,9
১০০% সত্য কথা বলছেন,Strongly Positive,Joyful,19,4
"জাবেদ ভাই আপনার কথায় যুক্তি আছে, সমর্থন করলাম।",Strongly Positive,Joyful,46,8
ধন্যবাদ আমাদের পুলিশ ভাই দেরকে হাতির ঝিলে হারিয় যাওয়া ৪ বৎসরে ছেলেটাকে তার মায়ের কাছে ফিরিয়ে দেওয়া হয়েছে। আবারও পুলিশ ভাই দেরকে ধন্যবাদ তার সাথে ধন্যবাদ যানাই ডাঃ ইরান এইস সরকারকে।,Strongly Positive,Joyful,180,31
ধন্যবাদ ইমরান স্যারকে এবং বাংলাদেশ পুলিশ বাহিনীকে।যে জার জাইগা থেকে আন্তরিক ভাবে কাজ করেছেন।,Strongly Positive,Joyful,92,14
যাহারা ছেলে টি কে আইনের আওতায় দিয়েছন আপনাদের -ধণ্যবাদ ।,Strongly Positive,Joyful,55,10
পুলিশ প্রশাসন ভাল অনেক কিছু করতে পারে। কিন্তু করে না। আজ তারা সৎ থাকলে আমাদের দেশটা হয়তো আরও সুন্দর হত।,Strongly Positive,Joyful,103,20
এটা ঠিক পুলিশ একটা ভাল কাজ করেছে তবে হাজারো ভাল কাজ না করে বেরায় যেমন নোংরামি করলো নারসদের সাথে তারপরও বলা যায় না পুলিশরা এতটুকু ভাল ওকে ভাইয়া।,Strongly Positive,Joyful,143,28
"পুলিশ তো আমাদের সনতান। আলাদা করে দেখার কি অাছে? ধণ্যবাদ,খবরও। ছবি দেওয়াতে।",Strongly Positive,Joyful,74,12
"আলহামদুলিল্লাহ শিশু টি তার পিতা, মাতা কে পেয়েছে ।সেই সাথে ধন্যবাদ বাংলাদেশের পুলিশ বাহিনী কে ।",Strongly Positive,Joyful,95,16
"এই যে ভাই,মুসলমান হিসাবে স্বাধীনভাবে উক্ত Pageটি ☞ ☞ ইতিহাসের স্বাক্ষী ইতিহাসের স্বাক্ষী পরিদর্শন করুন,পরিদর্শন করে আপনার #বিবেক যদি স্বাক্ষী দেয়,তাহল Like/comment করে সহযোগী বন্ধু হিসাবে পাশে থাকুন,,""""#দ্বীন-ইসলাম জিন্দাবাদ.......",Strongly Positive,Joyful,231,29
"মনে হয় পুলিশ স্বাধীনভাবে কাজ করতে পারলে, তাদের দ্বারা সব সমস্যা সমাধান করা সম্ভব ?",Strongly Positive,Joyful,82,15
"সকল বন্ধুদের অভিন্দন, অাল্লাহর ইচ্ছায়, অাপনাদের শিয়ার এবং লাইক এর সফলতায় ছেলেটি তার মা বাবাকে খুজে পেল।",Strongly Positive,Joyful,103,17
মোনাফেক কি বলে আর বলদ মানুষ তাই শুনে হাহাহ। আমি বলি ভালো মানুষ কে তোরা চিনিস না। ইমানদার কে? তোদের চোখে বেস্যা ও ইমান দার,Strongly Positive,Joyful,121,25
ইমরান ভাইই আপনি যদি অই নাস্তিক গুলার লগ ছেড়ে এইভাবে মানুষের পাশে দারান তাহলে আপনাকে মানুষরা অনেক ভালবাসবে।এটা আমার মনের কথা বললাম।,Strongly Positive,Joyful,130,22
খুবই ভালো লাগলো। আমার মনে হয় ভবিষ্যতে এ ধরনের ঘটনা ঘটলে দেশের সব টিভি চ্যানেল গুলিতে প্রচার করা উচিৎ বলে আমি মনে করি।,Strongly Positive,Joyful,117,23
"আমি গতকাল রাতে সেলফি বলেছিলাম, ইনশাল্লাহ শিশু টি মায়ের কোলে ফিরে যাবে, শুকর আল্লাহ দরবারে। এই ভাবে কেও যেন বিপদে না প ড়ে । পুলিশ সদ্যস ভাই কে অনেক ধন্যবাদ ।",Strongly Positive,Joyful,156,31
"ধন্যবাদ পুলিশ বাহিনীকে,আমরা শুধু পুলিশ নয়, সকলের কাছেই এরকম ভাল কিছু আশাকরি।প",Strongly Positive,Joyful,77,12
সত্যিই পুলিশের এই কাজে আমি অনেক খুশী হয়েছি। কিছুটা হলেও পুলিশের প্রতি মানুষের খারাপ ধারণার পরিবর্তন হবে।,Strongly Positive,Joyful,104,17
সব পুলিশ ভাইয়েরা যদি এই ভাবে তাদের অপিত দায়িত্ব পালন করেন। আল্লাহর রহমত তাদের সাথে সব সময়ই থাকবে। শুভ কামনা রইল পুলিশ ভাইয়েদের প্রতি।,Strongly Positive,Joyful,133,24
কেমন নাড়ি তুমি নাস্তিক বর্ষে নিজের বাচ্ছার কথা ও ভুলে যাও । ধন্যবাদ পুলিশ ভাইদের,Strongly Positive,Joyful,81,15
ধন্যবাদ বাংলাদেশ পুলিশ,Strongly Positive,Joyful,22,3
গতকাল মা ছাড়া শিশুটির ছবি ফেসবুকে দেখে ভীষন কষ্ট পেয়েছিলাম। অাজ মায়ের কাছে দেখে অনেক অানন্দ লাগছে। মায়ের কাছে শিশুটিকে ফিরিয়ে দেওয়ার জন্য যারা চেষ্টা করেছেন তাদের সকলে অনেক অনেক ধন্যবাদ।,Strongly Positive,Joyful,186,31
"প্রমান হলো পুলিশ মানুষের বন্ধু , দু'একজন সদস্যের জন্য শুধু তাঁরা বিতর্কিত হয়। ধন্যবাদ পুলিশ সদস্যদের।",Strongly Positive,Joyful,101,16
বাংলার সব পুলিশ ভাইরা এমন আদর্শ নিয়ে কাজ করুক এই আশা করি।আর এই পুলিশ ভাইকে তাঁর কাজের জন্য অনেক অনেক অভিনন্দন।,Strongly Positive,Joyful,110,21
এই পুলিশ ভাইদেরকে সামনে গিয়ে অন্তত মৌখিক ভাবে ধন্যবাদ দেয়া উচিত ছিল অনেক অনেক মোবারক বাদ।,Strongly Positive,Joyful,89,16
পুলিশের এ ধরনের ভুমিকায় গর্বে বুক ভরে যায়।মনে হয় এ যেন ফিরে এসেছে দেশ তার সঠিক ঠিকানায়।,Strongly Positive,Joyful,87,17
"আমা‌দের দে‌শে এমনও পু‌লিশ ভাই‌য়ে‌রা আ‌ছেন যারা প্র‌তি‌নিয়ত জীবন বা‌জি রে‌খে সততা, নিষ্ঠা, দা‌য়িত্ব‌বোধ নিয়ে দে‌শের জন্য কাজ ক‌রে যা‌চ্ছেন। আমরা তা‌দের কে স্যালুট জানায়। ক‌তিপয় ক‌য়েকজন অসৎ পু‌লিশ সদস্য‌দের জন্য আজ আমা‌দের প‌বিত্র এই বা‌হিনীকে দোষা‌রোপ করাটা ঠিক নয়।",Strongly Positive,Joyful,267,40
অনেক বড় পুন্যের কাজ করলেন মহান সৃষ্টি কর্তার নিকট আপনার জন্য আর্শীবাদ কামনা করি।,Strongly Positive,Joyful,80,14
"ধন্যবাদ! পু‌লিশ ভাই সক‌ল যেন সবসময় এমন ভাল কাজ গু‌লি কর‌তে পা‌রে, দোয়া ও শুভকামনা রই‌লো",Strongly Positive,Joyful,89,16
গত নববর্ষে নারীনিযাতনের ঘটনা আমাদের পীড়িত করেছিল এ বছর নিখোঁজ শিশু তার মাকে খূঁজে পেয়ে ছে এটা বড্ড পাওনা ।অশেষ ধন্যবাদ বাংলা দেশ পুলিশ বাহিনীকে,Strongly Positive,Joyful,145,25
"পেয়েছে ভাই তাতে দুঃখ নাই পুলিস হইছে বলে কি তাদের ভালবাসা নাই, মন আছে বলেই ছেলেটাকে ফিরে পেল মা সৎ কাজের মজাই আলেদা,, সাভাস পুলিস ভাই ",Strongly Positive,Joyful,134,26
বিশাল অভোদান,Strongly Positive,Joyful,12,2
ধন্যবাদ ইমরান সা‌হেব। এ‌তে আপনার অ‌নেক অবদান ছি‌লো,Strongly Positive,Joyful,51,8
পুলিশ যে জনগণের বন্ধু এইটা আরেকবার প্রমাণ হইলো..,Strongly Positive,Joyful,48,8
ফেইসবুক এর একটা ভালো দিক। যারা এর বিরুদ্ধে কথা বলে তদের মুখ বন্ধ করার জন্য যথেষ্ট।,Strongly Positive,Joyful,82,16
কেমন করে একটা ভাল কাজ করেছে,Strongly Positive,Joyful,27,6
মোরগ নতুন ডিম দিলে এভাবেই পক পক করে ! এ নিয়ে লাফালাফির প্রয়োজন নাই,Strongly Positive,Joyful,66,14
সব কিছুই ইমরানের কৃতিত্ব ... ইমরান কোন স্বাথর্ ছিল না,Strongly Positive,Joyful,53,10
"অভিনন্দন বাংলাদেশ পুলিশ কে,,, মায়ের কোলে সন্তান কে ফিরিয়ে দিয়ে,,,",Strongly Positive,Joyful,65,10
"সবাই পুলিশকে ঘৃণা করে কিন্তু না,ভাল পুলিশ এখনও আছে।",Strongly Positive,Joyful,51,9
ধন্যবাদ জানাই বাংলাদেশ পুলিশ কে,Strongly Positive,Joyful,31,5
ধন্যবাদ বাংলাদেশ পুলিশ বাহিনী কে,Strongly Positive,Joyful,32,5
"ভাই পুলিশরাও কিন্তু মানুষ, আর সব মানুষের মধ্যেই ভাল খারাপ থাকে !!!",Strongly Positive,Joyful,66,12
বাংলাদেশি পুলিশ আন্তরিক হলে একটি আলপিন হারিয়ে গেলে ও খুঁজে বাহির করতে পারবে।,Strongly Positive,Joyful,76,13
পুলিশ হলে এমন পুলিশই হতে হবে।,Strongly Positive,Joyful,29,6
কামের কাম কিছু একটা হইছে তাইলে। পুলিশকে সাধুবাদ.....,Strongly Positive,Joyful,52,8
ধন্যবাদ পুলিশ ভাইদের। মানুষ এই রকম আচরণ পুলিশের কাছে অাশা করে।,Strongly Positive,Joyful,62,11
"সমালোচনা থাকবে,তার মধ্যে এগিয়ে যেতে হবে।",Strongly Positive,Joyful,40,6
এর থেকে আনন্দের আর কি হতে পারে?,Strongly Positive,Joyful,31,7
এদেরও আলাদা মূল্যায়ন করুন ।,Strongly Positive,Joyful,28,5
Donnobat পুলিশ বাহিনী কে..।,Strongly Positive,Joyful,27,4
বাংলাদেশ পুলিশ বাহিনীকে আমার ও ধন্যবাদ রহিল,Strongly Positive,Joyful,43,7
ধন্য বাদ বড় ভাই ইমরান আপনাকে আমার পক্ষ থেকে অনেক অনেক শুবেচছা।,Strongly Positive,Joyful,62,12
এদের মত আর সব পুলিশ জদী হত তাহলে দেশটা আরো ভাল থাকত ধ্যনবাদ ভাই,Strongly Positive,Joyful,63,14
অভিনন্দন আমাদের পুলিশ ভাই দের কে।,Strongly Positive,Joyful,33,6
পুলিশ কে অনেক অনেক ধন্যবাদ,Strongly Positive,Joyful,26,5
ধন্যবাদ পুলিশ বাহীনি কে।,Strongly Positive,Joyful,24,4
ভাল কাজের ভাল পুরুষকার,Strongly Positive,Joyful,22,4
পুলিশ বাহিনী কে ধন্যবাদ।,Strongly Positive,Joyful,24,4
"খুব ভাল লাগল, মায়ের সন্তান মায়ের কোলে ফিরে গেল।ধন্নবাদ পুলিশ বাহিনীকে",Strongly Positive,Joyful,69,11
"ধন্যবাদ পুলিশ ভাই কে নববর্ষ শুভেচ্ছা ,",Strongly Positive,Joyful,38,7
ধন্যবাদ বাংলাদেশ পুলিশ কে একটি ভাল কাজের জন্য।,Strongly Positive,Joyful,46,8
ধন্যবাদ ঐ পুলিশ ভাই কে,Strongly Positive,Joyful,22,5
ইমরান তুমি জীবনে এই প্রথম একটা ভাল ছবি পোষ্ট করেছো তাই তোমাকে ধন্যবাদ,Strongly Positive,Joyful,69,13
"এখনো ভাল মানের পুলিশ আছে ধন্যবাদ ভাই,",Strongly Positive,Joyful,37,7
অভিনন্দন বাংলাদেশ পুলিশ। পহেলা বৈশাখে।,Strongly Positive,Joyful,38,5
আলহামদুলিল্লাহ্! খুব ভাল কাজ। ধন্যবাদ সবাইকে।,Strongly Positive,Joyful,45,6
আমি আমাদের পুলিশের কাছে রিনি,Strongly Positive,Joyful,28,5
দন্যবাদ পুলিশ ভাই কে অাল্লহ যেন ওনা কে হায়াত দান করেন,Strongly Positive,Joyful,53,11
ধ্যনবাদ বাংলাদেশের পুলিশ বাহিকে ধ্যনবাদ,Strongly Positive,Joyful,39,5
পুলিশ ভাইকে জানাই আমার আন্তরিক অভিন্দন,Strongly Positive,Joyful,38,6
এই প্রথম একটা ভালো কাজ করছে,Strongly Positive,Joyful,27,6
অভিনন্দন পুলিশ এবং গণমাধ্যম (ফেসবুক)-কে। শিশুটির জন্য দোয়া রইলো,Strongly Positive,Joyful,64,9
অভিনন্দন বাংলাদেশ পুলিশ বাহিনীকে,Strongly Positive,Joyful,32,4
সাবাস বাংলাদেশ পুলিশ সাবাস!!!!!!!,Strongly Positive,Joyful,33,4
ধন্যবাদ বাংলাদেশ পুলিশ বাহিনীকে।,Strongly Positive,Joyful,32,4
ওর মা পুলিুশের কাছে চির কৃতঙ্গ থাকবে,Strongly Positive,Joyful,36,7
"পুলিশ বন্ধুরা,তোমাদের ধন্যবাদ। আমি আমার দেশের সকল পুলিশ বন্ধুদের ভালো বাসি।ভালো বাসি।",Strongly Positive,Joyful,85,12
শালি কি অন্য গিয়ে ছিল....ধন্যবাদ পুলিশ ভাই,Strongly Positive,Joyful,42,7
"আমিও আজ অনেক খুসি এই জন্য, আমি শিয়ার করেছিলাম।ধন্যবাদ জাতির ভাই",Strongly Positive,Joyful,63,11
ধন্যবাদ সেই পুলিশ সদস্যকে যিনি এই মহান দায়িত্ব পালন করেছেন।,Strongly Positive,Joyful,59,10
এবাভে মানুষের পাসে থাকলে মানুষ আপনাদেরকে বালভাসবে গিনা করবেনা ধন্যবাদ পুলিশ ভাই দেরকে,Strongly Positive,Joyful,85,13
ধন্যবাদ ইমরান ভাই এবং পুলিশ ভাইকে।,Strongly Positive,Joyful,34,6
ধন্যবাদ পুলিশের কিন্তু কেমনে মা ভাবতে অবাক লাগে,Strongly Positive,Joyful,47,8
ভাঙ্গিশ :( গায়েব করে নাই । উন্নতির লক্ষন :),Strongly Positive,Joyful,44,9
ধন্যবাদ বাংলাদেশ পুলিশ। আগামিতে এভাবে জনগনের উপকার করার প্রত্যাশা করি।,Strongly Positive,Joyful,70,10
এভাবে পুলিশ ভাইদের এগিয়ে চলতে হবে।স্যালুট তোমাদের।,Strongly Positive,Joyful,50,7
কাতার পবাসি বাংলাদেশ সকল পুলিশ কে অভিনন্দ,Strongly Positive,Joyful,41,7
"এই চিএটাই রিয়েল এবং গৌরবের, বারবার এটাই দেখতে চাই, সফল হবার জন্য শুভেচ্ছা",Strongly Positive,Joyful,73,13
ধন্যবাদ এই পুলিশ ভাইকে,Strongly Positive,Joyful,22,4
সালাম এই পুলিশ ভাইকে,Strongly Positive,Joyful,20,4
এই পুলিশ ভাইকে কোটি সালাম।,Strongly Positive,Joyful,27,5
সব পুলিশ জেনো এমন হয়,Strongly Positive,Joyful,20,5
আজ আমাদের পুলিশ বাহিনির সকল সদস্যাককে অসংখ ধন্যবাদ জানাচছি। তারা একটি মহৎ কাজ করেছে।সনদার সময় হাতিরঝিলে পাওয়া শিশুটিকে রাত ১০ টার মধো তার মায়ের কাছে পৌছে দিয়েছে।সত্যিই খুব খুশি লাগছে নিউজটি দেখে।এ রকম যদি সবাই হত তাহলে আমাদের দেশটি সত্যি সোনার বাংলা হিসোবে গড়ে উঠত।,Strongly Positive,Joyful,265,45
সব পু‌লিশ ই হারামী নয় ভা‌লো ও অা‌ছে ।,Strongly Positive,Joyful,38,9
মহাপন্ডিৎ একজন!!!!!,Strongly Positive,Joyful,19,2
এখানে পুলিশ নি:সারথ ভাবেই কাজ করেছে।,Strongly Positive,Joyful,36,6
ব্যাবহারে বংশের পরিচয়। বিপদ কোনদিন বলে কয়ে আসেনা। তাই বলে বাজে কথা বলতে নাই। যে কারো এমন বিপদ হতেই পারে। পুলিশ ভাইদের অসংখ্য নন্যবাদ।,Strongly Positive,Joyful,133,24
"আলহামদুলিললাহ,ধনবাদ জানাই এই পুলিশ ভাইদের।আর অনন সব পুলিশ ভাইদের বলছি এদেরকে দেখে ভাল কাজ করা শিখুন।তাহলে জনগন আপনাদের ভয় পাবেনা,ভালোবাসবে।",Strongly Positive,Joyful,139,20
TNX ইমরান ভাই ও পুলিশ দেরকে। করবো আমরা দেখবে তোরা যারা ঘরে বসে ডিম পারো।দেখো ইমরান ভাইকে কিভাবে অন্যায়ের বিরুদ্দে রুখে দারাচ্ছে।এবং বিপদগামি লোকের পাশে দারাচ্ছে।,Strongly Positive,Joyful,161,26
বন্ধুরা ২০১৬ সালের সেরা Hindi Movi -One Night Stand (2016) এর গান গুলো শুনতে ভিজিট করুন এখানে http://www.mp3jio.com/download-album/one-night-stand-2016/184/,Strongly Positive,Joyful,156,18
পুলিশ আমাদের দেশের গর্ব এবং এদেশে মেয়েদের গর্ব একমাত্র পুলিশ ভাইয়েরা। লাল সালাম তোমাদের কে,Strongly Positive,Joyful,90,15
"আলহামদুলিল্লাহ্ । যাক অবশেষে সুখবর । আল্লাহর রহমতে হারানো আদরের কলিজার টুকরো সন্তানকে মায়ের কোলে ফিরিয়ে দিয়েছে । ধন্যবাদ ইমরান ভাই, ধন্যবাদ আইন শৃঙ্খলা বাহিনীকে ।",Strongly Positive,Joyful,162,26
"খুবই ভাল লাগছে, ছেলেটি তার আপন জনকে খুজে পাওয়ায়। thanks ইমরান ভাই ও পুলিশ ভাইকে",Strongly Positive,Joyful,79,15
"খুবই আসাধারন কাজ করেছে!! তবে বাংলাদেশের পুলিশ এর কাজের এমন প্রশংসা শুনে বুঝতে পারলাম, এ দেশের পুলিশের দ্বারা এমন কাজ খুব একটা বোধয় দেখা যায় না। তারা কি এতটাই খারাপ যে ভাল কাজ খুব কম আশা করা যায়। তাদের এমন কাজের জন্য আমাদের প্রশাংসা করতে হয়!!!",Strongly Positive,Joyful,242,46
দোয়া করি পুলিশের এমন শুভ কর্ম অব্যাহত থাকুক।,Strongly Positive,Joyful,44,8
আমি সুনে খুসি হলামযে নবর্ষপাল,Strongly Positive,Joyful,29,5
আমরা মা বাবা। আমাদের সচেতন হওয়া দরকার। বাচ্চাটা খারাপ কোনো চক্রের হাতে পড়লে কি হতো?ধন্যবাদ সবাইকে।,Strongly Positive,Joyful,98,16
এই পুলিশ অনেক বর অপিছার হক,Strongly Positive,Joyful,26,6
এইভাবে যদি বাংলাদেশ পুলিশ সবসময় মানুষের পাশে থাকত তাহলে সত্যিই সোনার বাংলাকে আমরা খুঁজে পেতাম।,Strongly Positive,Joyful,94,15
তোমার বনের বর ঘর জামাই,Strongly Positive,Joyful,22,5
লল পোষ্ট। :3,Strongly Positive,Joyful,12,3
"মেহেদীর মা'র কাছে মুক্তিপণ যে দাবি করেনি, এজন্য ধন্যবাদ দিতে হয়!",Strongly Positive,Joyful,64,11
না তাহলে আপনাকে ধন্যবাদ।,Strongly Positive,Joyful,24,4
অভিনন্দন বাংলাদেশ পুলিশ !,Strongly Positive,Joyful,25,4
সাবাশ বাংলাদেশ পুলিশ /,Strongly Positive,Joyful,22,4
বাংলাদেশ পুলিশকে ধন্যবাদ।,Strongly Positive,Joyful,25,3
অভিনন্দন,Strongly Positive,Joyful,8,1
শুভ সংবাদ..পুলিশকে ধন্যবাদ। তদন্ত হবার আগে বাচ্চা প্রাপ্তি।,Strongly Positive,Joyful,59,8
এগিয়ে যাও বাংলাদেশ পুলিশ।,Strongly Positive,Joyful,25,4
"অভিনন্দন বাংলাদেশ পুলিশ,",Strongly Positive,Joyful,24,3
আলহামদুলিল্লাহ,Strongly Positive,Joyful,14,1
অভিনন্দন বাংলাদেশ পুলিশের এই সদস্যদেরকে।,Strongly Positive,Joyful,40,5
ধন্যবাদ সুসংবাদটি পূনরায় পোষ্ট করবার জন্য।,Strongly Positive,Joyful,42,6
: পুলিশ কে ধন্যবাদ জানাচ্ছি।,Strongly Positive,Joyful,28,5
মাশা অাল্লাহ,Strongly Positive,Joyful,12,2
অাপনারা সব পার‌েন,Strongly Positive,Joyful,17,3
আলহামদুলিল্লাহ্‌,Strongly Positive,Joyful,16,1
ধন্যবাদ পুলিস ভাইকে।,Strongly Positive,Joyful,20,3
আমি প্রশাসনকে দ্বায়িত্ব পালনের জন্য স্যালুট জানাই,Strongly Positive,Joyful,49,7
অভিনদন,Strongly Positive,Joyful,6,1
ধন্যবাদ পুলিশ কে,Strongly Positive,Joyful,16,3
শত শত মোবারকবাদ,Strongly Positive,Joyful,15,3
মানুষ মানুষের জন্য। ধন্যবাদ মহৎ কাজের জন্য।,Strongly Positive,Joyful,43,7
ভাল আরো ভাল হওয়ার দরকার।,Strongly Positive,Joyful,24,5
পুলিশ অফিসারদের অসংখ্য ধন্যবাদ । job well done.,Strongly Positive,Joyful,47,8
ভাল এবং সফল কাজ ... নববর্ষের শুভেচছা পুলিশ ভাই ও বোনদেরকে 🌹,Strongly Positive,Joyful,59,12
ধন্যবাদ পুলিশ বাহিনীকে..,Strongly Positive,Joyful,24,3
পতিটা মানুষকে দায়িত্বের সাথে এভাবে কাজ করা উচিৎ ..ধন্যবাদ,Strongly Positive,Joyful,57,9
পুলিশ মহান এক কাজ করছে। পূর্বের সব পাপ একদিনে মুছে গেলো।,Strongly Positive,Joyful,56,11
ধন্যবাদ পুলিশ ভাইদের,Strongly Positive,Joyful,20,3
শুভেচ্ছা ও অভিনন্দন জানাচ্ছি বাংলাদেশ পুলিশ বাহিনীর সদস্যদের কে।,Strongly Positive,Joyful,64,9
অভিন্দন,Strongly Positive,Joyful,7,1
অসাধারণ,Strongly Positive,Joyful,7,1
ভাল লাগলো জেনে যে বাচ্চটি মায়ের কোলে ফিরে গেছে।,Strongly Positive,Joyful,47,9
অভিনন্দন ভাই আপনাকে,Strongly Positive,Joyful,19,3
"পুলিশের তো কাজই এটা,,,,,, কমন কাজ,,,,,,, ধন্যবাদ দিতে হচ্ছে কারন,,,,, তারা ১০০ কমন কাজের মধ্যে ১ টি কাজ করে,,,,, তাই ধন্যবাদ ,,,,, ,, এই কাজ যদি কোন গরিব রিক্সা ওয়ালা করতো তাহলেই ধন্যবাদ প্রাপ্য ছিল। পুলিশের এ কাজে ধন্যবাদ পাওয়ার যুক্তি নাই",Strongly Positive,Joyful,240,42
TSC কান্ডের জন্যও ধন্যবাদ....?,Strongly Positive,Joyful,30,4
ধন্যবাদ পু‌লিশ ভাইকে,Strongly Positive,Joyful,20,3
অভিনন্দন।,Strongly Positive,Joyful,9,1
পুলিশ আমাদের গর্ব আমাদের অহংকার....,Strongly Positive,Joyful,35,5
"ফেসবুক, দৃষ্টান্ত হয়ে রইল।",Strongly Positive,Joyful,26,4
ধন্যবাদ পুলিশ বাহিকে,Strongly Positive,Joyful,20,3
"হে হে হে,,,",Strongly Positive,Joyful,11,3
সত্যিই খুব ভালো খবর ।,Strongly Positive,Joyful,21,5
পুলিশ বাহীনিকে ধন্যাবাদ,Strongly Positive,Joyful,23,3
খুব খুশির কথা। ধন্যবাদ ইমরান ভাই,Strongly Positive,Joyful,32,6
"ধন্যবাদ, পুলিশ বাহিনীর সদস্য",Strongly Positive,Joyful,28,4
আলহামদুলিল্লাহ্..........,Strongly Positive,Joyful,25,1
সত্যম সিবম সুনদরম,Strongly Positive,Joyful,17,3
পুলিশকে জনগণ এই ভূমিকায়ই দেখতে চায়। Salute brother,Strongly Positive,Joyful,50,8
পুলিশ ভাই দের প্রতি সুভেচ্ছা রহিলো।,Strongly Positive,Joyful,35,6
একেই বলে পুলিশ,Strongly Positive,Joyful,14,3
ধন্যবাদ.,Strongly Positive,Joyful,8,1
ধ্যানবাদ ভাই,Strongly Positive,Joyful,12,2
পুলিশ বাহিনীকে অসংখ্য ধন্যবাদ।,Strongly Positive,Joyful,30,4
ধন্যবাদ পুলিশ ভাইকে।,Strongly Positive,Joyful,20,3
ধন্যবাদ পুলিশকে।।।।।।,Strongly Positive,Joyful,21,2
পুল‌িশ আবার প্রমান করল‌ো মানবতার স‌েবক,Strongly Positive,Joyful,39,6
অভিন্দন।,Strongly Positive,Joyful,8,1
অভিনন্দন পুলিশকে। তারা প্রমাণ করল যে তারাও মানুষ।,Strongly Positive,Joyful,49,8
ধন্যবাদ জানাই কর্তব্যরত পুলিশ ভাইদের,Strongly Positive,Joyful,36,5
এই হলো নববর্ষ।,Strongly Positive,Joyful,14,3
সালাম জানাই পুলিশ ভাইকে সেই তার দীঘ হায়াত কামনা করি এবংপরিজনকে,Strongly Positive,Joyful,63,11
একদম,Strongly Positive,Joyful,4,1
অভিনন্দন ডি সি গুলশান স্যারকে,Strongly Positive,Joyful,29,5
নিঃসন্দহে মহৎ কাজ।,Strongly Positive,Joyful,18,3
অবশ্যই প্রশংসার যোগ্য কাজ।।,Strongly Positive,Joyful,27,4
এহল মানুশ সুকরান,Strongly Positive,Joyful,16,3
সুনে খুসি হলাম,Strongly Positive,Joyful,14,3
র্সধ সালাম তোমায়,Strongly Positive,Joyful,16,3
হাজার ওখারপ কাজের মধে একটাভাল কাজ জাহা লাক লাকখারাপ কাজ কে ভুলিয়ে দেই,Strongly Positive,Joyful,69,13
আিমও িপয় বাংলােদশ আইিড়র কেমন কের েলখায় একমত ইমরান ভাই,Positive,Joyful,53,10
"ধন্যবাদ , ধন্যবাদ , ধন্যবাদ !!",Positive,Joyful,30,6
"টেংক ইউ পুলিশ ব্রাদার্স, আপনাকে",Positive,Joyful,31,5
ভাল লাগল,Positive,Joyful,8,2
"কুব ভালো হইয়াছে,",Positive,Joyful,16,3
ধন্যবাদ ইমরান ভাই আপনার অনেক বেশী অবদান ছিলো । ভালো থাকবেন ধন্যবাদ,Positive,Joyful,66,12
ধন্যবাদ ডঃইমরান ভাই,Positive,Joyful,19,3
মহান আল্লাহ্‌র কাছে শুকরিয়া,Positive,Joyful,27,4
খুব ভাল লাগলো,Positive,Joyful,13,3
ধন্যবাদ সবাইকে,Positive,Joyful,14,2
পুলিশের ভালো কাজের প্রসংশা খুব ভালো লাগে,Positive,Joyful,40,7
পড়ে খুবই ভাল লাগ্ল,Positive,Joyful,18,4
আমি সম্মান জানাই,Positive,Joyful,16,3
অ‌ভিনন্দন,Positive,Joyful,9,1
অভিনন্দন পুলিশ ভাইদের।,Positive,Joyful,22,3
পুলিশ বাহিনীকে ধন্যবাদ,Positive,Joyful,22,3
অভিন্দন বাংলাদেশ পুলিশ বাহিনী কে,Positive,Joyful,32,5
ভাল কাজ সবসময় প্রশংসা পাওয়ার দাবি রাখে l,Positive,Joyful,41,8
এরা মাজে মাঝে বাংলার বিরের পরিচয় দেয় সালাম তোমাদের,Positive,Joyful,50,9
ধন্যবাদ পুলিশ ভাইকে একটা ভাল কাজ করার জন্য,Positive,Joyful,42,8
তা হলে এই দেশ এ এখনও ভাল পুলিশ সদস্য আছে,Positive,Joyful,40,10
থানক্স,Positive,Joyful,6,1
ধন) বাধ ইমরান সাহেব,Positive,Joyful,19,4
বাল তো বাল না,Positive,Joyful,13,4
ধন্যবাদ পুলিশ অফিসার,Positive,Joyful,20,3
ধন্যবাদ পুলিশ ভাইকে ধন্যবাদ,Positive,Joyful,27,4
ধন্য বাদ পুলিশ ভাইদের আমরা সাধারন জনগন এমনটাই আশাবাদী আপনাদের কাছে,Positive,Joyful,66,11
ধন্যবাদ বাংলা দেশ পুলিশ এবং গণমাধ্যম(ফেসবুক) কে শিশিটির জন্য দোয়া রহিল>>>>,Positive,Joyful,74,11
"ধন্যবাদ, আজ এটাই প্রমানিত হল,ইচছা থাকলে উপাই হয়।",Positive,Joyful,48,8
ধন্যবাদ যারা সাহায্য করলেন।,Positive,Joyful,27,4
এটা ভালো কাজ,Positive,Joyful,12,3
পুলিশ ভাই কে ধ্যনবাদ,Positive,Joyful,20,4
পুলিশ ও পারে এইটা তার উদাহরন ..TNX..,Positive,Joyful,36,7
পুলিশ ভাই আপনাকে স্যালুট জানাই,Positive,Joyful,30,5
ধন্যবাদ পুলিশ ভাইকে,Positive,Joyful,19,3
পুলিশকে অনেক অনেক thank's,Positive,Joyful,25,4
"ধন্যবাদ অফিসার,",Positive,Joyful,15,2
ধন্যবাদ ।,Positive,Joyful,9,2
পুলিশ কে দন্যবাদ,Positive,Joyful,16,3
ইস ! পুলিশ যদি এমন হত,Positive,Joyful,21,6
পুলিশ পুলিশের মতো কাজ করেছে।,Positive,Joyful,28,5
"অবিনন্দ পুলিশ বাইদেরকে,এবংএই খবরটা প্রচারকারিকে।",Positive,Joyful,48,5
পুলিশ জে জনগনের সেবক তা বুজিয়ে দিয়েছে।সাবাস পুলিশ ভাই,Positive,Joyful,53,9
মাযের বুকে ছেলেকে পিরে পেযেচে এইটাতো বাগগের বেপার,Positive,Joyful,49,8
পারলে আরও ভাল কাজ করেন।জা সত্যি কার দেশের কাজ হয়,Positive,Joyful,48,10
মায়ের ছেলে মায়ের কোলে ফিরে এল ধন্যবাদ পুলিশ ভাই কে,Positive,Joyful,50,10
"ধন্যবাদ,",Positive,Joyful,8,1
ধন্যবাদ পুলিশ ভাই,Positive,Joyful,17,3
অসাধারণ।,Positive,Joyful,8,1
খুব খুশি হইলাম,Positive,Joyful,14,3
অশেষ ধন্যবাদ,Positive,Joyful,12,2
thx পুলিশ,Positive,Joyful,9,2
পেয়েছে ভাই তাতে দুঃখ নাই ,Positive,Joyful,26,5
ধন্যবাদ পুলিশ বাইকে,Positive,Joyful,19,3
ধন্যবাদ bd পুলিশ ভাল কাজ t করার জন্য,Positive,Joyful,36,8
পুলিশ জনগনের সেবক।,Positive,Joyful,18,3
পুলিশ ভাইদের ধন্যবাদ,Positive,Joyful,20,3
দন্যবাদ বংলাদেশ পুলিশ,Positive,Joyful,21,3
শুকরিয়া আললাহর,Positive,Joyful,14,2
আপনাকে অনেক অনেক ধন্যবাদ,Positive,Joyful,24,4
প্রতিটা অন্যায়ের প্রতিবাদে আমরা আপনাকে সাধুবাদ জানাই .,Positive,Joyful,54,8
এমন ভালবাসাই আমাদের প্রশাসনের কাছে সব সময় আসা করি।। ধন্যবাদ,Positive,Joyful,59,10
"মা দেরকে সাবধান হওনয়ার দরকার,পুলিশকে ধন্যবাদ।",Positive,Joyful,45,6
তাহলে আমার জিবনে দেখলাম পুলিস এক টা ভালো কাজ করলো,Positive,Joyful,49,10
ধন্যবাদ পুলিশ ভাইকে তাদের এ মহৎ কাজের জন্য,Positive,Joyful,42,8
পুলিশ অাজকে একটা অনেক ভরো কাজ করছে বাবারে। 😱😱😱😱,Positive,Joyful,47,9
পুলিশ ভাই ধ্যনবাদ,Positive,Joyful,17,3
"পুশিস ভাই ধন্যবাদ অাপনাকে,রাউজান তেকে।",Positive,Joyful,38,5
"সালাম হাজার সালাম পুলিস ভাই,,,",Positive,Joyful,30,5
এমন কর্তব্যপরায়ন পুলিশকে অভিনন্দন।,Positive,Joyful,34,4
তোমাদের সালাম ভাই।,Positive,Joyful,19,3
ভালো কথা,Positive,Joyful,8,2
ধন্যবাদ প্রসাশন,Positive,Joyful,15,2
খুব ভালো লাগলো খবরটি জেনে!,Positive,Joyful,26,5
ভাল কাহ,Positive,Joyful,7,2
আলহামদুলিল্লাহ্,Positive,Joyful,15,1
দেশি ভাই ভালো কাজ । ভালো লাগলো।,Positive,Joyful,31,7
মেহেদি!!! তোমার হারিয়ে যাওয়া ভাই 😂😂😂,Positive,Joyful,36,6
ধন্যবাদ তোমাকে।,Positive,Joyful,15,2
"এই কাজের জন্য, ধন্যবাদ দিতেই হয়, পুলিশ বাহিণীকে।",Positive,Joyful,48,8
আমিন,Positive,Joyful,4,1
মা,Positive,Joyful,2,1
নাটক,Positive,Joyful,4,1
কে বলে ফেছবোক কারাফ শহজে একটি অসহায় ছেলে পিরে পেলো হারানো তার মা বাবা কে,Positive,Joyful,72,15
ধন্যবাদ ইমারান ভাই আপনার জন্যই এইটা জানতে পারলাম । অমিও সেয়ার করেছিলাম ।,Positive,Joyful,72,13
বাংলাদেশের সব পুলিশ যুদি এমন হত তাহলে বাংলাদশ সোনার বাংলা হত,Positive,Joyful,60,11
"পলিশ যে জনগনের বন্ধু ,এটা দেখে বুঝা যাচ্ছে।",Positive,Joyful,43,8
ভাল কর্মের জন্য অশেষ ধন্যবাদ সবাইকে,Positive,Joyful,35,6
অামি ওএকমত ইমরান সরকার।,Positive,Joyful,23,4
খুব সুন্দর কথা,Positive,Joyful,14,3
ভাল আছেন দাদা,Positive,Joyful,13,3
কিরে দোস কেমন আছিস???,Positive,Joyful,21,4
"পুলিশ ভাই ধন্যবাদ,,",Positive,Joyful,19,3
অভিন্দন পুলিশ ভাই তােমাকে,Positive,Joyful,25,4
ধন্য বাদ পুলিশ কে,Positive,Joyful,17,4
কিছু পুলিশ ভাল আছে।,Positive,Joyful,19,4
আপনাকে ধন্যবাদ।,Positive,Joyful,15,2
ধ্যনবাদ বাংলােদশ পুলিশ,Positive,Joyful,22,3
ধন্যবাদ...:-P,Positive,Joyful,13,1
পুলিশ ভাই কে ধন্যবাদ,Positive,Joyful,20,4
"পুলিশ ভাইদের আমার হাজার সালাম,",Positive,Joyful,30,5
অনেক অনেক ধন্যবাদ,Positive,Joyful,17,3
অভিনন্দন ভাই।পুলিশ ভাইকেও অভিনন্দন জানাই,Positive,Joyful,40,5
ইমরান ভাই আপনে আললাহ হাজার বছর বাছিয়ে রাকুক,Positive,Joyful,43,8
অ‌ভিনন্দন আপনা‌কেও,Positive,Joyful,18,2
পুলিশ ভাইকে,Positive,Joyful,11,2
বন্ধু,Positive,Joyful,5,1
স্যালোট পুলিশ বাহিনীকে,Positive,Joyful,23,3
"ইমরান ভাই দন্য বাদ,",Positive,Joyful,19,4
10000000000000000000000+ স্যালুট।,Positive,Joyful,33,2
ধন বাদ,Positive,Joyful,6,2
ধন্যবাদ পুলিশবাহিনীকে ভালো কাজটি করার জন্য।,Positive,Joyful,43,6
একবার গুরে আসুন আমার এই পেইজে ভালো না লাগলে LIKE ফেরত https://m.facebook.com/profile.php?id=344230675763613,Positive,Joyful,107,12
বাংলাদেশের পুলিশ এ রকম হয়া চাই,Positive,Joyful,30,6
বাংলাদেশ পুলিশ কে অভিনন্দন।,Positive,Joyful,27,4
অভিনন্দন বাংলাদেশ পুলিশকে,Positive,Joyful,25,3
বাংলাদেশের গব পুলিশ,Positive,Joyful,19,3
সাবাস Bangladeshপুলিশ,Positive,Joyful,21,2
একদ্ম ঠিক,Positive,Joyful,9,2
গুলিস্তান দিয়ে জাইতে শুনেছি এখন আমি অনেক দুরে আছি কাল্কে খবর নিবো।,Positive,Joyful,66,12
আচ্ছা,Positive,Joyful,5,1
ধন্যবাদ আল্লাহ্‌ সুবহানাতালা,Positive,Joyful,28,3
"মোস্তাক ভাই, শুভ নবর্বষ। পহেলা বৈশাখেও ডিউটি পালন করার জন্য ধন্যবাদ।।",Positive,Joyful,69,11
এইধরনের পোষ্টকে শেয়ার করাই সামাজিকও নৌতিক দায়িত্ব মনে করি,Positive,Joyful,57,9
শেয়ার করলাম।,Positive,Joyful,12,2
শুনে ভাল লাগল।ডিসি ও পুলিশের জন্য ভালবাসা রইল।,Positive,Joyful,46,8
শেয়ার করলাম,Positive,Joyful,12,2
#Dr. Imran H Sarke আপনার পোস্টগুলি খুব ভাললাগে। ভূমিকম্প বিষয়ে যে পোস্ট দিয়েছিলেন তা খুবই ভাললেগেছে।,Positive,Joyful,100,16
"মানবিক কাজে সহযোগীতা করে উদারমনার পরিচয় দেওয়ার জন্য ইমরান এইচ সরকারকে ধন্যবাদ। ছেলেটা তার ফ্যামেলীকে ফিরে পাক, কামনা করছি।",Positive,Joyful,124,19
Dr. Imran vaiya ছেলে টাকে বাবা মার কাছে পিরিয়ে দিয়েছেন কারন আমি ওমানে আছি। ছেলেটার বাবা মা যদি পিরিয়ে পা তাহলে খুশি হব।,Positive,Joyful,119,23
খবরটি আপনারা যারা পেয়ে থাকেন তাদের কাছে অনুরুদ রইল আপনারা সবাই শেয়ার করে অন্যদেরকে জানান**,Positive,Joyful,90,15
আমি মোস্তাক ভাই কে চিনি। তার দক্ষতা ও কাজে কোন প্রতিদ্বন্দ্বী নেই। ইনশাল্লাহ তিনি ওর অভিভাবক কে ঠিকি খুজে বের করবেন।,Positive,Joyful,116,21
"ধন্যবাদ। ড: ইমরান ভাইয়াকে, বন্দুরা তোমারা এই পোস্টি বেশী করে শেয়ার কর, আর বেবির দোয়া করবে,যাতে ও ওর বাবা মাকে খুব তারাতারি খুজে পায়।",Positive,Joyful,135,24
"এই যে ভাই,এই যে আপু, মুসলমান হিসাবে উক্ত পেইজটি ☞ ☞ ইতিহাসের স্বাক্ষী ☞ ☞ ইতিহাসের স্বাক্ষী পরিদর্শন /পর্যালোচনা করার পর যদি আপনার বিবেক স্বাক্ষ দেয়,তাহলে আপনার মুল্যবান সহযোগিতা প্রধান করে, দেশ ও মুসলিম জাতিসত্তার পক্ষে লেখালেখি করার ও প্রচারপ্রসার করার সুযোগ করে দিন""",Positive,Joyful,269,44
ইমরান এইচ সরকার আজকাল দেশের ব্যপারেও ভাবতে শুরু করেছে বলে মনে হয়। ভালো ভালো। অনেক অবস্র মনে হচ্ছে।,Positive,Joyful,98,18
আপনার অনেক কাজের মধ্যে এইটা একটা মহৎ কাজ,Positive,Joyful,40,8
"উনি ভালো কাজ করছে একটা কেনো আপনারা ফালতু কমেন্টস করছেন, আসুন হেল্প করি বাচ্চাটাকে তার মা বাবার কাছে ফিরে যেতে।",Positive,Joyful,110,20
বহুদিন পর একটা ভালো কাজ করলো পুলিশ লীগ,Positive,Joyful,38,8
স্যার। আপনাকে ধন্যবাত আপার। মহা মৃলোবান পু্রট টা আমি সের করলাম,Positive,Joyful,62,11
নতুন বছর নতুন দিন শুভেচ্ছা ও সালাম নিন ভাল থাকুন সুস্থ থাকুন সারা বছর সঙ্গে থাকুন।,Positive,Joyful,82,16
ধন্যবাদ পুলিশ ভাই কে |,Positive,Joyful,22,5
আল্লাহ্পাক,Positive,Joyful,10,1
আলহামদুলিল্লাহ্‌ মেহেদী এখন তার পরিবারে আছে।,Positive,Joyful,44,6
জ্বি ভাই...:p,Positive,Joyful,13,2
কাকা গর্বে মনটা ভরে গেল।তোমাকে অসংখ্য ধন্যবাদ।আল্লা তোমার মঙ্গল করুন।,Positive,Joyful,69,10
বন্ধু....তোমার তো অনেক ক্ষমতা..... একমত..........!!,Positive,Joyful,51,5
"স্যার আমার পরিবারের সবাই তার জন্য, দোয়াকরি",Positive,Joyful,42,7
মা বাবার দোয়া অাছে ইনসাল্লা মায়ের ছেলে মায়ের কুলে যাবে,Positive,Joyful,54,10
ভাই ' শুভ নববর্ষের শুভেচ্ছা,Positive,Joyful,27,5
"নিঃসন্দেহে নামাজ মানুষকে অশ্লীলতা ও মন্দ কাজ থেকে বিরত রাখে ----[সূরা আন-কাবুত, আয়াত-৪৫]",Positive,Joyful,89,13
মেহেদী নামের ৪ বছর বয়সী এই শিশুটিকে কিছুক্ষণ আগে হাতিরঝিলে পাওয়া গেছে। তার বাবার নাম সম্ভবত হাসান। শিশুটির পরিবার খুজে পেতে সকলের সহযোগীতা কাম্য। যোগাযোগঃ পুলিশের গুলশান জোনের ডিসি মোস্তাক আহমেদ অথবা গুলশান থানা,Positive,Joyful,211,34
পুলিশ ভাইদের ধন্যবাদ মেহেদীকে খুজে বের করার জন্য।,Positive,Joyful,49,8
ছেলে টি ওর মা বাবার হাতে তোলেদেন ভাল হবে। ধন্যবাদ,Positive,Joyful,49,10
মহান কাজ ভাই; বেঁচে থাকুন।,Positive,Joyful,26,5
খুব সুন্দর কথা বলেছেন কিন্তু কোনো উদ্দেশ্য আছে নাকি আবার,Positive,Joyful,56,10
মামু এতদিনে লাইনে আইছে মনে হয়?,Positive,Joyful,30,6
সময়ের সাথে সাথে পৃথিবী পরিবর্তন হচ্ছে সুতরাং মুক্ত চিন্তা ঠেকানো সম্ভব না।এটা আস্তে আস্তে পরিবর্তন হতে বাধ্য।,Positive,Joyful,109,17
"রাইট ভাই,একদম খাঁটি কথা।",Positive,Joyful,24,4
"ধন্যবাদ মিঃ ইমরান সরকার। সত্য,উপলব্দি করার জন্য।। আমিতোমার কট্টর সমালোচক হওয়া সত্বেও।",Positive,Joyful,85,12
নির্ভয়ে সত্যটা বলার জন্য ধন্যবাদ,Positive,Joyful,32,5
হা ভাই ঠিক বলেছেন । আমরা মুক্ত চিন্তর সংঙ্গা যান্তে চাই,Positive,Joyful,55,11
"অভিনন্দন মুক্তচিন্তার সংজ্ঞা দেওয়ার জন্য। এগিয়ে যান- দেশের বিরুদ্ধে ষড়যন্ত্রকারীদের প্রতিহত করার আন্দোলনে, সাথেই থাকবো ইনশাআল্লাহ্",Positive,Joyful,130,16
"মামু, বাশ খাওয়ার ঠিক পর হইসস, নিজে বাচার জন্য,, গুড,,,,,,",Positive,Joyful,57,10
অথচ তুমি তাদের পক্ষেই থাকো।কলম চলবে বলো।হা হা হা।,Positive,Joyful,49,9
"এতদিন পরে বুঝতে পারার জন্য, আপনাকে ধন্যবাদ",Positive,Joyful,42,7
খুব ভালো বলছেন ইমরান ভাই।,Positive,Joyful,25,5
ধন্যবাদ ইমরান ভাই.....,Positive,Joyful,22,3
শুভ বুদ্ধির উদয় হয়েছে।,Positive,Joyful,22,4
আপনার কথাটা ভাল লাগলো #ইমরান_ভাই :),Positive,Joyful,35,6
আপনার আদর্শ একজন প্রকৃত মানুষের মনুষ্যত্ব এর পরিচায়ক ।,Positive,Joyful,54,9
আপনার মধ্যে অনেক পরিবর্তন আসছে। ধন্যবাদ।,Positive,Joyful,40,6
সাহসী বক্ত‌ব্যের জন্য আপনা‌কে লা‌খো সালাম,Positive,Joyful,42,6
অবশেষে লাইনে আইলেন ভাইয়া,Positive,Joyful,24,4
ঠিক কথা বলেছেন আপনাকে ধন্যবাদ,Positive,Joyful,29,5
"সহমত""""",Positive,Joyful,6,1
ভাই লাষ্ট বেশ কটা স্ট্যাটাস বেটার লেগেছে। অনুধাবন থেকে পরিবর্তনের একটা আভাস।,Positive,Joyful,76,12
সত্যি কথা,Positive,Joyful,9,2
অনেক পরে হলেও বুজলেন। ধন্যবাদ :),Positive,Joyful,32,6
ব্যপক বিনুদন পাইলাম... :v,Positive,Joyful,25,4
তাহলে এতদিনে বুঝলা বাবো,Positive,Joyful,23,4
ভাই সত্যিই ডরাইছে!হা হা হা হা হা।কথায় অাছেনা যেখানে বাগের ভয় সেখানেই রাত হয়।ইমরাইন-নার মনে এবার অন্ধকার নামতেছে মনে হয় ভাই,Positive,Joyful,122,21
মামায় পল্টি মারছে।,Positive,Joyful,18,3
হাজি বংশের ছেলে যখন ৫ ওয়াক্ত নামাজ পড়েন সঠিক মযাদা পাবেন ইনশাল্লাহ্,Positive,Joyful,67,12
ঠিক বলেছ ইমরান...তোমাকে ধন্যবাদ। জয় বাংলা জয় বঙ্গবন্ধু,Positive,Joyful,54,8
ঠেলার নাম বাবাজি।,Positive,Joyful,17,3
ওনাকে দেখার অনেক ইচ্ছা তবে না দেখলেও দোয়া রইল ওনার জন্য,Positive,Joyful,55,11
ম্যাজেস্ট্র্যাট কে যাদের দেখার খায়েশ ছিল; তারা এই ভিডিও দেখলে উনাকে দেখতে পাবেন... :),Positive,Joyful,85,14
দয়া করে নিউজটা ইউটিউবে দিবেন এবং লিংকটা পোষ্ট করবেন এই পেইজে কারণ আমার কম্পিউটারে এই নিউজের লিংকটা আসতেছে না । ধন্যবাদ ।,Positive,Joyful,120,22
"বিদেশী এয়ারলাইন্স না আসলেও ক্ষতি নেই, আমাদের দেশে বাংলাদেশ বিমান সহ সব বেসরকারি সংস্থার সেবার মান উন্নত হলে দেশ যেমন লাভবান হবে ঠিক তেমনি আমাদের দেশের জনগন, বিশেষ করে প্রবাসীরা উপকৃত হবে বলে আমি মনে করি।",Positive,Joyful,203,36
"আপনার প্রতি অনেক দোয়া, আল্লাহ আপনাকে ভাল রাখুন। অন্যায়ের সাথে কোন আপোষ নয়।",Positive,Joyful,74,13
"যদি আপনি আপনার কাজকে স্যালুট করেন , তবে আপনাকে আর কাউকে স্যালুট করতে হবে না। আল্লাহ আপনাদের মঙ্গল করুক। আপনাদের বাবা মা কে ধন্যবাদ আপনাদের মত সুসন্তান কে এই পরিত্যক্ত বাংলায় উপহার হিসেবে দেয়ার জন্য।",Positive,Joyful,198,35
আমি আপনাদের এই পেজটা নিয়মিত ভিজিট করি। আপনাদের পোস্টগুলো অত্যন্ত মনযোগ সহকারে পড়ি। পোস্টগুলো পড়ে মনে হয় আপনাদেরকে যদি অন্তত একটি বার স্যালুট করতে পারতাম মনে শান্তি পেতাম। আমার পক্ষ থেকে যদি স্যালুট গ্রহন করতেন খুশি হতাম।,Positive,Joyful,220,37
"এন,টি,ভি আপনারা এগুলো বেশি করে প্রচার করুণ।।।",Positive,Joyful,46,7
ধন্যবাদ মিডিয়া।।।।,Positive,Joyful,18,2
এন টিভির কালকে একটা পোস্ট এ কোমেন্ট করছি এয়ারপোটের একটা নিউজ করার জন্য,Positive,Joyful,70,13
ধন্যবাদ দিলেও খুবই কম বলা হয় আপনাদের জন্য।(y) (y),Positive,Joyful,49,9
আজ দুইটার সময় দেখলাম।!,Positive,Joyful,22,4
"নিউজ শেয়ার না করে আপনি লিখলে ভাল লাগে, প্লিজ যদি সময় পান নিজে লিখে পোস্ট করবেন। কারন আপনার কাজে যেমন আর্ট আছে, লিখাতো আর্ট আছে। ধন্যবাদ :)",Positive,Joyful,138,27
"আপনার মতামত ঠিক, আমাদের মধ্যে যাদের আত্মীয়, বন্ধু, পরিচিতজন মিডিয়ায় কাজ করেন তাদেরকে এই পেইজ ও পেইজ পরিচালনকারী দেশপ্রেমিক ভাইদের তত্থ্য দিতে হবে এবং এই আন্দোলনের সাথে একাত্ম করতে হবে।",Positive,Joyful,184,30
সহমত পোষণ করছি,Positive,Joyful,14,3
আমি ও একমত।,Positive,Joyful,11,3
অথবা শেয়ার করতে করতে সবাই খবর গুলা ভাইরাল করে দিলে এমনিতেই তারাই আসবে,Positive,Joyful,69,13
আমি অনেক ব্যাস্ততার মাঝেও আজকের পুরো বিচার কার্যোক্রমের অপেক্ষায় ছিলাম । আলহামদুলিল্লাহ আমি আপনার বিচার ব্যাবস্থা তথা সাহসের প্রসংসা করছি একই সাথে মহান আল্লাহ্‌ রাব্বুল আলামীনের কাছে প্রার্থনাকরি যেনো আপনার এবং আপনার পরিবার বরগোকে হেফাজোত করেন । ( আমীন ),Positive,Joyful,254,40
"মাননীয় আদালতের সাহসী পদক্ষেপের জন্য লাখো স্যালুট। ধন্য আপনার জনক জননী। কুকুরের হাজার বাচ্চার চেয়ে বাঘের একটাই শ্রেয়।সবিনয়পূর্বক একটি প্রশ্ন,যাত্রীর মানিব্যাগ এর টাকার ব্যাপারে কি হলো জানাবেন প্লিজ। আল্লাহ আপনাদের সহায় হোক প্রতিটা মুহূর্ত। ধন্যবাদ",Positive,Joyful,246,35
"এতদিন জানতাম ঝিকে মেরে বৌকে শেখানো, বৌতো কিছুই শিখে নাই দেখা যায়। স্যারদ্বয় সমীপে, আপনারা আমাদের আশার বাতিঘর। আপনারা নিজেও জানেন না কত শত যুবক যুবতীর অন্তর আলোকিত করছেন আপনারা। বাংলাদেশে অনুসরনীয় কেউ থাকলে আপনারাই আছেন। শুভকামনা।",Positive,Joyful,229,37
"আমি ভেবেছিলাম আমাদের একজন মাননীয় মন্ত্রী আছেন , আছে বিবেকের কন্ঠস্বর খবরের কাগজ রা ও । আছে High Court . এবং অন্যান্য মহাশকতিশালী তাদের কার ও কি এয়ারপোরট এর মত সংবেদনশীল স্থানে Demonstration এবং বিশৃংখলা করার জন্য কিছু করনীয় নাই !",Positive,Joyful,229,41
নির্বাহী ম্যাজিস্ট্রেট ইউসুফ স্যার যেন লাদেন কতৃক ট্রেনিং প্রাপ্ত! মরব তবুও নরবনা। এমন হাজার ও ইউসুফ এর জন্ম হউক ’’’’’’“ তবেই বাংলাদেশ এগিয়ে যাবে। অনেক শুভ কামনা । ।,Positive,Joyful,165,29
"এইসব বড় বড় চোরদের আন্দোলনকে পাত্তা দিবেননা, বিশ্বাস করেন যাদের কারনে দেশের এই অর্থনিতি চাকা ঘুরছে সেই প্রবাসীরা আপনার সাথে আছে.",Positive,Joyful,127,21
আশা করছি নির্বাহী ম্যাজিস্ট্রেট মুহাম্মদ ইউসুফ সহ তাঁর টিম শুধু আমাদের বিমানবন্দর কেই শুধু জঞ্জাল মুক্ত করবেন না। পরবর্তীতে যেন তাদের এই পরিশ্রম কেউ নষ্ট না করতে পারে সেই জন্য বেশকিছু যোগ্য উত্তরশুরি তৈরী করে যাবেন।,Positive,Joyful,215,36
সাহসিকতার সাথে পরিস্থিতি মোকাবেলার জন্য ধন্যবাদ। তবে এটা কি মোবাইল কোর্টের বিচার হল? কোন অপরাধীরই তো সাজা হয়নি। শুধু গর্জণই হল বর্ষণ আর হলনা।,Positive,Joyful,141,24
সুন্দর চেহারার নয়-সুন্দর মনের কিছু ভালো বন্ধু চাই! যারা বন্ধু হতে চাও এড করো,Positive,Joyful,76,14
যেগুলো দূর্নিতীর পক্ষে আন্দোলন করেছে তাদের কে ক্রমান্বয়ে বদলী করা উচিত।,Positive,Joyful,71,11
আমরা প্রবাসীরা এই উদ্যোগ কে স্বাগত জানাই। চূর বাটপারদের টিকানা যাতে এই বাংলাদেসে না হয়। সেই শুরুটা হউক এয়ারপট তেকে......।,Positive,Joyful,121,20
স্যার চোরেরা কি তাদের অভ্যাস পরিবর্তন করতে পারে?এদেরকে সোজা বাড়িতে বৌয়ের কাছে পাঠিয়ে দিবেন।আপনারাই পারবেন ইনশাল্লাহ,Positive,Joyful,115,16
পাকিদের বুলেটের সামনে মাথা উঁচু করে দাড়িয়ে স্বাধীনতার কথা বলেছিল আমাদের বীর বাঙ্গালীরা....তাদের মহান আত্মত্যাগে আজ আমরা স্বাধীন দেশের নাগরিক.......সেইসব বীরের শক্তি ও সাহসকে পূঁজি করে এগিয়ে যান.....অনেক অনেক ধন্যবাদ আপনাকে.....আমরা আছি আপনার সাথে....আমরা আছি ম্যাজিষ্ট্রেট অল এয়ারপোর্টর সা্থে.....,Positive,Joyful,297,39
খুব বেশি দরকার নাই only ৩০ জন ইউসুফ good enough বাংলাদেশ কে দুর্নীতি মুক্ত করার জন্য । hats off you sir.....keep it up.one day i will join with you.,Positive,Joyful,148,29
একা আপনার পক্ষে এ পশু গুলোকে সম্বপর হবে মনে হয় না। তবে আপনার বিভিন্ন পদক্ষেপ এর জন্য আপনি ধন্যবাদ পাওয়ার যোগ্য ।দয়া করে একটু ত্যাগ স্বীকার করে এয়ার পোট এ যাএী হয়রানি বনদ করেন আপনি পারবেন শাস্তি সহ যথাযত ব্যাস্তা নিতেন। আপনাকে অশেষ ধন্যবাদ,Positive,Joyful,238,44
আমি এই মানুষ টার বিষয় এ যতই পড়ছি ততই তার প্রতি আমার শ্রদ্ধা বাড়ছে। ততই তাকে দেখতে ইচ্ছা করছে যে এমন মানুষ এখন ও আছে। আপনাকে হাজার সালাম জানাই ভাই। আপনি বেচে থাকবেন হাজার ও মানুষ এর অন্তর এ। আপনার জন্নে হাজার ও মানুষ দোআ করবে.......may ALLAH with you vai jaan,Positive,Joyful,258,51
"ভাইরে গালির মধ্যে আঞ্চলিকতার টান থাকবোনা তাকি হয়?এইটাও আপনি ধরে ফেলছেন,যামু কই।তবে আপনাকে ধন্যবাদ,বাংলা হগলে কয় কিন্তু শুদ্ধ সুন্দর সুইট বাংলা কয়জনে পারে।ধন্যবাদ",Positive,Joyful,161,23
ধন্যবাদ আপনাকেও ।,Positive,Joyful,17,3
"স্যার।সুদু এ টুকুই বলবো।""থাকবো ন্যার এর সংগে""",Positive,Joyful,45,7
বিচার করা হউক এই পেইজ এবং স্যারের সাথে আছি।,Positive,Joyful,43,9
"স্যার , মুল যারা অভিযুক্ত তাদের ব্যাপারে কি সিদ্ধান্ত নিলেন ?",Positive,Joyful,61,11
অনেক অনেক শুভেচ্ছা এবং ধন্যবাদ আপনাকে,Positive,Joyful,37,6
শুধু বলবার আছে এটুকু যে --- ধন্যবাদ । সতর্ক থাকবেন ।,Positive,Joyful,52,11
"আপনি এগিয়ে যান এই দোয়াই করছি,",Positive,Joyful,29,6
"আপনি সঠিক ও সৎ পথে রয়েছেন, বিজয় সব সময় সততার হয়। এগিয়ে যান...। এদেশের কোটি কোটি মানুষ আপনাদের পাশে আছে .........।",Positive,Joyful,113,21
সাবাস ! সাবাস ! চালিয়া যান. আমরা আছি আপনাদের সাথে.,Positive,Joyful,50,10
"সালাম স্যার, সাহসী কতার জন্য আপনাকে হাজার সালাম",Positive,Joyful,47,8
আমরা আছি আপনাদের সাথে। এগিয়ে যান বস।,Positive,Joyful,36,7
শাবাশ! !,Positive,Joyful,8,2
কেউ ই আইনের উরধে নয়। এই কথাটি কাজে দেখানোর জন্য ধন্যবাদ @Magistrate sir...,Positive,Joyful,74,13
আজকে এন টিভি তে আপনাদের কার্যক্রমের প্রতিবেদন দেখলাম ভাল লাগলো। এভাবে শক্ত ভাবে চালিয়ে যান ইনশাআল্লাহ সফল হবেন।,Positive,Joyful,111,18
এবার দুর্নীতিবাজদের সরদার ধরা খাইছে। জমবে খেলা। চালিয়ে যান লক্ষ. লক্ষ প্রবাসী আপনাদের সাথে আছে।,Positive,Joyful,95,15
নিশতে প্রাণ যে করিবে দান ভয় নাই তাহার ভয় নাই ।সতের জয় অবধারিত ।চালিয়ে যান আমরা সকল প্রবাসী আপনার সাথে থাকবো ।,Positive,Joyful,109,22
এমন হাজার ও ইউসুফ এর জন্ম হউক ’’’’’’“ তবেই বাংলাদেশ এগিয়ে যাবে। অনেক শুভ কামনা । ।,Positive,Joyful,82,17
"ঐ তস্করের চেহারা মোবারক খানা পোষ্ট করে দিন। কিছু তো আর করতে পারবো না, দুর থেকে একটু আমিন আমিন করি।",Positive,Joyful,98,20
একেবারে নাড়িয়ে দিয়েচে গো! \m/ \m/,Positive,Joyful,33,6
স্যার আপনাকে ধন্যবাদ সত্যের সাথে লড়াই করার জন্য ।আমি আপনার জন্য দোয়া করি।,Positive,Joyful,74,13
নির্বাহী মাজিস্ট্রেট স্যারকে স্যালুট।।।। এগিয়ে যান স্যার...,Positive,Joyful,59,7
শাবাশ....,Positive,Joyful,9,1
ধন্যবাদ ম্যাজিস্ট্রেট আপনি আপনার কর্মের সঠিক কাজটি করার জন্য।,Positive,Joyful,61,9
ম্যাজিস্ট্রেট স্যার ধন্যবাদ। কিনতু ভয় হয় আপনি ওখানে ঠিকতে পারবেন কিনা।,Positive,Joyful,70,11
সাবাশ,Positive,Joyful,5,1
এয়ারপোর্টের ভিতরেও ট্রেড ইউনিয়ন বানাইছে! একদিন টিভি রিপোর্টে দেখলাম এই প্রধান নিরাপত্তা কর্মী প্রধানমন্ত্রী কে কুটুক্তি করায় ডিমশন পেয়েছিলেন! বিষয় টা একটু দেখবেন মেজিস্টেট সাহেব! কূটনৈতিক তৎপরতাও চালিয়ে যান!,Positive,Joyful,207,29
"আপনি আপনার কাজ চালিয়ে যান, আপনার সাথে প্রতিটি মজলুম প্রবাসীর দোয়া রয়েছে,",Positive,Joyful,73,12
ভাল কাজ করতে গেলে বাধা আসবেই। সব বাধা উপেক্ষা করে সামনে এগিয়ে যান।প্রবাসী ও দেশবাসী আপনাদের পাশে আছে।,Positive,Joyful,101,18
"মাননীয় নিরাপত্তা কর্মীদের সৎ পথের ইনকাম যে হারে বাধা গ্রস্থ হচ্ছে আপনাদের জন্য ,একটু হট্টগোল তো করবেই ,তাই না?",Positive,Joyful,111,19
স্যার এগিয়ে যান আল্লাহ সাথে আছেন সাথে আপনার দুই লাখেরও বেশী বাহীনির আন্তরিকতা আমরা আপনাদের সাথেই আছি।,Positive,Joyful,101,17
"Airport এর সব জায়গায় সি সি ক্যামেরা দিয়ে নজদারি করলে হয়ত চুরি কমতে পারে , তাহলে হয়ত হাতে নাতে চোর ধরা সম্ভাব",Positive,Joyful,108,22
"ভাল কাজে বাধা আসবেই, এটা কোন বিষয় নয়। আপনার ভাল কাজ অব্যাহত থাক এটাই আমাদের চাওয়া।",Positive,Joyful,82,16
ভাই এই সময়টা একদম পারফেক্ট। আইন যে সবার জন্য সমান তা কাজে প্রমাণ করবেন আরও ভালভাবে। এমন সুযোগ আর নাও আসতে পারে।,Positive,Joyful,111,22
স্যার একদম বড় চোরের গলায় হাত। wow great,Positive,Joyful,39,8
"ওদের সাথে আছে ৪০০/৫০০ জন লোক, আর আপনাদের সাথে আছে কোটি কোটি আমজনতা! যদি কখনো বিপদে পরেন তবে শুধু একটা ইভেন্ট খুলে দিবেন, আমরা আপনাদের হয়ে গলা বাড়াবো।।",Positive,Joyful,150,28
এত দিনে ভাই কাজের মতো কাজ করেছেন।।।। কারন সমস্ত নাটের গুরু ইনি ই।।। হট্টগোল করছে তারাই যারা ফেঁসে যাওয়ার ভয়ে আছে।।।। ভাই সাথে আছি।। আল্লহের কসম সাথে আছি ভাই,Positive,Joyful,156,29
ওদের চুরি বন্ধ হয়ে যাচ্ছে। আর সকল চুরির ভাগ ঐ নিরাপত্তা প্রধান পায়। কারণ সে সহযোগীতা না করলে কখনই বিমানবন্দরে চুরি করা সম্ভব নয়। আশাকরি ইউসুফ সাহেব সাহসী পদক্ষেপ নেবেন। সমস্যা মাথায় হলে মাথা কেটে দিন দেখবেন সবকিছু আপনা আপনি ভালো হয়ে গেছে।,Positive,Joyful,238,43
"এরকমই কিছু একটা আঁচ করছিলাম। জানতাম মূল সিন্ডিকেটটার উপর হাত পড়লেই এরকম প্রতিক্রিয়া হবে। মূলত এরাই যাত্রী ভোগান্তির অন্যতম কারণ। এই বিষয়ে আপনারা কতটুকু সফল হতে পারেন, সেটাই দেখার বিষয়। তবে জনগণ আপনাদের সাথে থাকবে। নির্ভয়ে কাজ চালান।",Positive,Joyful,232,38
"স্যার আপনি আমাদের প্রবাসী দের গৌরব, অতএব আপনার জন্য আমরা প্রবাসী রা তৈরি আছি, ইনশাললাহ আপনি এগিয়ে যান, আর কোন রাগব বোয়াল এবং শয়তান বদমাইশ এয়ারপোট পরিবেশ নসট না করতে পারে, তাই আমরা প্রবাসীরা আপনার সাথে সর্ব সময় আমাদের পাবেন ইনশাললাহ,,",Positive,Joyful,233,41
দয়া করে হাল ছাড়বেন না। আপনাদের নৈতিকতার কাছে অবশ্যই পরাজিত হবে কুলাঙ্গারের। সকল সৎ মানসিকতাধারী আপনাদের সাথে আছেন। আল্লাহ আপনাদের সাহায্য করবেন।,Positive,Joyful,144,22
"আমরা Airport magistrate এর সাথে আছি,থাকবো আপনারা আছে বলে দেশ এগিয়ে যাচ্ছে,",Positive,Joyful,74,12
CSO ও তার চোর বাটপার সহযোগী গুলো বেশী বাড়া বাড়ি করলে দয়া করে এয়ারপোর্টে উপস্থিত যাএীদের জানিয়ে দিন তখন দেখবেন ঐ চোর বেটাদেরকে উচিৎ শিক্ষা দিয়ে দিবে।,Positive,Joyful,148,27
কোনরকম একটা ভিডিও করে অনলাইনে ভাইরাল করে দেন। আমরা আওয়াজ তুলব অন্যায়কারীর বিরূদ্বে,Positive,Joyful,82,13
আমাদের প্রবাসীদের দোওয়া ও ভালবাসা আপনাদের সাথে আছে ইনশাআল্লাহ। ঐ সকল খারাপ মানুষ আপনাদের কোন ক্ষতি ই করতে পারবেনা ইনশাআল্লাহ।,Positive,Joyful,125,20
"প্রয়োজন হলে.. আপনাদের হাজার হাজার শুভাকাঙ্ক্ষী পুরো বিমান বন্দর ঘেরাও করে হট্রগোল করবে,আপনাদের অভিবাদন জানাবে। ✊☝🙌",Positive,Joyful,114,16
ঢাকা বিমানবন্দরে কম’রতদের মধ্যে যাহারা ঘুষখোর চোর বাটপাড় তাহাদের পথের কাটা হলেন আপনারা। ঐসব রাজাকারদের বিরুদ্ধে যুদ্ধ চালিয়ে যান। বন্দরটাকে রাজাকার মুক্ত করেন।,Positive,Joyful,161,23
"দেশের সকল ম্যাজিস্ট্রেট ভাইদের দৃষ্টি আকর্ষণ করছি , আপনারা একত্রিত হয়ে এ য়ার পোর্ট ম্যাজিস্ট্রেট দের পাশে দাড়ান । বেয়াদপ গুলোর কঠিন বিচার করেন । এই দেশে অন্যায়ের বিচার করলে , আন্দলনের নামে বিচারকারিকে অপমান করা ফ্যাশন হয়ে গেছে ।",Positive,Joyful,228,40
"ভালো, ন্যায় ও মহৎ কাজে বাধা আসবেই; আশা করি আপনারা দমে যাবেন না...আল্লাহ আপনাদের হেফাজত করবেন!",Positive,Joyful,93,16
"অধিকার বুঝে নেওয়ার, বিপদের বন্ধু হিসেবে পাওয়া যাবে ওদের। সঙ্গে থাকুন। ভালো থাকুন। Nasir Uddin",Positive,Joyful,93,15
"আসুন সবাই এক হয়ে প্রতিবাদ করি.... মেজিস্টেট সাহেবদের তাদের কাজ করতে দিতে হবে, চোরদের বিমান বন্দর থেকে বিতারিত করতে হবে।",Positive,Joyful,119,20
সাধারণ অপরাধীদের বিরুদ্ধে যুদ্ধ করার চেয়ে সিস্টেম এবং 'সিস্টেমের এক্সপ্লয়েটর'দের বিরুদ্ধে যুদ্ধ করা অনেক কঠিন। এই কঠিন কাজটি আপনি নিরন্তর করে চলেছেন। আপনাকে অনেক নবীনই আদর্শ মানে। আল্লাহ আপনাকে আরো অনেকদিন আমাদেরকে সার্ভ করার সু্যোগ দিন।,Positive,Joyful,237,36
কালকেই কি Magistrates দের সমর্থনে ১০০০ খানেক লোক বিমান বন্দরে হাজির হওয়া সম্ভব।কে কে হাজির হতে আগ্রহী..................আমি ২/৩ জন হাজির করতে পারবো,Positive,Joyful,146,22
"পরবর্তী আপঢেট এর অপেক্ষায় থাকলাম, আশা করি এই চুর এর সরদার এর উপযুক্ত শাস্তি দেখতে পারব। all the best sir",Positive,Joyful,105,20
"আগেও বলেছি আজ আবার বলি, সব কয়টা চুর এর ছবি বড় করে টার্মিনাল এর গেইট এ টানিয়ে দেন, দিয়ে লিখে দেন "" চুর হতে সাবধান """,Positive,Joyful,118,26
অশেষ দোআ রইলো! আপনাদের ভাল ইচ্ছেগুলো পূরণ হোক,Positive,Joyful,45,8
আগের হেডলাইনটা ভালো ছিল। চোরের মায়ের বড় গলা।,Positive,Joyful,44,8
গুড গুড! স্বরূপ প্রকাশ পাইতেছে!,Positive,Joyful,31,5
কঠিন কোন পদক্ষেপ নিতে না পারলে অন্তত অল্প কিছু জরিমানা করে দিন যেন ক্যরিয়ারে একটা লাল দাগ পড়ে যায়৷,Positive,Joyful,98,19
"এক কথায় বলব এগিয়ে যান , চোরেরা যত বড়ই হোক পতন তাদের হবেই হবে",Positive,Joyful,60,14
যদি কোন সাহায্য করতে পারি বলবেন।,Positive,Joyful,32,6
এত খারাপের মাঝেও ভাল কাজ গুলো করে যাছেন স্যালুট।,Positive,Joyful,48,9
এত কিছুর পরও এই ক্রিমিনাল কিভাবে বিমানবন্দরে কিভাবে থাকে। এই পেইজে পররাষ্ট্র প্রতিমন্ত্রী আছেন। তার দৃষ্টি আকর্ষণ করছি।,Positive,Joyful,119,18
"বাহ ,তাহলে তো উনি বেশ ক্ষমতাধর ব্যাক্তি ।এই page এ মাননীয় পররাষ্ট্র মন্ত্রী , আছেন, উনিও দেখবেন আশা করি , এই বিষয়টি ।",Positive,Joyful,117,23
"ম্যাজিস্ট্রট সাহেব, এই সব চোরগুলিকে ধরে ঢাকার কেন্দ্রীয় কারাগারের সিধেল চোরদের ওয়ার্ডে পাঠিয়ে দেন । এখনি শুদ্ধি অভিযান চালানোর সঠিক সময় । You are doing wonderful job. Well done honorable Magistrate. Just go ahead. We are with you. We are proud of you.",Positive,Joyful,251,43
রাইট কথা বলছেন ভাই,Positive,Joyful,18,4
আমাদের দেশে হাজার হাজার যুবক ডিগ্রীধারী বেকার এই সব চোর দের বাহির করে নতুনভাবে সিকিউরিটি নিয়োগ দেয়া হউক,Positive,Joyful,103,18
ঐ নিরাপত্তা প্রধানই সকল চুরির হোতা। ওনাকে যথাযথ আইনি প্রক্রিয়ায় এনে বিচার করা হোক। আশাকরি অন্যায়ের কাছে নতি শিকার করবেন না।,Positive,Joyful,123,21
"ভাই ঘাড় ধরে সব কয়টারে জেলে দেন, বাংলাদেশে ভাল মানুষের অভাব নেই। অনেক সৎ যোগ্য মানুষ তাদের চাকরি নিতে পারবে। :) জয় বাংলা, আপনারা এগিয়ে যান। এগিয়ে যাবে বাংলাদেশ।",Positive,Joyful,164,29
"টোটাল কতজন প্রবাসী আছে তার সঠিক তথ্য কারো কাছে নেই, কিন্তু কয়জন সিকিউরিটি অফিসার আছে, তা সবাই জানে। অগনিত সেই প্রবাসীরা আপনাদের সাথে আছে, আপনাদের শক্তি।",Positive,Joyful,152,26
এই ধরনের লোকজন বিমান বন্দরকে তাদের বাপ-দাদার সম্পত্তি মনে করেন আর অন্যায় করতে থাকেন। শক্ত হাতে এদেরকে দমন করতে হবে। দেশের কোটি কোটি জনসাধারন আপনাদের সাথে আছে। আল্লাহর সাহায্যও ন্য্যয়ের সাথেই থাকে। আপনারা নির্ভয়ে এগিয়ে যান। ইন শা আল্লাহ জয় আপনাদের সুনিশ্চিত।,Positive,Joyful,257,42
স্যার সত্যর জয় হবে কিন্তুু সমস্যা ঐ যে ব....ড় ভাই । এগিয়ে যান আল্লাহ্ সহায়..,Positive,Joyful,76,15
যখন যেখানে কেউ ভালো কাজ করতে যাবে (বিশেষ করে আমাদের দেশে)তখন সেই কাজে বাধা আসবেই ।বাধা বিপওি কে দুরে ঠেলে সামনের দিগে এগিয়ে যাওয়াই হোক আপনাদের লক্ষ্য ও উদ্দেশ্য ।,Positive,Joyful,164,30
"ওদের বড় গলা হলে, আমরা যারা আপনাদের পাশে আছি, তাদের ও গলার আওয়াজ ও কিন্তু কম না। তাই, ভয় পাবেন না, আমরা আছি আপনাদের পাশে।",Positive,Joyful,120,25
আমরা আশা করি আপনাদের কাজকর্ম ঠিক মতো চালিয়ে যাবেন।এসব চোর বাটপারদের পকেট একটু খালি যাচ্ছে তাই ওদের মাথা খারাপ।আমরা প্রবাসীরা আপনাদের সাথে আছি এবং থাকব ইনশাআল্লাহ।আমরা চাই এই সব চোর বাটপারদের চূড়ান্ত শাস্তি এবং নিরপরাধ রেমিটেন্স যোদ্ধাদের নিরাপদ যাতায়াত নিশ্চিত করতে।,Positive,Joyful,268,41
আপনারা কখনোও থামবেন না। আপনাদের সাথে জনগণ আছে। কোনো চাপে মাথা নত করবেন না। ম্যাজিস্ট্রেটদের টুপিখোলা অভিবাদন জানাই।,Positive,Joyful,115,18
ভালো কাজে বাধা আসবেই।তবু ও এগিয়ে যেতে হবে।go ahead pls....,Positive,Joyful,58,10
"সবাইকে অনুরোধ করছি, সবাই পোষ্টটি পররাষ্ট্রমন্ত্রী/ পররাষ্ট্রমন্ত্রী প্রতিমন্ত্রীর/ প্রবাসী কল্যাণ মন্ত্রীদের FB wallএ ট্যাগ করুন বেশী বেশী...",Positive,Joyful,141,17
চিপ সিকিউরিটি অফিসার কে কি শাস্তির আওতায় আনা হবে।,Positive,Joyful,49,9
"কি আর করবেন স্যার, দেশটা ওদের হাতে তুলে দিয়ে চলেন পালিয়ে যাই",Positive,Joyful,60,12
ভাল কাজে বাধা আসবেই ইউসুফ ভাই শুধু আপনি ঠিক থাকলেই হয়।,Positive,Joyful,54,11
"ভাল কাজে বাধা আসবে,ভয়ের কোন কারণ নেই সামনে এগিয়ে যান।",Positive,Joyful,53,10
"আমরা আশা করি স্যার আপনি থেমে যাবেন না,সবাই আপনাদের সাথে আছে।",Positive,Joyful,60,11
এদের শক্ত হাতে দমন করতে হবে..,Positive,Joyful,29,6
এদের শাস্তি হতেই হবে।,Positive,Joyful,21,4
একদম ঠিক বলেছেন তয় গলাটা আর একটু টেনে ধরুন।।।,Positive,Joyful,45,9
বিমানবন্দরের মত এমন বিচার যদি দেশে ৫০% ও করা যেত ৫ বছরের মধ্যে দেশের চেহারা পাল্টে যেত।,Positive,Joyful,87,17
অভিনন্দন। আমরা কিন্তু নৈতিকতার শেষ ধাপে দাঁড়িয়ে আছি। আপনারা অগ্রগামী হোন ।,Positive,Joyful,74,12
এদের বিরুদ্ধে কঠোর ব্যবস্তা নেওয়া হোক।,Positive,Joyful,38,6
সত্যর জয় হবেই। ইন সাহ্ আল্লাহ,Positive,Joyful,29,6
সব ঠিক হয়ে যাবে এয়ারপোট টা লীজ দিয়ে দিলে,Positive,Joyful,40,9
"ম্যাজিস্ট্রেট সাহেব চমৎকার কাজ করছেন, এজন্য ধন্যবাদ জনাবকে । এই সব চোর ছ্যাচ্চর গুলিকে জেলে পাঠানোর মাধ্যমে শুদ্ধি অভিযান শুরু হোক ।",Positive,Joyful,132,22
আপনার আন্দোলন কে স্বাগত জানাই। চালিয়ে যান। যদি বাধা আসে তাহলেই বুঝবেন আপনি সার্থক। আর বিশেষ করে এয়ারপোর্ট পুলিশ দের একটু সাইজ করেন। এরা সবচেয়ে বেশি চোর। শুভকামনা রইলো।,Positive,Joyful,167,29
এত দিনে ভাই কাজের মতো কাজ করেছেন।।।। কারন সমস্ত নাটের গুরু ইনি ই।।। হট্টগোল করছে তারাই যারা ফেঁসে যাওয়ার ভয়ে আছে।।।। ভাই সাথে আছি।। আল্লহের কসম সাথে আছি ভাই।।।।।।।,Positive,Joyful,163,29
"আপনারা এগিয়ে যান, আপনারাই এ জাতির শ্রেষ্ঠ সন্তান দের একজন। আল্লাহ আপনাদের সহায় হোন।",Positive,Joyful,83,14
বিমানবন্দরের প্রধান নিরাপত্তা কর্মকর্তার বিরুদ্ধে আইনানুগ সর্বোচ্চ ও কঠিন শাস্তি দেওয়ার অনুরোধ জানাই। ম্যাজিস্ট্রেট চোর ধরে শাস্তি দেওয়ায় সব চোর ঐক্যবদ্ধ হয়েছে। চোরদের কাছে আপনি কোনভাবেই হেরে যেতে পারেন না।,Positive,Joyful,207,30
গ্যাং টা ভেঙ্গে দিন!!!আমরা আছি আপনার সঙ্গে!,Positive,Joyful,43,7
ভাল কাজে বাধা আসবে!!!,Positive,Joyful,21,4
ভাই আমরা আছি আপনাদের সাথে। আপনারা এগিয়ে জান।,Positive,Joyful,44,8
Rights.....ম্যাজিস্ট্রেট মুহাম্মদ ইউসুফ is the good man....,Positive,Joyful,59,7
বিমান এ বসে beautiful Bangladesh এর একটা প্রতিবেদন দেখলাম ২-৩ মিনিট হবে। এটা ফেসবুক এ upload করবেন please তাহলে সবাই দেখতে পাবে. very nice. এটা দেখেছিলাম মেঘদুত বিমান এ।,Positive,Joyful,169,29
স্যালুট ম্যান !,Positive,Joyful,15,3
ঠিকই আছে ১ জন বিদেশে গেলে তারে আগাইয়া দিয়ে সাথে আছে ৩০ জন। এলাকা জ্যাম কইরা গেলে। ৩০০ টাকার ভয়ে কম আসবে,Positive,Joyful,103,22
আজকের দিনের সবচাইতে ভাল সংবাদ স্যার! এখন থেকে যে কেউ ভিতরে ঢুকতে পারবে স্যার! টিকেটের দাম কি ৩০০ টাকা নাকি কম বেশী করা হয়েছে স্যার?,Positive,Joyful,131,25
"Magistrates, All Airports of Bangladesh স্যার আপনাদের মত active ও honest কাউকে সেট করেন as early as possible 😊 আর সহ্য হয়না ওদের অত্যাচার",Positive,Joyful,137,24
"মধ্যপ্রাচ্যের দেশ দুবাই, কাতারে ও প্যাসাঞ্জারের সাথে বোর্ডিং পাস নেয়ার কাউন্টার পর্যন্ত যাওয়া যায়। কারন সবাই সচেতন। বাংলাদেশের মানুষগুলো সচেতন হলে বাংলাদেশের এয়ারপোর্ট গুলোতে দর্শনার্থী প্রবেশাধিকারে কোন সমস্যা হওয়ার কথা না।",Positive,Joyful,224,31
CCTV দিয়ে কড়াকড়ি করা উচিত.. এইসব গুরুত্বপূর্ণ এলাকায় সব বিষয়ে সার্বক্ষণিক নজরদারী করা জরুরি..,Positive,Joyful,93,14
"তার মানে বলতে চাচ্ছেন- যাত্রীর সাথে লোক ভেতরে যেতে পারবে?তবে তো ভাল,,,ধন্যবাদ বস",Positive,Joyful,80,13
মনে হয় এক মাত্র বাংলাদেশের এয়ারপোর্টেই ঢুকতে টিকিট লাগে...আবার প্রতি বছর এই খাতেই লোকসান.এই বছর অবশ্য কোটি টাকা ব্যয়ে নতুন টয়লেট হইছে আগের চেয়ে পরিষ্কার. বিড়াল ও অনেক মশা অনেকের হাতে দেখলাম মশা মারার ব্যাট .,Positive,Joyful,207,36
নিজেকে পরিবরতন করুন,Positive,Joyful,19,3
"তবে দর্শনার্থী প্রবেশের নামে কোন রকমের দালালদের দেখতে চাই না, ধন্যবাদ ।",Positive,Joyful,71,12
কিন্তু সুন্দর একটা নিয়ম ও শৃন্খলা নিদ্ধারন করা উচিৎ যাতে,Positive,Joyful,56,10
"আমাদের বাংলাদেশে এয়ারপোর্ট এর ভিতর ঢুকতে টাকা লাগে ৩০০ আর অনান্য দেশে ফ্রি , অনান্য দেশের মত বাংলাদেশ এই নিয়ম পরিবর্তন করলে ভাল হতো Magistrates, All Airports of Bangladesh",Positive,Joyful,171,29
ধন্যবাদ। অনেকের উপর হবে।,Positive,Joyful,24,4
সুসংবাদ।,Positive,Joyful,8,1
সুষ্ট শৃংখলার প্রতি নজর দারী যেন থাকে,Positive,Joyful,37,7
অত্যন্ত ভালো সংবাদ!!,Positive,Joyful,20,3
খুবই ভাল সংবাদ,Positive,Joyful,14,3
ভাল,Positive,Joyful,3,1
"জী না ম্যাডাম আপনারা অল্পতেই আশাবাদী হয়ে যান!!!তারা যদি সত্যি ভূল বুঝতে পারতো তাহলে এতো ঘটনা ঘটে যাওয়ার পর আপনার কাছে ক্ষমা চেতো না।খবর নিয়ে দেখেন এই ভূল তারা এখনো করতেছে,আপনি lucky যে বিচার পেয়েছেন😔😔😔 **ধন্যবাদ Magistrate সাহেবদের ওনারা আছেন বলে একটু আলো দেখতে পাই",Positive,Joyful,265,45
এটা কেবলমাত্র এবং শুধুই কেবলমাত্র অল এয়ারপোর্টস ম্যাজিস্ট্রেট এর কল্যানে সম্ভব হয়েছে।,Positive,Joyful,85,12
"এত ভালো ভালো পোস্ট দেখলে খুবই ভালো লাগে, এমন করে যদি আমাদের দেশের সকল অন্যায়ের প্রতিকার পাওয়া যেত।",Positive,Joyful,98,18
লাগেজ কাটা কর্মচারী দের শাস্তি দিতে পারলে তবে মেজিসটেরেট গন স্মরণীয় হয়ে থাকবেন।,Positive,Joyful,79,13
"এভাবে চলতে থাকলে, সাধারণ মানুষ অনেক উপকৃত হবেন। ম্যাজিস্ট্রেট সাহেব যেন উনার কাজ এইভাবেই করতে থাকেন। আল্লাহ্‌ উনাকে দীর্ঘজীবী করুন।",Positive,Joyful,131,20
"উনি তো সব পেলো,,,,,,তা পাওনা তো ধন্যবাদ ছাড়া কিছুই দিতে পারমুনা তাই ধন্যবাদ টুকুই গ্রহন করোন",Positive,Joyful,92,16
শুধু আপনাদের জন্যই বিমান ভ্রমন জনপ্রিয় হচ্ছে,Positive,Joyful,44,7
ফেচবুকে অসাম নামে একটি বাটন খুব দরকার. এগিয়ে যান.,Positive,Joyful,49,9
লোল,Positive,Joyful,3,1
আপনাকে বড় কোন পদে দেখতে চাই।,Positive,Joyful,28,6
লিটন এর ফ্লাটা উঠুম ভাবতাছি,Positive,Joyful,27,5
"ভালো লাগে, এই সব সত্য ঘটনা গুলো শুনতে",Positive,Joyful,37,8
আইন বরোলোকের জনন খোলা আকাশের মতো গরিবের জনন মাকরোশার জালের মতো .শবাই জদি আপনার মতো হতো.sir..,Positive,Joyful,92,16
এই নিউজ গুলো বেশী বেশী শেয়ার করে সবাই কে জানালে অনেক মানুষ উপকার পাবে ঠিক জায়গায় বিচার দিতে পারবে,Positive,Joyful,97,19
আস্তে আস্তে সবাই লাইনে আসবে।,Positive,Joyful,28,5
এ গুলো এই ভাল মানুষ টার আবদান ওনারা পারবে আমাদের কে দেশকে পালটে দিতে,Positive,Joyful,68,14
আমরাও একদিন পারবো,Positive,Joyful,18,3
"জনাব, চট্টগ্রাম শাহ আমানত আন্তর্জাতিক বিমান বন্দরে কোন মেজিট্রেট দায়িত্বে আছেন কিনা যদি থাকে ওনার নাম্বার ও ফেসবুক পেজ থাকলে সব কিছু আপনাদের এ পেজে উল্লেখ করার অনুরোধ রইল।",Positive,Joyful,171,29
"বিমান বন্দরে তেল চোর,লাগজচোর, স্বর্ণচোর কোন চোর যেন না থাকে আপনারা সে ব্যবস্হা করবেন এটাই আমাদের কামনা।আশাকরি শাহজালাল বিমান বন্দর হবে চোর মুক্ত,দূর্নীতি মুক্ত।",Positive,Joyful,160,24
দয়া করে এদের ছবি সামাজিক যোগাযোগ মাধম্য প্রকাশ করুন যাতে করে এদের সমাজের সকলে চিনতে পারে।,Positive,Joyful,89,16
কি না চুরি করে... বিমানের অবনতি কি এমনিতে... দেশের জিনিস লোটপাট করার জন্যে পিয়ন থেকে ম্যনেজার পর্যন্ত তক্কে তক্কে থাকে... অসংখ্য ধন্যবাদ ভাই আপনাদের... সমাজের এ সমস্ত রক্তচোষা পরজীবিদের বের করে শাস্তি দেবার জন্যে... আফসোস সব সেক্টরে এমন এক-দুইজন কেন নাই!!,Positive,Joyful,255,41
পেইজটা নেশার মত হয়ে যাচ্ছে...! ঝামেলা হয়ে যাচ্ছে!!! অতি ভাল লাগলে যা হয়!!!!,Positive,Joyful,75,13
আপনি চালিয়ে যান যা হবার পরে দেখা যাবে,Positive,Joyful,37,8
"গ্রেট।।।। ইটস রিয়েলি গ্রেট।।।। তবে ভাই আপনারা কিন্তু এখন কঠিন সমস্যার মুখোমুখি হবেন।।।কারন এত দিনে জায়গা মতো হাত দিছেন।।। বি:দ্র: ভাই ভয় নাই, পাশে ছিলাম আছি আর থাকব।।।",Positive,Joyful,167,28
খুশী হলাম,Positive,Joyful,9,2
"আবার তোরা মানুষ হ,,,",Positive,Joyful,20,4
"মার ছক্কা,,,,",Positive,Joyful,13,2
অসাধারণ রিপ্লাই।,Positive,Joyful,16,2
"বস কৈ, শিং, মাগুর, টেংরা সাবধানে ধরবেন ।",Positive,Joyful,40,8
"নজর একটু উচু করুন ভাই Magistrates, All Airports of Bangladesh , রাঘব বোয়ালের দিকে হাত বাড়ান l আমার বিশ্বাস আপনিই পারবেন l All the best dear . .... তাই বলে এদের ছাড় নয় অবশ্যই l",Positive,Joyful,175,35
হাসতেই আছি আপু... :D,Positive,Joyful,20,4
"চোরে ভরা ছিল... কিন্ত এখন দিন বদলাচ্ছে! এভাবে চলতে থাকলে এক সময় আসবে, ম্যাজিস্ট্রেটদের কোন কাজই থাকবে না...। ইনশাল্লাহ।",Positive,Joyful,119,19
"খুব হাসলাম,",Positive,Joyful,11,2
টিক বলেছো,Positive,Joyful,9,2
সবুজ সংকেত পেয়েছেন কারণ ব্রিটেন আল্টিমেটাম দেয়ার পর সব নড়েচড়ে বসেছে। ব্রিটেনের পাওয়ার আগের মত না থাকতে পারে কিন্তু তারা যদি বিমান ল্যান্ডিং বন্ধ করে দেয় বাংলাদেশের তাহলে সবাই বন্ধ করে দিবে একসাথে। এই জন্যই উনি এখনো ভালভাবে কাজ করতে পারছেন।,Positive,Joyful,239,41
অনেকদিন পর নতুন টিভি নতুন ঘরি দেখলুম।,Positive,Joyful,37,7
স্যার আপনি উপরের কোন সবুজ সংকেত পেয়ে এত ভাল ভাল কাজ করে চলেছেন? যদি সবুজ সংকেত পেয়ে কাজ করেন আলহামদুলিল্লাহ্‌ । আর যদি আপনার বিবেকের ন্যায় বিচার কার্যকর করার জন্য আইনের শাসনের জন্য করে থাকেন আপনার জন্য খুব চিন্তিত । কারণ এই দেশে ভাল মানুষ বেশীক্ষণ হয় না । আপনার জন্য সব সময় শুভ কামনা ।,Positive,Joyful,285,56
মন্ত্রী-মিনিষ্টার সবাই এয়ারপোর্ট এ কোন এক সময় ঝামেলায় পড়ছে/পড়ছিলো / তাদের আপন কেউ হয়রানি হইছে সুতরাং সেভাবে কোন ক্ষতি হবে না। দোয়া রইলো :-),Positive,Joyful,139,24
"যেভাবে এক্টিভিটি দেখাচ্ছেন, আমি শিওর ২০১৬-১৭ এর সেরা ম্যাজিস্ট্রেট হয়ে যাবেন। শুভকামনা :-)",Positive,Joyful,90,13
"ভাই তৈল না, মবিল ১ গেলন এর দাম ১৫০০টাকা",Positive,Joyful,39,9
"ঢাকার আন্তর্জাতিক বিমানবন্দরটি চোরের আখড়া। এ ধারা চালু থাকলে আশা করা যায় এই চোরের জঞ্জাল থেকে বিমানবন্দর মুক্ত হবে। যাত্রীদের মালামাল চুরি, লাগেজ পেতে বিলম্ব সহ আনো নানা হয়রানি থেকে মুক্ত হবে। Well done! Keep it up!",Positive,Joyful,215,37
"চল বহুদুর বাংলােদশ,,, স্যার আপনার জন্য ভালবাসা ছাড়া আমাদের আর কিছু নাই,,,, দেশকে বাচঁতে সাহায্য করুন,,স্যার,, স্যলুট আপনাকে,,,,",Positive,Joyful,127,18
হাহাহা,Positive,Joyful,6,1
এইগুলারে লুব্রিকেটরসহই সাকা চৌধুরীর সেলে পাঠায়ে দেয়া উচিত ছিলো। ফাসির পরে এই প্রথমবারের মতো সাকারে মিস করতেছি ... হা হা হা,Positive,Joyful,122,21
মফিজুল ইসলাম ভাইকে সালাম এবং শুভেচ্ছা সৎ মানুষের কাতারে নিজেকে উন্নিত করার জন্য। প্রত্যেক সৎ মানুষই দেশের একটি করে স্তম্ভ। আর এই স্তম্ভ যত বাড়বে দেশের উন্নয়নের ভীত তত শক্ত হবে।,Positive,Joyful,176,31
"এই অফিসার টা কে খুব কাছে থেকে সকাল বিকাল দেখি। অসম্ভব একজন ভাল আর সৎ মানুষ। বিমানের এই রকম কয়েকজন বাঘ থাকলে, আজ বিমান দুনিয়ার সেরা এয়ারলাইন্স হত।",Positive,Joyful,145,28
মফিজ ভাই আপনাকে অসংখ্য ধণ্যবাদ এই দুঃসাহসিক কাজের জন্য। ম্যাজিস্ট্রেট সাহেবকেও ধন্যবাদ।,Positive,Joyful,87,12
"এবার আস্তে আস্তে বন্দরেরে রুই, কাতলা, পাঙ্গাস, হাঙ্গর , তিমি , ডাইনোসার ধরার চেষ্টা করেন। ইনশাআল্লাহ আপনারা পারবেন।",Positive,Joyful,115,18
আশাকরি সকল সরকারি কর্মকর্তা কর্মচারী মফিজুল ইসলাম ভাইয়ের কাজ করে দেশ এগিয়ে নিয়ে যাবে ইন্ সা ' আল্লাহ,Positive,Joyful,100,18
"ম্যাজিস্ট্রেট সাহেব, আমার পোলাপানগুলারে ইচ্ছামত কাজ (চুরি) করতে ‍দিয়েন, না হলে....? আপনারা যে এখন পর্যন্ত এই ডায়লগ গুলোকে ভয় পান নাই এটাই বড় বাঁচা। #Carry on brothers",Positive,Joyful,166,27
আপনাদের কাজে অভিভূত। হতাশা হয়েই গেছিলাম বাংলাদেশের এয়ারপোর্টের বিষয়ে - ধরেই নিতাম এইটাই নিয়তি। বেশ কয়েকবার ঝগড়া করেছি - কোন লাভ হয়নি - কারন শুনার কেউ ছিলো না। অবশেষে আপনাদের কর্মকান্ডে আশাবাদী হচ্ছি। আল্লাহ আপনাদের ভাল করুন।,Positive,Joyful,224,37
টেলিভিশন মনে হয় পরিবর্তন হইছে? ?,Positive,Joyful,32,6
স্যার যে সব অফিসার রা ভাল দায়িত্ব পালন করবে তাদের পুরষ্কার দেওয়া দরকার!!!!,Positive,Joyful,74,13
ছি এত নীচ টাইপের লোক এগুলো।ভাবতে অবাক লাগে বিমানবন্দরের ভিতরে এত চোর বাস করে।ধন্যবাদ স্যার,Positive,Joyful,90,15
"যে অন্যর উপকার করে, আল্লাহ্ সব সময় তার সহায় থাকে। 👍",Positive,Joyful,51,11
যাও মুরি খাওগা এখন জেলে বসে,Positive,Joyful,27,6
মফিজ ভাই! গর্বিত! পলাশ সিলেট থেকে,Positive,Joyful,33,6
আপনাকে অনেক ধন্যবাদ স্যার।,Positive,Joyful,26,4
এভাবেই শুভ হোক নবর্বষ,Positive,Joyful,21,4
ভাই মিষ্টি কই?নতুন টেলিভিশন মনে হচ্ছে......,Positive,Joyful,43,6
রুমের CRT বাক্স টা চেঞ্জ হয়ে এখন LED র স্থান :v (y),Positive,Joyful,51,12
প্রশাসনের সব সেক্টরগুলো যদি আপনাদের মত জেগে উঠত.....,Positive,Joyful,52,8
(y) স্যার আগের টিভিসেটে একটা ভিন্টেজ ভাব ছিল,Positive,Joyful,44,8
"কান ধরে টানতে থাকুন, মাথা একদিন আসবেই",Positive,Joyful,37,7
"স্যার, আপনাকে অন্তরের অন্তরস্থল থেকে ভালোবাসা দিলাম,,এর থেকে বেশি দেয়ার ক্ষমতা আমার নেই",Positive,Joyful,88,13
"কে বলছে এটা অশুভ সংবাদ?এটাইত সবচাইতে শুভসংবাদ।বছরের প্রথমদিন উনি নিষ্টার সাথে দায়ীত্ব পালন করেছেন,আশা করি উনার দেখান পথে বাকিরাও অনুপ্রাণিত হবে",Positive,Joyful,143,21
"ধন্যবাদ মফিজুল ইসলাম ভাইকে,আপনার দেখানো পথে হয়ত বিমানের আরো কর্মীরা আনুপ্রেরণা পাবে.",Positive,Joyful,84,12
টিভি স্ক্রলে জাস্ট নিউজটা দেখছিলাম... Well done indeed.,Positive,Joyful,55,8
খুব ভালো করেছেন...... চলো বাংলাদেশ......,Positive,Joyful,40,5
সাবাস এখানে তো LED TV দেখা যাচেছ,Positive,Joyful,32,7
চোরে সয়লাব।,Positive,Joyful,11,2
উত্তম বিচার ।,Positive,Joyful,13,3
যে দিন শুনবো বিমান কে গ্রাউন্ডের কাজ থেকে বাদ দেয়া হইছে সেটা হবে সুখবর,Positive,Joyful,70,14
টিভি বদলাইয়া গেছে।,Positive,Joyful,18,3
ঘড়িতে তখন ১১টা ৮২ মিনিট।,Positive,Joyful,24,5
স্যলুট দুলাল মামা। গর্ববোধ করছি। :),Positive,Joyful,35,6
সাবাশ!,Positive,Joyful,6,1
"অবশেষে নতুন ঘড়ি, সাথে নতুন টিভি......",Positive,Joyful,37,6
ধন্যবাদ নয় বিনম্র শ্রধ্বা,Positive,Joyful,25,4
টিভিটার উন্নতি হয়েছে মনে হচ্ছে,Positive,Joyful,30,5
শুভ...শুভ.....,Positive,Joyful,14,1
সুপার বস @,Positive,Joyful,10,3
ধন্যবাদ স্যার,Positive,Joyful,13,2
খুব ভাল কাজ হয়েছে ভাইয়া ফ্লাই ডুবাই কে জরিমানা করার জন্য,Positive,Joyful,56,11
"ধন্যবাদ Boss,",Positive,Joyful,13,2
ভাইজান এভাবেই বাঁশ দিয়া যান। এক সময় সব বাটপার ভালো হয়ে যাবে। আপনাদের post না দেখালে আমার রাতে ঘুম আসে না। ভালোবাসি বাংলাদেশ ভালোবাসি airport magistrate,Positive,Joyful,151,26
"Badal Ahmed, এতোটা কঠোর হলেতো আংশিক পঁচা আমগুলোও ডাষ্টবিনে যাবে। তখনতো ঝুড়িতে ২/৪ টার বেশী আম থাকবে না। তাতে সেবার ক্ষেত্রে শুন্যতা সৃষ্টি হতে পারে। যেহেতু ম্যাজিষ্ট্রেট মহোদয় আমাদের চাইতে ভালো বোঝেন তাই তিনি সবদিক বিবেচনাতে সঠিক সিদ্ধান্ত নিয়েছেন বলেই আমি মনে করি।",Positive,Joyful,265,43
"দেশটা মনে হয় এখনও পুরো হতাশ করে না । এখনো কেউ আছে অন্যায় এর দুরন্ত চাকা টেনে ধরতে পারে; এমন মানুষের জন্মদাত্রী মা এর জন্য শ্রদ্ধা, বাবার জন্য শ্রদ্ধা । দোয়া করি সঠিক মানুষ সারা জীবন ঠিক নির্দেশনায় থাকুক ।",Positive,Joyful,206,40
"মাননীয় ম্যাজিষ্ট্রেট মহোদয়কে সঠিক ও ন্যায় বিচার করার জন্য অভিনন্দন জানাই। এয়ারলাইন্সগুলু এদেশের নিরীহ যাত্রীদের সাথে অনেক খারাপ আচরণ ও প্রতারণা করেছে, এবার উচিৎ শিক্ষা হল। আশা করি অন্যরাও সতর্ক হয়ে যাবে।",Positive,Joyful,203,32
"কমপক্ষে বিমানবন্দর থেকে একজন মাহাতির মোহাম্মাদ উঠে আসুক, এইভাবে সব সেক্টররে একদিন মাহাতির জন্ম নিবে ইনশাল্লাহ",Positive,Joyful,109,16
"খবরটা পড়ে চোখ দিয়ে অশ্রু গড়িয়ে পড়লো, আমাদের এই আনন্দঅশ্রু হোক আপনাদের জন্য শক্তি। মনের ভেতর আজন্ম লালন করা ভয়টা কেটে যাচ্ছে, মনে হচ্ছে রুখে দাড়াতে পারবো একদিন আমিও।",Positive,Joyful,164,29
"আল্লাহ!!!!!! ভাই আপনার/আপনাদের জন্য অন্তরের গভীর থেকে শুধু দোয়াই বের হচ্ছে! আপনারা যার সন্তান, তারা না জানি আরো কত ভাল! মাশাল্লাহ।",Positive,Joyful,130,21
"আমাদের বুকটা আনন্দে ভরে ওঠে , মনের কনে উঁকি দিয়ে যায়, দেশে কি হলে সেই ছেলে যে কাজে বড় হবে ....",Positive,Joyful,94,21
"আমি মনে করি শাহজালাল ইয়ারপোট বিমান বন্দর জারা চুরি এবং পতারনা হয়রানী করে এবং অপরাধ মৃলক কাজ করে,, তাদের জন্য রেড এলাউ দেওয়া উচিত এই দরনের অপরাদের সাথে জডিত কেউ হলে ৫বছর জেল।ধন্যবাদ আমড পুলিশ",Positive,Joyful,190,35
ভাই চালিয়ে যান ধন্যবাদ দিয়ে আপনার কাছে ঋনমুক্ত হতে চাইনা।তবে খবরটা পড়ে কেন যেন আমার দু চোখে পানি এসে গেল।,Positive,Joyful,105,20
এই ধরনের ৩য় শ্রেনীর এয়ারলাইন্স গুলোকে আরো কঠিন সাজা দেয়া উচিত । এরা প্রথম থেকেই এদেশের সরল সহজ মানুষ কে ইচ্ছে মতো হয়রানি করে আসছে। ম্যাজিস্ট্রেট সাহেবকে অনেক ধন্যবাদ।,Positive,Joyful,166,29
"এই রকম যদি আগে থেকে হতো তাহলে, এয়ারলাইনস গুলোর স্টাফরা অনেক সোজা হয়ে যেতো,এরসাথে আমাদের এদেশীয় অনেক দালালরা জড়িত তাদের ও সাজা হওয়া উচিৎ।",Positive,Joyful,136,24
"জরিমানা ও শাস্তির পরিমান টা বাড়িয়ে দিলে আরও ভাল হত ,,না হয় এই ধরনের অপকর্ম করার সাহস পেত না ,,ধন্যবাদ magistrates ,all airport of Bangladesh",Positive,Joyful,143,25
"খবরটা পড়ে চোখ দিয়ে অশ্রু গড়িয়ে পড়লো, আমাদের এই আনন্দাশ্রু হোক আপনাদের জন্য শক্তি। মনের ভেতর আজন্ম লালন করা ভয়টা কেটে যাচ্ছে, মনে হচ্ছে রুখে দাঁড়াতে পারবো একদিন আমিও।",Positive,Joyful,165,29
"এই রকম একটি দেশের জন্যে বঙ্গবন্ধুর ডাকে যুদ্ধ করে দেশ স্বাধীন করেছি। সেই দেশপ্রেমিক ম্যাজিষ্টেট কে আমি মুক্তিযোদ্ধা স্যালুট জানাই। আল্লাহ তাকে দীর্ঘ জীবন ও সুস্থতা দান করুন, আমিন।",Positive,Joyful,179,29
"আমাদের দেশে এ রকম মহান বেক্তিত্তের আর ও প্রশ্বাসক দরকার,সালাম আপনার মহত কাজকে,প্রতারক দের কোন শরত ছাড়া জেল খায়ালে সারা জীবন ম্নে রাখবে",Positive,Joyful,134,23
"আনেক ভাল লাগলো আমাদের দেশের এসব ইতিবাচক দিক দেখে, আপনাদের জন্য রইলো শুভ কামনা,এভাবে একদিন বদলে যাবে বাংলাদেশ।",Positive,Joyful,109,18
সংবাদ টা সবাই বেশি বেশি করে শেয়ার করুন যাতে সব যাএি রা দেখতে পায় এবং তাদের পাওনা বুযে নিতে পারে।,Positive,Joyful,96,20
জনাব ইউসুফ এর মত কেউ অসহায় মানুষদের পাশে থাকলে দেশের অবস্থার উন্নতি হতে ১ বছর ও লাগবে না......!!!!...,Positive,Joyful,101,18
"অসাধারন,যে আলো শাহ্জালাল এ জল্ছে তা ছরিয়ে জাক সমগ্র বাংলাদেশে।নতুন বছরের এই প্রত্তাশা ঃ)",Positive,Joyful,89,14
"চালিয়ে যান এই মহৎ কাজ। এই অমানুষ রা মানুষ হতে বাধ্য। যারা মাথার ঘাম পায়ে ফেলে এই দেশ এ রেমিটেন্স পাঠায়, আপনারাই তাদের আশার আলো।",Positive,Joyful,127,25
"ভাই আমি ফ্লাই দুবাইর পেসেঞ্জার আমার আমি জানতে চাই রিডান টিকেট, আমি খি আমার তারিক মতো চলে আসবো না তার আগে ট্রাভেল এজেন্সির সাতে জুগাজুগ করবো আমাকে জানালে খুসি হতাম",Positive,Joyful,162,30
জরিমানা করাতে আমরা খুবই খুশী। এটা যেন সবসময় বজায় থাকে। কাউকে একবিন্দু যেন ছাড় দেয়া না হয় !,Positive,Joyful,90,18
"এমন করে এয়ার পোর্টে সব সময় ম্যাজিস্ট্রেট থাকা উচিৎ,যারা নিজেদের আদমখোর ভাবে তাদের শাস্তি পাওয়া উচিৎ।",Positive,Joyful,100,16
ধন্যবাদ ম্যাজিষ্ট্রেটকে। আপনার মত স্ব-উদ্যোগী পদক্ষেপ সবাই নিলে দেশটা আরও এগিয়ে যেত।,Positive,Joyful,84,12
"আপনাদের দিয়েই প্রবাসীরা স্বপ্ন দেখে। আলহামদুলিল্লাহ, একটু হলেও স্বস্থির নিঃশ্বাশ।",Positive,Joyful,81,10
স্যার ধন্যবাদ দিয়ে আপনাকে ছোট করা উচিৎ হবেনা।just স্যালুট স্যার।আপনার কাজ দেখে আপসোস করি সবাই যদি আপনার মত কাজ করত!!! ইনশাআল্লাহ একদিন সবাই বদলাবে।#magistrates_all_airports,Positive,Joyful,172,24
এয়ারপোর্ট এ যত চোর আর প্রতারক আছে আমার মনে হয় কাশিমপুর কারাগারে ও নেই। ধন্যবাদ ম্যাজিস্ট্রেট মহোদয় :),Positive,Joyful,101,18
"আপনার কর্ম স্প্রিটই বলে দিচ্ছে আপনার দেশ ভক্তি। বাংলার ঘরে ঘরে আপনাদের মতো সন্তান বেড়ে উঠুক। এয়ারপোর্টের কনকর্স হলগুলি খুলে যাত্রী সেবা নিশ্চিৎ করায় আপনাকে অনেক অনেক ধন্যবাদ। অনেক অনেক শুভকামনা রইলো। ভালো থাকুন, সুস্থ থাকুন, আল্লাহ আপনাদের দীর্ঘজীবী করুন। আমিন..........",Positive,Joyful,270,41
"কী আর বলব? কিছুই বলার নাই। শুধু আপনাদের মত কয়টা মানুষের মাঝে ""দেশপ্রেম"" নামক আজব চিরিয়াটা আছে বিধায় দেশটা এগিয়ে যাচ্ছে। জয় বাঙলা।",Positive,Joyful,129,23
রোকনউদৌলা স্যারের মত বাংলার বুকে অমর হয়ে থাকবে ইউসুফ স্যার। এত মানুষের দোঅা অাল্লাহ কবুল করছেন অবশ্যই অাপনার জন্যে জান্নাতের দরজা খুলে গেছে অামি মনে করি ~ অামিন♥♥♥,Positive,Joyful,163,28
:) আপনাকে নিয়ে কেউ যদি কোনদিন নোংরা রাজনীতি করতে চায় তবে কসম খোদার সেই নোংরা রাজনীতির বিরুদ্ধে আমি সর্বপ্রথম আপনার পাশে থেকেই প্রতিবাদ করব।।,Positive,Joyful,140,24
ম্যাজিস্ট্রেট ইউসুফ সাহেবের অনেক প্রশংসা শুনেছি। উঁনার জন্য বহু লোকের উপকার হচেছ। আল্লাহ্ তাঁর মঙ্গল করুন।,Positive,Joyful,106,16
"ভাউ, চট্টগ্রাম এ কখনও আসলে আমার বাসায় থাকবেন, খাবেন, ঘুরবেন.... এরকম একটা ভাই পেলে আমার বুক সব সময় গরবে ভরে উঠবে!!! প্রাউড অফ উ ভাই!!!",Positive,Joyful,134,25
"বেশ বড় লেখা, তবে পুরোটা পড়লাম। যথার্থ শাস্তিই হয়েছে প্রায়। তবে জরিমানার টাকা পুর্ববর্তি ভুক্তভোগীদের দিলে ভালো হতো।",Positive,Joyful,115,18
"ভাই আবেগে আমার গাঁয়ের পশম দাঁড়াইয়ে গেছে।মনে হইলো গরিবের বন্ধু রবিনহুড আসছে। ""এয়ারপোর্টের রবিনহুড"" নামে আমি আপনাদের ডাকতে পারি?",Positive,Joyful,126,19
"প্রশাসন ক্যাডার এভাবেই কাজ করছে। অভিনন্দন স্যার, সার্ভিসের মুখ উজ্জ্বল করার জন্য।",Positive,Joyful,81,12
কে বলছে বাংলাদেশে নায্য বিচার নাই সালাম স্যার আপনকে,Positive,Joyful,51,9
চাচাতো ভাইয়ের লাগেজ ভুলে অফলোড করার জন্য কি চাচতো ভাই কোন কম্পেনসেশান পেয়েছেন?,Positive,Joyful,78,13
মি: ইউসুফ আপনি পৃথিবীর ভালো মানুষের একজন। এ ভাবেই থাকুন- বদলে যাবেন না। সুখি হবেন।,Positive,Joyful,82,15
ধন্যবাদ কর্মকর্তা সাহেব কে এবংসেই সাথে এই ধারা গুলোকে চলমান দেখতে চাই ।,Positive,Joyful,71,13
ভাই আপনার সেবা দেখলে কেন জানি চোখে জল এসে যায় নিজেও বুঝি না,Positive,Joyful,59,13
কিছু ভাল মানুষ আছে দেখে দুনিয়া টা এখনো ভাল আছে।,Positive,Joyful,47,10
"কিছুই বলার নাই স্যার, যাস্ট স্যালুট, আপনাদের দেখে আবারো মনে হয় দেশে ভালো মানুষ আছে 💜👌",Positive,Joyful,85,16
দেশে এই ধরনের বিচার থাকলে অনেক আগেই আমরা এগিয়ে যেতে পারতাম,Positive,Joyful,58,11
"ভাই আর কি বলবো আপনাদের মতো আর কিছু। ভাই চাই, দেশটার জন্য।",Positive,Joyful,57,12
নির্বাহী ম্যাজিসেট্রট মুহাম্দ ইউসুফ কে আন্তরিক ধন্যবাদ ।,Positive,Joyful,56,8
এই রকম ব্যবস্হা চট্টগ্রামেও চালু হোক,Positive,Joyful,36,6
স্যার আপনাকে দেখার জন্য মনটা পাগল হয়ে আছে।,Positive,Joyful,42,8
অন্তরের অন্তঃস্থল থেকে আপনাদের জন্য শুভকামনা!!!,Positive,Joyful,47,6
এই পেজে আসলে আমার মন ভাল হঅঅইয়া যায় :),Positive,Joyful,38,9
ধন্যবাদ সংশ্লিষ্ট ম্যনেজারকে এ রকম একটি পদহ্মেপ নেয়ার জন্য,Positive,Joyful,58,9
ভাই আপনাার জন্য আমি গর্বিত। আমার একবার কোলাকোলি করবেন ভাই?,Positive,Joyful,58,10
"পেছনে একটা ঘড়ি আর হাতে টাকা, দেখতে ভালই লাগে। Keep it up brother",Positive,Joyful,64,13
"আপনাদেরকেই খুজছে দেশ। আল্লাহ্ আপনাদের মঙ্গল করুন, আমিন।",Positive,Joyful,55,8
রাব্বে কারীম আপনাকে উত্তম বিনিময় দান করুন। আমীন।,Positive,Joyful,48,8
আলহামদুলিল্লাহ্‌।। আল্লাহ হেফাজত কর,Positive,Joyful,35,4
প্রত্যেকটা সেক্টর এ যদি এমন দেখতাম!!!!,Positive,Joyful,38,6
গর্ব হয় ভাই আপনাদের নিয়ে,Positive,Joyful,24,5
"একের পর এক সত্য যেভাবে সবার চোখের সামনে নিয়ে আসতেছেন! নিজেদের দিকেও একটু খেয়াল রেখেন আপনারা। আপনাদের জন্যি এখন যাত্রীরা নিজেদের ন্যায্য অধিকার পাচ্ছে। হ্যাটস অফ টু ইয়ু Magistrates, All Airports of Bangladesh",Positive,Joyful,207,33
এমন কর্মঠ অফিসার কয়েক জন থাকলে দেশ টাই পাল্টে যেত। অভিনন্দন।,Positive,Joyful,60,11
"এটা ১০০% সত্যি কথা,",Positive,Joyful,19,4
salute u.... এরকম ইনসাফ দেখলে ভাল লাগে।,Positive,Joyful,39,7
ইউসুফ স্যার ইতিহাস হয়ে থাকবে অাপনার ভূমিকা ~ জাজাকাল্লাহ ~♥,Positive,Joyful,59,10
চ্যানেলে দেখেছি। ভাল লাগল। thanks your great job.,Positive,Joyful,49,8
মাঝে মাঝে কিছু পজিটিভ নিউজ পাই যেগুলো সব ব্যার্থতার গ্লানিকে নিমেষেই ভুলিয়ে দেয়।,Positive,Joyful,80,13
আপনাকে সেলুট সার। আপনাদের মত কিছু লোকের জন্যই আজ ও আমরা ন্যায্য বিচার পাই। আশা করি সব সময় নানা প্রতিকুলতার মাঝে ও আমাদের পাশে থাকবেন।,Positive,Joyful,133,25
ধন্যবাদ ম্যাজিস্ট্রেট সাহেব ।দেশের এয়ার পোর্টের দূর্বল ব্যবস্থাপনার জন্য এরা সুযোগ নেয়।আপনি এদেরকে উচিত শিক্ষা দিয়েেছেন। আপনি দায়িত্ব পালন করে যান। সাধারণ মানুষের সহমর্মিতা ও দোআ রইল।,Positive,Joyful,183,27
শুভ নববর্ষের শুভেচ্ছা স্যার আপনাকে এবং পরিবারের সবাইকে ।action চালিয়ে যান,Positive,Joyful,74,11
আপনাদের কর্মতৎপরতা দেশের মানুষের কাছে শ্রদ্ধার হয়ে উঠছেন। সরকারের প্রতিটি সেক্টরে যদি এমন হতো তাহলে বাংলাদেশ অনেক দূরে এগিয়ে যেতো। আপনাদের প্রতি কৃতজ্ঞতা জানালেও খাটো করা হয়। সবকিছুর উর্দ্ধে আপনাদের কর্মকাণ্ড। এগিয়ে যান। সবার দোয়া থাকলো।,Positive,Joyful,237,36
জয় হোক ইউসুফ ভাইয়ের :) (y),Positive,Joyful,26,6
স্যালুট টু ম্যাজিস্ট্রেট ইউসুফ,Positive,Joyful,30,4
খুব ভালো লাগলো পড়ে,Positive,Joyful,18,4
ভাই মক্কা গেলে কাবা ঘরের সামনে বসে আপনার জন্যে দোয়া করবো আপনার কাজ চালিয়ে যান প্লিজ।,Positive,Joyful,84,16
আপনাদের ওপর আল্লাহর রহমত বর্ষিত হোক।,Positive,Joyful,36,6
আলহামদুলিল্লাহ্ দারুন....স্পিচলেস্,Positive,Joyful,34,2
চমত্কার। অসাধারন দায়িত্ববান একজন অফিছার। ধন্যবাদ আপনাকে।,Positive,Joyful,56,7
কৃতজ্ঞতা জানবার ভাষা হারিয়েছি-----,Positive,Joyful,34,4
ধন্যবাদ ম্যাজিস্ট্রেট স্যার,Positive,Joyful,27,3
অসংখ্য ধন্যবাদ.....,Positive,Joyful,19,2
আলহামদুলিল্লাহ। আল্লাহ আপনাদের ভালো করবেন ভাইয়েরা।,Positive,Joyful,50,6
স্যালুট বস !!!! চালিয়ে যান !!!,Positive,Joyful,30,6
সাব্বাস,Positive,Joyful,7,1
অশাধারন স্যার,Positive,Joyful,13,2
"সাবাস ম্যাজিস্ট্রেট, সালাম তোমায়",Positive,Joyful,32,4
এই না হইলে বিচারক.....,Positive,Joyful,22,4
আপনাকে সালাম,Positive,Joyful,12,2
sirকে হাজার সালাম।,Positive,Joyful,18,3
গ্রেট জব।। :),Positive,Joyful,13,3
সাবাস নিরবাহি মেজেসটে্ট এরুকু ওবিজান চলোক,Positive,Joyful,41,6
ভালোবাসি বাংলাদেশ ভালোবাসি airport magistrate,Positive,Joyful,45,5
নিউজ টা পরে আপনাদের মহানুভবতায় চোখে পানি আসলো।,Positive,Joyful,46,8
স্যার আপনাকে এত্ত গুলা ভালবাসী Love u sir,Positive,Joyful,41,8
অসাধারন কাজ করেছেন......এগিয়ে যান,Positive,Joyful,33,4
ধন্যবাদ ম্যাজিস্টেট মহোদয়কে,Positive,Joyful,27,3
স্যালুট স্যার।,Positive,Joyful,14,2
দোয়া করি সার আপনি অনেক দিন বেচে থাকুন।,Positive,Joyful,38,8
খুবি ভালো।,Positive,Joyful,10,2
বাংলাদেশে আছি...!!! সাবাশ,Positive,Joyful,25,3
সাবাস বাংলাদেশ।,Positive,Joyful,15,2
কোরিয়ার ইনছন এয়ারপোর্টের মত শাহজালাল এয়ারপোর্ট ও এঈদিন বিশ্বসেরার তালিকায় থাকবে।,Positive,Joyful,80,11
আমার ও জানার ইচ্ছা।আমি নবীন ম্যাজিস্ট্রেট।,Positive,Joyful,42,6
"APBN উনাদের কথা মত কাজ করে বললে হয়ত ভুল হবে ...... বলা যায় APBN উনাদের magistrasi সম্পন্ন করতে প্রয়োজনীয় সহায়তা করেন .... । কারন APBN তো বন্দরের কারো আনডারে না.....। RAB , DMP এদের আনডারে তো magistrasi আছে ....আমি বিষয়টা ঐ রকম মনে করছিলাম ।",Positive,Joyful,246,45
ধন্যবাদ স্যার....@Monirul Islam :),Positive,Joyful,34,4
"Hamidul Islam Ridoy নিজস্ব ম্যাজিস্ট্রেসি বলতে কি বুঝিয়েছেন স্পষ্ট নয়..মেট্রোপলিটনগুলোর নিজস্ব কিছু ম্যাজিস্ট্র্যাসি ক্ষমতা আছে, বিচারিক কতোটা? আর আইনে আসলে এক্সিকিউটিভ ম্যাজিস্ট্রেট বলা আছে, নির্বাহী ম্যাজিস্ট্রট শব্দার্থকরন করা হয় নি... ধন্যবাদ...",Positive,Joyful,249,31
আপনিও সবার সাথে জান পাখির খবর নিন।,Positive,Joyful,34,7
আলহামদুলিল্লাহ ভাল আছে,Positive,Joyful,22,3
"শুধু বয়কট না, সিন্ডিকেট করে বয়কট ! :D iNoor",Positive,Joyful,43,9
"এই হারে শাস্তির সম্মুখীন হতে থাকলে ভবিষ্যতে কি আবার ঢাকা এয়ারপোর্ট বয়কট করার কোন সম্ভাবনা/সুযোগ আছে নাকি? :/ :/ ব্যাপার নাহ, ক্যারি অন ! (y)",Positive,Joyful,140,25
"সৎ,যোগ্য,নির্ভীক মানুষেরাই পারে এদেশ থেকে সকল অসংগতি তথা অশুভ শক্তিকে চীরতরে দূর করে দেশের জনগনকে সুখ ও শান্তি দিতে।",Positive,Joyful,116,19
"দেশের এয়ারপোর্ট এ এখন আর আগের মত কোন ধরনের হয়রানি হয় না,যদি হয় তাহলে তার বিচার পাওয়া যায়।সত্যি তখন গর্ভে বুকটা ভরে যায়।তা শুধু মাত্র আপনাদের দ্বারাই সম্ভব হয়েছে তার জন্য অনেক অনেক ধন্যবাদ",Positive,Joyful,187,34
"আল্লাহ আপনাদেরকে এভাবে উত্তম কাজ করার তৌফিক দিন, এবং জেনে রাখুন উত্তম কাজের বিনিময় আল্লাহ আরো উত্তম জিনিষ দ্বারাই দিয়ে থাকেন।",Positive,Joyful,125,21
👍👍👍👍 আপনাদের দেখেই অনুপ্রানিত হতে পারি যে বাংলাদেশে এখনও কিছু ভাল মানুষ আছেন। Cordially Tnx a lot.....,Positive,Joyful,102,17
"স্যার,আপনাদের কার্যক্রম দেখে মনে হচ্ছে আমাদের আশার আলো এখনো নিভে যায়নি।গর্বে বুকটা ভরে যাচ্ছে।বাংলাদেশ এমনিতো হওয়ার কথা।আল্লাহ্ আপনাদের সহায় হোন।আমিন।",Positive,Joyful,150,20
"আল্লাহ তুমি ইউসুপ ভাই,শরিফ ভাই সহ যারা মোবাইল কোট কে সাহায্য করেসে তাদের দিরঘো আয়ু কামনা করসি।",Positive,Joyful,94,17
"যে খবর নিয়ে এসেছেন এইটাই অনেক গৌরবের!! বরং তারা লজ্জিত যারা আপনার মত সৎ, নিষ্ঠাবান, দায়িত্বশীল হতে ব্যর্থ।",Positive,Joyful,106,18
"আপনারা যে এভাবে মানুষের পাশে দাঁড়িয়েছেন, এতেই আমরা কৃতজ্ঞ। ধন্যবাদ আপনাদের।",Positive,Joyful,75,11
"ভাই, আপনার পেজে আসা অনেকটা নেশার মত হায়ে গেছে ! এই দুর্নীতির পাদপীঠ দেশে আপনাদের মত কাজ যদি অন্য বিচারকরা করতেন, তবে আমাদের স্বপ্ন পুরন হতো। Salute ! Keep up the good job !",Positive,Joyful,172,34
"ভাই, কাজের/দায়িত্ববোধের মাধ্যমেই আপনাদের কে ভাই বলি আপনাদের চিনি- আলহামদুলিল্লাহ। আপনারা এগিয়ে যান। (y)",Positive,Joyful,103,14
ব্যাপার না বলবো না । স্যার চেষ্টা কইরেন ফোন টা ধরার । এয়ার পোর্ট এর চোর গুলা থেকে বাঁচার জন্য আপনারা ছাড়া তো আর কোন গতি দেখি না । এই পেজ না থাকলে এত যে নিয়ম কানুন আছে তাই তো জানতে পারতাম না ।,Positive,Joyful,191,44
আপনার মত মহৎ সরকারি লোক দেশে বেশি থাকলে দেশ পরিবর্তন হতে বেশি দিন লাগবেনা।salute you.,Positive,Joyful,85,15
এই সুসংবাদের বদৌলতে সাময়িক বিচ্ছেদ মেনে নিলাম! :D,Positive,Joyful,49,8
খুব ভাল কাজ। ২৩/৩/১৬ আমার মামার দুবাই আসার রেটান টিকেট কেনছেল করে দিয়াছে। ফ্লাইদুবাই,Positive,Joyful,84,14
নির্যাতিত মানুষের কাণ্ডারি আপনি। বেঁচে থাকুন অনেক দিন।,Positive,Joyful,54,8
জ্যা আইচ্ছা ঠিক আচে।,Positive,Joyful,20,4
বড় কিছু পেতে হলে ছোট ত্যাগ স্বীকার করতেই হয়। ধন্যবাদ স্যার,Positive,Joyful,58,11
আপনার একটা ছবি দেন আমি আমার ফেইচবুকে প্রচার করবো একজন সাধা মানুষ শিরোনামে,Positive,Joyful,73,13
সৎ সাহসীরা কখনো অন্যায়ের সাথে আপোষ করে না।কারন অন্যায়ের সাথে আপোষ করা মানেই আত্মহত্যার সামিল।,Positive,Joyful,93,15
আপনি যেটা করছেন প্রবাশীরা আপনাকে সারা জীবন মনে রাখবে।,Positive,Joyful,53,9
এটা কুন বেপার না কারন আপনি অ ত মানুষ।,Positive,Joyful,37,9
আপনার জন্য দোয়া করি ...........সবাইকে আল্লাহ নিরাপদ দান করোন আমিন,Positive,Joyful,65,10
স্যার আপনার জন্য অনেক শুভকামনা রইল,Positive,Joyful,34,6
মাফ ক‌রে দিলাম। ত‌বে অ‌তি উত্তম কাজ ক‌রে‌ছেন। নব ব‌র্ষে দোয়া কইরা দিলাম।,Positive,Joyful,73,13
অাপনার জন্য দোয়া রইল।অাল্লাহর কাছে অাপনার দীর্ঘায়ু কামনা করছি,Positive,Joyful,61,9
"আপনাদের মত যদি আন্যান্য গুরুত্বপুর্ন সেক্টরে আর দশটা প্রতিষ্ঠান থাকত, তবে আমাদের দেশের চেহারা এক বছরেই পাল্টে যেত।।।।। আপনাদের প্রতি আমাদের ভালোবাসা আছে, থাকবে আজীবন।।।। দোয়া রইল আপনাদের জন্য।।।",Positive,Joyful,194,29
চলতে থাক জয় হবে আপনাদের,Positive,Joyful,23,5
টিভিতে দেখলাম। হিরো এগিয়ে যান।,Positive,Joyful,30,5
ধন্যবাদ এমন সেবক যদি দেশের উচ্চরমহলে হত!!!,Positive,Joyful,42,7
এই পেইজটাতে আসলেই আমি আনন্দে কেদে ফেলি। কে বলে আমার বাংলাদেশে ভালো কিছু হচ্ছে নাহ। স্যালুট স্যার। আপনাদের উত্তরসুরিরাও যেন আপনাদের মত করে দমিয়ে যেতে পারে সব অন্যায়! আল্লাহ আপনাদের ভাল করুক। আমিন।,Positive,Joyful,195,33
ধন্যবাদ দিয়ে আপনাদের ছোট করতে চাই না।আপনাদের এত কস্টের জন্যইই এয়ারলাইন্স গুলার শিক্ষা হচ্ছে।,Positive,Joyful,94,14
"আপনাদের এই মহৎ কাজে আমরা প্রবাসীরা গর্বিত...Magistrates, All Airports of Bangladesh",Positive,Joyful,83,11
প্রতিটা জায়গায় যদি এভাবে বিচার হতো!,Positive,Joyful,35,6
"আমার বিবেচনায়, অতি মানবীয় কাজ করছেন আপনি।",Positive,Joyful,41,7
সাবাস আপনি আসলে বাঘের বাচ্চা !!! সাহস আছে আপনার । রান্না বান্না দুনিয়া ।,Positive,Joyful,72,14
সাবাস ! বাংলার টাইগার......... হালুম !,Positive,Joyful,38,6
আল্লাহ আপ নাদের মংগল ক রুন। আমীন।,Positive,Joyful,33,7
কি কয় আমি তো কাল ফ্লাইদুবাইতে আসতেছি ।,Positive,Joyful,38,8
হাসি পেলাম,Positive,Joyful,10,2
সাব্বাস....,Positive,Joyful,11,1
সবসময় আপনাদের যে কোন আপডেট পাওয়ার জন্য আকুল হয়ে থাকি!,Positive,Joyful,53,10
ভাই আপ্নারে অনেক ভালোবাসা!!!,Positive,Joyful,28,4
সবাই কে ধন্যবাদ।সবাই কে আমার তরফ থেকে অগ্রিম বাংলা নববষের শুভেচ্ছা রইলো।,Positive,Joyful,72,12
"ইউসুপ ভাই,শরিফ ভাই সহ যারা কলা কৌশলি ছিলেন তাদের সকলের সুস্হতা কামনা করসি।এবং আত্বা থেকে দোআ করসি আল্লাহ পাক তাদের সবাই কে হায়াতে তাইয়্যেবা দান করুন।",Positive,Joyful,149,26
আল্লাহ তুমি ইউসুপ ভাই কে সুস্হতা দান করো।তার পরিবার কে হেফাজত করো।এবং ভাই কে হায়াতে তাইয়েবা দান করুন,Positive,Joyful,100,18
আমার পক্ষে তেকে ধন্যবাদ। magistrates all airport bangla desh পেইজ কে আর জুদি আপনারা ভোক্তা অধিকার এর নম্বার টা দেন আমাদের জন্য ভাল হত,Positive,Joyful,133,24
Channel 24 news headlines - fly Dubai কে 6.5 লাখ টাকা জরিমানা. এগিয়ে যান.,Positive,Joyful,73,14
আপনাদের এই ধরণের কার্যক্রম মানুষকে অন্যায়ের প্রতিবাদ করতে ও সচেতন করতে সহায়তা করবে। সেই সাথে অন্যায় বাটপারিদদের দৌরত্ম অনেকাংশে কমে যাবে। ধন্যবাদ ম্যাজিস্ট্রেট সাহেব অসহায় মানুষকে সাহায্য করার জন্য! সত্যিকারের নায়ক হলেন আপনারা!! (y),Positive,Joyful,237,34
"শুভ বাংলা নববর্ষ ১৪২৩ শুভ পহেলা বৈশাখ শুভ হোক আপনার নতুন বছর “নব আনন্দে জাগো আজি নবরবিকিরণে” বাংলা নববর্ষ ১৪২৩ সবার জীবনে বয়ে আনুক নতুন আশা, প্রত্যাশা, সুখ ও শান্তির বারতা।",Positive,Joyful,172,31
এইভাবে কাজ করে গেলে দেশ ঠিক হতে হবেই। শুরুটা নাহয় আপনিই করলেন,Positive,Joyful,61,12
স্যার আপনার মত ন্যায়পরায়ন ম্যাজিষ্টেট কে দেখার বড ইচ্ছে। দেশে এসে দেখা করব ইনশাআল্লাহ।,Positive,Joyful,86,14
"গ্রেট বস, টিকেট ছাড়া ৫০ হাজার নাকি টিকিটের জন্য?",Positive,Joyful,49,9
আপনার মত দায়িত্ববান মাননীয় ম্যাজিস্ট্রেটেটের দিকেই অসহায় মানুষ গুলো তাকিয়ে থাকে । May Allah bless you .,Positive,Joyful,103,17
"আপনারা হাসি ফোটালেন হাফিজুলের, আমরা প্রবাসীরা দোয়া করছি আল্লাহ যেন হাসি ফোটায় আপনাদের পরিবারের সবাইকে।",Positive,Joyful,102,15
আপনাদের উপর আল্লাহর রহমত বর্ষিত হোক।,Positive,Joyful,36,6
আমরা সবাই দোয়া করি আল্লাহ যেন আপনাদের সবাইকে এরকমই হাসি খুশি রাখে আমিন্,Positive,Joyful,71,13
অসংখ্য ধন্যবাদ,Positive,Joyful,14,2
ফাটা ফাটি ১০০% বিছার ধন্যবাদ আপনাকে,Positive,Joyful,35,6
"স্যালুট ইউ স্যার """,Positive,Joyful,18,4
"সত্যিই অসাধারণ উপলব্ধি। দারুন লিখেছেন,,,",Positive,Joyful,40,5
মনের ভিতরের কথা গুলো লেখেছেন ভাই!!,Positive,Joyful,34,6
"দারুন লিখেছেন, ''ওঁরে কাঁদতে দেন, যতবার কাঁদবে ততোই আপনার মনের সাহস বাড়বে। যত মনের সাহস বাড়বে, তত দেশ সেবার জেদ বাড়বে।''",Positive,Joyful,120,21
"এককথায় অসাধারণ লেখনীতে প্রকাশ করেছেন, ভাই, ঠিক এয়ারপোর্ট ম্যাজিস্ট্রেটদের কর্মগুলোর মতই অসাধারণ... ওদেরকে আরো কাঁদতে দেয়া হোক....",Positive,Joyful,129,17
মনের কথা গুলোই প্রকাশ করেছেন Mahfuz Nazrul ভাই,Positive,Joyful,46,8
চোখের কোনায় পানি আইনা দিলেন । মনের কথা বললেন ভাই,Positive,Joyful,48,10
"খুবি খুশি লাগে যে, এর কারণে হয়তোবা হাজারো নিরীহ বাঙ্গালি তার জীবনের গতি ফিরে পায় :) এই মহৎ কাজের জন্য আপনাদেরকে অনেক অনেক ধন্যবাদ :)",Positive,Joyful,132,25
সারা দেশটা এভাবে খুশির আনন্দে কান্না করলে অনেক ভাল হতো,Positive,Joyful,54,10
আমার দেশ🇧🇩 ... সোনার বাংলাদেশ দেশ হবেই ... ইনশাল্লাহ,Positive,Joyful,52,9
আপনাদের অনেক ধন্যবাদ :-),Positive,Joyful,24,4
এটা সাধারন কান্না নয়..অনেকখানি আশীর্বাদ মাখা কান্না.. ভাল থাকবেন স্যার,Positive,Joyful,70,10
সোনার বাংলা গড়তে আপনার মত সোনার মানুষ দরকার,Positive,Joyful,43,8
"এটা কান্না নয়, এটা আমাদের মতো সাধারণ মানুষের আপনাদের জন্য ভালবাসা",Positive,Joyful,65,11
বাহ্ আমাগো টিভি ফিরা আইছে।,Positive,Joyful,26,5
"স্যালুট ইউ ম্যাজিস্ট্রেট স্যার """,Positive,Joyful,32,5
"শিক্কিত আপনে যে ওদের চরিত্র ধরতে পারছেন,এতে আপনার স্বশিক্ষা ই প্রকাশ পেল. আপনে ""clearly ahead""...",Positive,Joyful,97,15
"আপনার বানানে কিংবা লেখায় আমি তো তেমন বড় কোন ভুল দেখছি না। অনেক শিক্ষিত ছেলেমেয়েরা এর থেকে বেশি ভুল করে। আর আপনার ভাব প্রকাশের ধরনও যথেষ্ট ভালই। Keep it up, dear !",Positive,Joyful,162,32
"ভাই জুয়েল, আপনি ও নিশ্চয় আমার মত এক অভাগা প্রবাসি, খুশি হইলাম আপনার আন্তরিক মন্তব্য দেখে।",Positive,Joyful,89,16
ভাই আপনি একটি চরম সত্য কথা বলেছেন। আমিও আপনার মতো করে সবাই কে বলতে চাই। হতে পারি আমরা অল্প শিক্ষিত কিন্তু দেশের জন্য আমাদেরও অবদান কম নয়।,Positive,Joyful,137,27
হা ভাই এই আনন্দটা ই আমাদের কে অনেক সুখ দিয়ে থাকে।যার ধরুন আমরা আমাদের এই পরিশ্রমটা কনিকের জন্য হলেও আনন্দে পরিণত করতে পারি। ভাই আব্দুল নুর,Positive,Joyful,138,26
"ধন্যবাদ, ভাই, ভালো লাগলো",Positive,Joyful,24,4
"আপনাকেও অনেক অনেক ধন্যবাদ, আল্লাহ আপনার মংগল করুক ভাই, আমিন।",Positive,Joyful,60,10
আপনি আমার মনের কথা বলেছেন । ধন্যবাদ আপনাকে ।,Positive,Joyful,44,9
আসলে আপনাদের কি কলে যে ধন্যবাদ দিবো। আপনাদের উপস্থিতি প্রবাসিদের মনে কি পরিমানে সাহস বাড়ছে আপনারা ক্ল্পনাও করতে পারবেন না।,Positive,Joyful,122,20
Sir আমি তার সাথে কথা বলেছি । আসলে sir এখনো ভাল মানুষ আছে বলে দেশটা ভাল চলছে আর আপনারা যতো দিন থাকবেন দেশ ও ভালো চলবে ধন্যবাদ আপনাকে ও আপনার পুরো ইউনিট কে ।।।।।। আবারো ধন্যবাদ জানাচ্ছি । আপনাদের সুস্থতা কামনা করছি আর যদি সময় মেসেজ টা পরবেন ।।আল্লাহ হাফেজ,Positive,Joyful,253,50
মাঝে মাঝে আপনাদের জন্য গালি আসে বাট অন্যায়ের বিরুদ্ধে আপনাদের স্টেপ গুলা দেখলে গালি গুলা দোয়ার মত বের হয় keep it up sir,Positive,Joyful,119,23
"উনি কাঁদছেনন না কাঁদছে বাংলাদেশ,প্রত্যেকটা সেক্টরে আপনাদের মত ম্যাজিস্ট্রেট এর আশায়।keep it up.",Positive,Joyful,96,13
ইউসুফ স্যার আমি দেশ এ আসলে আপনাকে আর একবার সালাম করতে আসব,Positive,Joyful,57,12
যতদিন সাফায়েত রা থাকবেন তত দিন আমাদের স্বপ্ন ও সম্ভাবনার পিদিম জ্বলবেই।,Positive,Joyful,71,12
আপনার জন্য অনেক শুভকামনা রইল স্যার,Positive,Joyful,34,6
অভিনন্দন ।,Positive,Joyful,10,2
আহারে এরা প্রবাসে কত কষ্ট করে দেশের অর্থনীতির চাকা সচল রাখে। এদের হাসিমুখই আমরা সব সময় দেখতে চাই।,Positive,Joyful,97,18
"ঈদের নতুন জামাকাপড় পড়ে, ঈদের সেলামি হাতে, হাসি মুখে ওরা সবাই একসাথে ....(y) (y) (y)",Positive,Joyful,83,15
"ভাই আপনাদের সাফল্যয়ে আজ আমরা আনন্দিত,,,, thanks for your tem",Positive,Joyful,60,10
ধন্যবাদ ভাই।।আল্লাহ্‌ আপনাদের সকলের মঙ্গল করুক।।।।এ ছাড়া আর কিছু ই যে দেবার নাই।।,Positive,Joyful,81,13
"কতো সহজ এদের মুখে হাসি ফোটানো! .... অগনিত প্রবাসীদের মুখে হাসি ফোটাচ্ছেন আপনারা, ধন্যবাদ দিয়ে ছোট করব না! আল্লাহ্ আপনাদের সুখে রাখুক!!",Positive,Joyful,134,22
এই হাসি নিয়ে যেন ফিরতে পারে। ওদের জন্য শুভকামনা আর আপনাদের ধন্যবাদ।,Positive,Joyful,67,12
আল্লাহ আপনাদের সকল কাজের জন্য উত্তম প্রতিদান দান করুন।,Positive,Joyful,54,9
আমাদের হিরোরা।,Positive,Joyful,14,2
অস্যাধারন লেখনশৈলী।,Positive,Joyful,19,2
"আপনাকে অনেক অনেক ধন্যবাদ ,ওদের জন্য রইল শুভ কামনা :",Positive,Joyful,51,10
ভালোবাসি বাংলাদেশ ভালোবাসি air ports magistrate.,Positive,Joyful,48,6
ওদের জন্য শুভ কামনা... আপনার জন্য এক সাগর ভালবাসা।,Positive,Joyful,50,9
দোয়া করি এই কোরট যেন তার সম্মান ধরে রাখতে পারে।,Positive,Joyful,47,10
"নিউজ টি প্রথম আলোতে পড়লাম , হাজারো দুর্নীতির খবরের মাঝে এমন খবর হীরার টুকরো তুল্য সু খবর!!",Positive,Joyful,91,17
অনেক ধন্যবাদ আপনাদেরকে। বিপদগ্রস্থ সাধারণ মানুষ কে সাহায্য করার জন্য।,Positive,Joyful,69,10
আপনারা কি সত্যি সত্যি কাজ করে ফেললেন? সত্যিই অভিভুত। ধন্যবাদ আপনাদের @all magistrate team,Positive,Joyful,89,14
CRT tv টা ফিরে এল,Positive,Joyful,17,5
"আমার দেশ, এ ধরণ সেবা অসম্ভব মনে হত, যতই দেখছি ততই অবাক হচ্ছি। শুধু ধন্যবাদ,প্রশংসা নয়,নিশ্চয় আল্লাহ সম্মানিত করবেন। হাজার সালাম ও দোআ রহিল।",Positive,Joyful,139,24
"একটা সময় এসব অনিয়ম অার দূর্নীতির প্রতিকার চাইবার কোন সুযোগ ছিলনা, অাপনারা এসেছেন, অামরা অাশায় বুক বাঁধলাম। অনেক কৃতজ্ঞতা প্রকাশ করছি।",Positive,Joyful,133,21
well-done :) আপনাদের এই কার্যক্রম সত্যি প্রসংশনীও।,Positive,Joyful,50,7
ম্যাজিস্ট্রেটদেরকে ধন্যবাদ....,Positive,Joyful,30,2
সবাইকে অনুরোধ করছি ম্যাজিস্ট্রেট ভাইদের উপযুক্ত সম্মান দিয়ে কথা বলবেন।,Positive,Joyful,70,10
অন্তর থেকে দোআ রইল আপনাদের প্রতি।,Positive,Joyful,33,6
আমি খুবই খুশি আপনাদের এই কার্যকরী পদখেপে। আশা করি আপনারা চালিয়ে যাবেন।,Positive,Joyful,70,12
এগিয়ে চলুন বীর দর্পে।,Positive,Joyful,21,4
আপনারা সাহসী সন্তান।,Positive,Joyful,20,3
আপনারাই পারেন প্রবাসী দের মুখে হাসি ফোটাতে,Positive,Joyful,42,7
সেই টিভি আর ঘড়ি পাওয়া গেছে! (ছবি),Positive,Joyful,33,7
SALUTE স্যার আপনাদের টিম কে । আল্লাহ্‌ যেন আপনাদের কে দীর্ঘজীবী করেন ।,Positive,Joyful,70,13
"আপনার মত মহান ব্যক্তির সাথে আমি জীবনে একবার হলে ও সাক্ষাত করতে চায় ,যদি এটা বাস্তবায়ন হয় তবে নিজেকে ধন্য মনে হবে...আমার মনে হচ্ছে আপনি মানুষ রুপি কোন ফেরেস্তা... :)",Positive,Joyful,164,30
"অস্থির ভাই আপনে পারেন ও। কি আর কমু আপ্নের ফ্যান হয়ে যাচ্ছি। very soon, u will be a celebrate.....",Positive,Joyful,97,19
ত্বরিত ব্যবস্থা গ্রহণের জন্য Magistrates All Airport of Bangladesh ধন্যবাদ।,Positive,Joyful,75,10
"খুব ভালো লাগলো আপনাদের কার্যক্রম দেখে। আমি ২০১৫ সালে ফ্লাইট মিস করেছিলাম অভার বুকিং এর কারনে। jet Airways ও এরকম কাজ করে। ধন্যবাদ Magistrate,All Airport of Bangladesh.",Positive,Joyful,167,27
আসলে দুনিয়াতে ভাল মাণুষ আছেবলে আজো দুনিয়াই আছে যার পমান এয়ারপোটের কয়েকজন সত magistrate দোয়াকরি তাদের জন্য আল্লাযেন তাদের ভাল রাখেন,Positive,Joyful,130,21
অনেক খুশি হলাম কারন রিজেন্ট এয়ার আমার সাথেও খারাপ আচরন করেছিল।ধন্যবাদ প্রিয় @magistrate,Positive,Joyful,87,13
কি বলে যে ধন্যবাদ দেব ভাষা নেই শুধু বলবো আল্লাহ আপনাকে রহমত দিবেন।,Positive,Joyful,66,13
"যাক, প্রমান হল আইন সবার জন্য সমান।",Positive,Joyful,34,7
আপনার মত মানুষ বাংলাদেশের প্রতিটা সরকারি ডিপার্টমেন্ট এ থাকা দরকার,Positive,Joyful,66,10
গ্রেট গ্রেট গ্রেট।।। অনেক অনেক ধন্যবাদ ভাই।।।,Positive,Joyful,45,7
অনেক ভালো লাগলো. ধন্যবাদ,Positive,Joyful,24,4
"আমরা কারও শত্রু নই, আমরা কেবল অপকর্মের প্রতিকার চাই... great job... really great",Positive,Joyful,80,13
আপনাদেরকে অনেক ধন্যবাদ। বিমান সংস্হা গুলো এরকম সাজা দেয়ার জন্য বাংলাদেশ এয়ারপোর্ট নিয়ে মানুষের মনে বাজে ধারনা কিছুটা হলেও লাগব হবে।,Positive,Joyful,131,21
"দেশের কেন্দ্রীয় আইন,বিচার এবং শাসন বিভাগে আপনাদের মত কিছু দেশপ্রেমিকের অতিব প্রয়োজন,",Positive,Joyful,84,12
"শেষ পর্যন্ত তাইলে অভিযোগের সত্যতা খুঁজে পাওয়া গেলো এবং এরই মধ্যে জরিমানাও করে ফেললেন। গুড ইনিশিয়েটিভ ব্রাদার... সাথে আছি, চালিয়ে যান।",Positive,Joyful,133,21
এইভাবে আপনার action চালিয়ে জান। প্রবাসীরা আপনার সাথে আছি ধন্যবাদ,Positive,Joyful,64,10
"ভেরি গুড, থেংকু স্যার",Positive,Joyful,21,4
সাব্বাস.. ক্যারি অন...! :),Positive,Joyful,26,4
গতকালের ভদ্র লোকটি কোথায় যিনি অসম্ভব সুন্দর স্টাটাস টি প্রসব করেছিলেন ??,Positive,Joyful,72,12
"যাও এগিয়ে তোমরা,আমরা আছি সবসময় তোমাদের পাশে। ইনশা আল্লাহ্‌.....",Positive,Joyful,63,9
আপনাকে অনেক ধন্যবাদ।আপনি অভিযোগ না করলে এই কাজটি হতনা,Positive,Joyful,53,9
দারুণ হয়েছে (y),Positive,Joyful,15,3
মারহাবা মারহাবা,Positive,Joyful,15,2
সাব্বাস...,Positive,Joyful,10,1
"অনেক ধন্যবাদ, দেশকে নিয়ে নতুন করে আশাবাদী হচ্ছি :)",Positive,Joyful,50,9
"দারুণ দারুণ,",Positive,Joyful,12,2
"ধন্যবাদ,অনেক ভালো হয়ছে।",Positive,Joyful,23,3
প্রত্যেকে সাড়ে ১২ হাজার টাকা করে পেয়েছে।জরিমানার ২৫%।,Positive,Joyful,53,8
"সাবাশ (y) #আল্লাহ আপনাদের সহায় হোন, আমিন।",Positive,Joyful,41,7
বাঁশ বাঁশ বাঁশ আমার এত খুশি লাগে কেরে ভাইজান।,Positive,Joyful,45,9
স্যালুট স্যার,Positive,Joyful,13,2
"Thank You Sir.আপনার মত মানসিকতা হক সবার,এমনকি আমারও....",Positive,Joyful,55,8
সব চোরদের ছবি এক জাগায় তুল্লে ভাল দেখাবে বাই ডিফল্ট্,Positive,Joyful,52,10
"Shaikh Moksedul Rahman, আপনাকেও অভিনন্দন।",Positive,Joyful,41,5
"আজ বেনজির পেলাম,গতকাল পেয়েছি আবু সাইদ । আমাদের আরও বেনজির,সাইদ দরকার সৎ মানুষের পাল্লা ভারী হওয়ার জন্য । অভিনন্দন মিঃ বেনজিরকে ।",Positive,Joyful,128,22
দারুণ বলেছেন,Positive,Joyful,12,2
আমিও একমত,Positive,Joyful,9,2
বেশী করে সিসি ক্যামেরা লাগিয়ে বিমান বন্দরের বিভিন্ন জায়গায় বড় বড় টিভিতে জনগনের দেখার জন্য প্রদর্শন করলে এ কাজ এমনিতেই বন্ধ হয়ে যাবে ।,Positive,Joyful,133,24
আলহামদু লিল্লাহ্ । আজীবন কারাদণ্ড হলে আরও খশি হতাম । সেইসাথে চাবুক । ওনার অবৈধ সম্পদের হিসাব নেওয়া প্রায়োজন । এত punishment দেখেও এদের হুস হয় না । চামড়া কতো মোটা । ধন্যবাদ আপনাকে সন্মানিত ম্যজিষ্টেট সাহেব ।,Positive,Joyful,210,38
মানুষ চাইলে কি না করতে পারে এটা তার বাস্তব প্রমাণ । আপনাদের জন্যে আজ বিমান বন্দরে শান্তি ফিরে আসলে।,Positive,Joyful,99,19
"দিন বদলের অপেক্ষায়... চমত্‌কার বলেছেন! এই খারাপ চক্র দুনিয়ার সব বিমানবন্দরেই আছে, এরা আগে হয়ত নিরভিগ্নে চুরি করে অনায়াসে পার পেয়ে যেত, এখন দিন বদলাচ্ছে......! এটাই ভালো লাগলো জেনে.... প্লিজ কিপ ইট আপ!",Positive,Joyful,200,33
"দিন বদল হবেই ইন্সাল্লাহ ! আল্লাহ আপনাদের এই শ্রম কে কবুল করুন, উত্তম প্রতিদান দান করুক , আমীন !",Positive,Joyful,95,19
অনেক দিন পর কিছু সৎ এবং বলিষ্ঠ ব্যক্তি মনে হয় সুধরে দিচ্ছেন লাগেস চুড়াদের। ধন্যবাদ বেনজির ভাইকে ।,Positive,Joyful,97,18
"সিরিয়াসলি এত চোর যে গুনে শেষ করা যাচ্ছে না, well done Dhaka airport magistrates, we are proud of you 💐",Positive,Joyful,102,20
ইচ্ছে করছে আপনাদের মতো অফিসারদের প্রতিদিন ভালো কাজের জন্য পুরস্কৃত করি কিন্তু সাধ্য নেই। সরকার বাহাদুরের নিকট আবেদন দূর্নীতিবাজ আর ঘোষখোরদের নিকট থেকে অবৈধ টাকা উদ্ধার করে সৎ অফিসারদের পেছনে ব্যায় করা হোক।,Positive,Joyful,205,33
যাক বিমানবন্দরে এখন এতটুকু নিশ্চয়তা আছে যে কোন বিপদে পরলে কেউ একজন আছে যার কাছে যাওয়া যাবে। নাম্বারটা একটু দিলে মিলিয়ে নিতাম আরকি....,Positive,Joyful,133,23
"তবে তাই হোক... দিন বদলের দিন এর অপেক্ষায়ে ...... আমরা পারব ,আমাদেরকে পারতে হবেই...মহান সৃষ্টিকর্তা আপনাদের সহায়ে হন। আপনাদের সুস্বাস্থ্য কামনায়ে...",Positive,Joyful,147,21
"বিমানবন্দরের প্রতিটি জায়গায় আপনাদের মতো,বেনজিরদের মতো এবং সাইদদের মতো সৎ নিষ্ঠাবান ন্যায়পরায়ন লোক চাই।",Positive,Joyful,102,14
এ সব অফিসার দের কে জাতীয় পুরস্কার দেওয়া উচিত.বাংলাদেশ বিমান বন্দর হল আমার দেখা যতগুলো বিমানবন্দরের মাঝে সব আযাব দেওয়া বিমানবন্দর .,Positive,Joyful,130,22
"কালকেই বলছিলাম পরিবর্তন হচ্ছে ইনশাআল্লাহ,হতেই হবে। না হলে ভবিষ্যত অন্ধকার ৷",Positive,Joyful,75,11
"ম‌নে হ‌চ্ছে বাংলা‌দেশ বিমান বন্দ‌রে নতুন সূর্য উঠ‌তে যা‌চ্ছে, ধন্যবাদ সবাই‌কে, এভা‌বে য‌দি পু‌রো দেশটা‌কে প‌রিশুদ্ব করা যেত তাহ‌লে আমা‌দের মু‌ক্তি যুদ্ব সার্থ্বক হ‌তো ।",Positive,Joyful,170,25
"আপনারা দেখি আদাজল খেয়ে নেমেছেন, যারা ধরছেন তাদের পুরষ্কৃত করলে মনে শান্তি পাইতাম।",Positive,Joyful,81,13
একটা রিকুয়েস্ট :'( নেক্সট টাইমে চোর ধরলে ব্যাকগ্রাউন্ডে প্লিজ ঐ টিভি আর ঘড়িটা রাখবেন :'( তাছাড়া বস বস ফিল আসে না :'(,Positive,Joyful,116,22
আপনাদের এমন বিপ্লবে আমরা কিছুটা হলেও আলোর মুখ দেখতে পাচ্ছি। অকুতোভয়ে এগিয়ে যান।,Positive,Joyful,79,13
"শুরু!!!!! সাইদ, বেনজীর...... দিয়েই চলুক লাস্ট দুর্নীতিবাজ পর্যন্ত।",Positive,Joyful,66,8
"এখান থেকেই দিন বদলের শুরু ,bravo",Positive,Joyful,32,6
যারা চোর ধরতে সাহায্য করছেন তাদের ছবি প্রকাশ করে সন্মান প্রদর্শন করা হোক।,Positive,Joyful,73,13
স্যার ছবিতে আসামি কে তা বুঝা যাচ্ছেনা। অসংখ্য ধন্যবাদ সততার জন্য।,Positive,Joyful,65,11
অনেক দিন পর ফিরে আসলাম thank you,Positive,Joyful,32,7
"নতুন দিগন্তের সূচনা,,,,, অভিনন্দন আর শুভ কামনা আপনাদের জন্য স্যার,,,,",Positive,Joyful,69,10
দিন বদলের অপেক্ষায়........স্যালুট!,Positive,Joyful,34,3
দিন বদলের অপেক্ষায়...,Positive,Joyful,21,3
পরিবর্তন শুরু কেডিট আপনার ভাই,Positive,Joyful,29,5
"এইবার তাইলে ঘড়ি আর টিভি টা চেঞ্চ হইছে স্যার,",Positive,Joyful,44,9
দিন বদলের দিনের অপেক্ষায় ...,Positive,Joyful,28,5
ভালো মানুষ থাকলে দিন বদলে বেশি দিন লাগেনা স্যালুট আপনাকে,Positive,Joyful,56,10
মনে হয় সামনে আমাদের জন্য সুদিন অপেক্ষা করতেছে,Positive,Joyful,45,8
"সময় করে একদিন সামনে আসেন, বড্ড দেখতে ইচ্ছে করে আপনাকে",Positive,Joyful,53,10
আপনাদের বদৌলতে এভাবেই বদলাবে দিন......স্যালুট আপনাদের,Positive,Joyful,53,6
হবে। এক এক করে সব হবে।,Positive,Joyful,22,6
অসৎ মানুষকে তিরস্কার আর সৎ মানুষকে পুরষ্কার তবেইতো আসবে দিন বদলের দিন !!!,Positive,Joyful,73,13
দিন বদলের দিনের অপেক্ষায় আমরাও আছি.....,Positive,Joyful,39,6
আর ও ভাল কিছু দেখতে চাই।,Positive,Joyful,24,6
"কেউ বুঝে কথা বলে, কেউ না বুঝে তবে আমার এক কথা উনাদেরকে উৎসাহ িদন.",Positive,Joyful,65,14
"রুমের কিছু পরির্বতন দেখতে পাচ্ছি,,,,!!!!😒",Positive,Joyful,41,5
ভাইয়া চোর কোনটা বুঝাই যাচ্ছে না। একটু যদি লাল গোল দাগ দিয়ে দিতেন। :D :F,Positive,Joyful,71,15
দিন বদলের অপেক্ষায় 😃😃😃,Positive,Joyful,22,4
ভাই সাধারণ যাত্রি দের আপনাদের সাথে যোগাযগের জন্য কি উদ্দগ নিয়েছেন? প্রচুর প্রচার দরকার,Positive,Joyful,86,14
""" দিন বদলের দিনের অপেক্ষায় """""""""""" আমরা ও আছি ভাই",Positive,Joyful,48,10
জয় হবে আপনাদেরই ...ইনশা আল্লাহ,Positive,Joyful,30,5
অভিনন্দন । গর্ব হছেচ আমাদের যুদ্ধটা বৃথা যায়নি।,Positive,Joyful,47,8
আস্তে আস্তে একটি ভরসার জায়গা তৈরি হচ্ছে। স্যার এগিয়ে যান আপন মহিমায়।,Positive,Joyful,68,12
"আমরা আশা করি, সাইদ ও বেনজীর সাহেবের পথে বাকী সিকিউরিটি টীম হাটবে",Positive,Joyful,64,12
"স্যার, পিছনে নতুন টেলিভিশন দেখা যায়",Positive,Joyful,35,6
স্যার নতুন টিভির জন্য অভিনন্দন। :),Positive,Joyful,34,6
"কইছিলাম না মাম্মা! ইটস ওয়ার্কিং! বেনজীর মাম্মায় আরেকটা নজীর সৃষ্টি করল, সেলাম তারে।",Positive,Joyful,83,13
"দিন না বদলে দেশটা এবার - দায়িত্ব এখন আপনা । স্যালুট জনাব বেনজির সাহেব, সহ বিমানের সকল সিকিউরিটিকে । হোক না প্রতিবাদ একে একে ।।",Positive,Joyful,126,25
দেশের প্রতিটা ক্ষেত্রে এমন চাই। এভাবে লেজিসলেটিভ পাওয়ার এমপোজ হলে দূর্নীতি পালানোরও পথ পাবে না...,Positive,Joyful,97,15
অপরাধী‌দের যে‌কোন এক‌টি চিহ্ন (‌গোল/‌টিক) দি‌য়ে চি‌‌ন্নিত ক‌রে দিন স্যার।,Positive,Joyful,75,10
এভাবেই এগিয়ে যাবে প্রিয় দেশ।,Positive,Joyful,28,5
আসামী কে চিণ্হিত করে দিলে ভালো হত না।,Positive,Joyful,38,8
সাব্বাস বেঞ্জির ভাই,Positive,Joyful,19,3
নতুন টিভি -নতুন ঘড়ি :v,Positive,Joyful,22,5
"আজকে রুম, ঘড়ি, টিভিও চেইন্জ...... পরিবর্তনের হাওয়া লাগছেরে......",Positive,Joyful,64,8
উনার রুম Change হইসে।,Positive,Joyful,21,4
টেলিভিশন চেইঞ্জ :-D ঘড়িও। নতুন রুমে নাকি?,Positive,Joyful,42,7
ভাল লাগলো,Positive,Joyful,9,2
আপনাদের সফলতা কামনা করি।,Positive,Joyful,24,4
2nd time in BANGLADESH. .😊 অভিনন্দন মিঃ বেনজির ।,Positive,Joyful,48,9
বেনজীরকে স্যালুট..!,Positive,Joyful,19,2
আমরা চাই সুন্দর বিমানবন্দর দেশী কি বিদেশী,Positive,Joyful,41,7
"পরিবর্তন শুরু হয়ে গেছে ,শুভ কামনা রইল",Positive,Joyful,37,7
দিন বদলের দিনের অপেক্ষায় আমরা সবাই ।,Positive,Joyful,36,7
খুব ভাল কাজ। জনাব আপনার রুমের টেলিভিশন টা দেখছি পরিবর্তন হইছে।,Positive,Joyful,62,11
ধন্যবাদ বেনজীর ভাইকে।,Positive,Joyful,21,3
দিন বদলাবেই!! আপনার মত সাহসী মানুষদের অনুপ্রেরনায় দিন বদলাবেই।,Positive,Joyful,62,9
"সাব্বাশ, স্যালুট",Positive,Joyful,16,2
ধন্যবাদ বস,Positive,Joyful,10,2
পরিবর্তন আসবেই....,Positive,Joyful,18,2
হাল ছা‌ড়ি‌নি! দিন বদল হ‌বেই হ‌বে!,Positive,Joyful,33,6
ঘড়ি আর টিভি টা বদল করে খুব সুন্দর কাজ করেচেন,Positive,Joyful,44,10
"গাছে যদি আম থাকে তাইলে মানুষ ডিল দিবেই, তাই বলে কি গাছ আম দেয়া বন্ধ করবে??? কক্ষনই না। যারা ভাল মানুষ, ভাল কাজ করে তারা কোনদিন বাজে কথায় কান দেয়না।",Positive,Joyful,147,30
"অন্যের জন্য গর্ত করলে ঐ গর্তে একদিন নিজেকে পড়তে হয়। স্যার আপনারা এগিয়ে যান আমরা সমস্ত প্রবাসী আছি আপনাদের সাথে,ভালো কাজ এবং সৎ উদ্দেশ্য কখনো থেমে থাকেনা।",Positive,Joyful,153,27
ভাই আপনারা যতই ভালো কাজ করুন না কেন মনে রাখবেন অবশ্যই কিছু মানুষের চুলকানি থাকবে | আপনারা মনখারাপ করবেন না | আপনাদের সাথে লক্ষ লক্ষ মানুষে দোয়া ও ভালোবাসা আছে। শুধু আপনারা সামনের দিকে এগিয়ে যান | আল্লাহ আপনাদের মঙ্গল করুন | আমীন |,Positive,Joyful,232,44
"Sir ভাল কাজ করার মাঝে কিছু কিছু ভুল বোঝাবুঝি হয় কিন্তু আপনি কষ্ট পাবেন না, আপনি আপনার গতিতে যেটা ভাল মনে করবেন করেন। সব মানুষের প্রকাশভঙ্গি একরকম হয়না....ধন্যবাদ স্যার।",Positive,Joyful,168,29
আপডেট এর অপেক্ষায় থাকলাম।আশাকরি এই হয়রানি বন্ধ করতে আপনারা সফল হবেন।,Positive,Joyful,68,11
"স্যার আপনাদের মতো কিছু মানুষ হলেই চলবে। দেশ এগিয়ে যাবে। আমরা সুফল পাচ্ছি । আপনাদের কাছ থেকে। অনেক কৃতজ্ঞতা , অনেক ধন্যবাদ । চালিয়ে যান ।",Positive,Joyful,136,26
"মনে পড়ে সেই ""বিজ্ঞাপন""টা থাকবো ন্যায় এর সংগে। ~শুভ কামনা রইলো স্যার~",Positive,Joyful,68,12
আমি কমেন্ট টা দেখেছিলাম। tnks sir. We are really proud of u.,Positive,Joyful,60,12
স্যার আপনাকে মনে হয় আমরা আজ হয় ত চিন্তাচ করতে পারি যে আমরা উন্নত দেশের মত চিন্তা ভাবনা করতে পারি,Positive,Joyful,96,20
"আপনার উপস্হিত বুদ্ধি-বিবেচনা ও সঠিক সিদ্ধান্ত, সংযোগ এবং তা ফেইজ বুকে হাই লাইট করার জন্য ধন্যবাদ। জন্জাল মুক্ত এয়ারপোর্ট চাই। আপনার মাধ্যমে ইনশাল্লাহ আমাদের এয়ারপোর্ট আলোর মুখ দেখবে।",Positive,Joyful,182,28
মেজিস্ট্রেট ভাই আপনাদের বুঝতে হবে মানুষ কিন্তু সবসময় বড়ই/ফল গাছেই ঢিল মারে কাঁটা যুক্ত মাদার গাছে কেউ ঢিল মারে না এগিয়ে যান আপনারা দ্বিগুণ শক্তি ও মনোবল নিয়ে,Positive,Joyful,157,28
কিছু বাজে মানষিকতার লোকের জন্য ... আপনার গুরুত্বপর্ণূ কাজের ব্যাঘাত হোক এটা কখনোই আমাদের কাম্য নয়। সততা ও যোগ্যতার সাথে আপনার/আপনাদের দায়িত্বপালনের পরিধি আরো বিস্তৃত হোক এটাই কাম্য।,Positive,Joyful,181,28
"ভাইয়া আপনাকে পাগলা বলতে খুব ইচ্ছে হচ্ছে! !! আপনাদের মত মানুষ আছে বলেই হয়তো, আমরা সপ্ন দেখি ।",Positive,Joyful,92,18
"আপনাদের পেশাদারিত্ব দেখে আমি অভিভূত। বিমান বন্দর এ গেলে আর কখনো ভাববো না একা আছি,আপনাদের পাশে পেলেই হলো।যে আস্থার জায়গাটা তৈরি হয়েছে,তা আর কখনই ছেড়ে যাবো না আমরা।শুভ কামনা রইলো।",Positive,Joyful,177,30
আপনাদের দুজনকে অনেক ভালবাসি। আপনারা নিজের অজান্তে অনেককেই স্বপ্ন দেখান যে সম্ভব.... ইচ্ছা থাকলেই সম্ভব। আমরাই বদলে দিব এই দেশ।,Positive,Joyful,126,20
যুৎসই জবাব। ধন্যবাদ,Positive,Joyful,19,3
এই অসৎ লোক গুলো অনেক প্রবাসীর স্বপ্ন নস্যাৎ করে। কঠোর ব্যবস্থা নেওয়ায় ধন্যবাদ magistrate.,Positive,Joyful,91,14
আনেক আনেক দন্যবাদ.,Positive,Joyful,18,3
এই ধরনের শাস্তি পেলে বিমান বন্দরের শৃঙ্খলা ফীরে আসবে।,Positive,Joyful,53,9
"এটা চলমান থাকুক, আমরা তাই চাই।",Positive,Joyful,30,6
ঠিক হইছে।,Positive,Joyful,9,2
আমি অপেক্ষায় আছি আশা করি কাজ হবে,Positive,Joyful,32,7
আমার নাম তুহিনুল ইসলাম রুপস্দী আমি ফোন করেছি সৌদি আরব থেকে এবং সাথে সাথেই আমার ফোন রিসিভ করছেন । তাই দয়া করে কেউ মিথ্যা অভিযোগ করবেন না । উনারা যা আমাদের জন্য করছেন উনাদের কাছে আমরা চির কৃতজ্ঞ ।,Positive,Joyful,194,39
আপনাকে আমরা বিশ্বাস করি ।,Positive,Joyful,25,5
"সকালে যাত্রীর সাথে কথা হয়েছে, আশা করি স্যার সাথে দেখা হবে।",Positive,Joyful,58,11
এত দূর্নীতি উনি একলা সাম্লাইতেছেন এটাই আমাদের জন্য অনেক কিছু,Positive,Joyful,60,10
"হাল ছেড়না বন্ধু, বরং কন্ঠ ছাড় জোরে, তোমার আমার দেখা হবে, অন্য রকম ভোরে.",Positive,Joyful,71,14
স্বপ্ন সত্যি হতে চলেছে,Positive,Joyful,22,4
"আহারে বেচারা কতই বা বয়স,এখনো কতদুর বাকি আর এরই মধ্যে চইলা গেলো।আফসুস বাকিটা জীবন চুরি চুট্টামি কইরা কাটাইতে পারলোনা।",Positive,Joyful,116,19
"হা হা, এইটা কি শুনাইলেন :D",Positive,Joyful,26,6
"Rubayet Hossain ভাই,এই ধাচের লেখা নতুন কিছুই নয়,উনিই লিখেন।৪ বছর যাবত পড়ে আসছি অন্য কোথাও।",Positive,Joyful,91,15
আমিও পড়তেছি ভাই একটু রস করা আরকি।,Positive,Joyful,33,7
"ভাই আপনার লেখার স্টাইল দিনকে দিন অভিনব হচ্ছে।আপনি লেখেনতো,নাকি অন্য কাউকে দিয়া লেখান।সাহিত্যরস পুরাই অটুট থাকে।এই কথা কেন বললাম,আমার এক বন্ধু তার জিএফ কে এসএমএস করতো সুন্দর করে।তবে আরেক বন্ধুকে দিয়া।ঐ বন্ধু আবার বিশাল সাহিত্যের অধিকারী ছিলো।",Positive,Joyful,241,37
"মাত্র ৩২ বছর বয়সে একটু আগে চলে গেলেন............... এই ভাবে শুরু করলে তো মানুষ আগে ইন্না লিল্লহা পরা শুরু করবে । যাই হোক, যা করসেন ভালই হয়সে :D",Positive,Joyful,143,28
হাহাহাহাহা আমিও,Positive,Joyful,15,2
"প্রথম লাইন গুলো পরে ইন্নানইল্লা পড়লাম লোকটা যেন জান্নাতবাসি হন এই দোয়া করে , নিচে স্ক্রল করতে হবে বুঝি নাই , যাইহোক নিচের বিস্তারিত পড়ে জাহান্নাম পাঠানোর দোয়া করলাম 😂😂",Positive,Joyful,167,30
আমিও তো ভাবলাম মারা গেসে :p ম্যাজিস্ট্রেটও দেখি মজা লয়। 😁😁,Positive,Joyful,58,11
"লেখার শুরুতে ভেবেছিলাম ""ইন্নালিল্লাহি ওয়াইন্না ইলাইহি রাজিউন ""-পড়ব। কিন্ত শেষে,,,,! অনেক ধন্যবাদ!!!!!",Positive,Joyful,101,12
ভাই যেইভাবে ১st লিখছিলেন মনে করছিলাম মারা পরছে =D পরে দেখি জেলে। আপ্নারা সব দিকক দিয়াই Smart owaaao Just Awesome,Positive,Joyful,112,20
"আমি‌ কিন্তু ইন্না লিল্লাহ পড়ি নাই , কারন স্যার সব সময় মজা করে কথা বলে , তাই সম্পূর্ন না পড়ে বুঝা যায় না ।",Positive,Joyful,105,24
অয় ভাউ বুকে আয় :'( :-D :-P,Positive,Joyful,26,7
ইন্নানিল্লাহ পড়তে ধরছিলাম শেষ পর্যন্ত পড়ে আলহামদুলিল্লাহ পড়লাম।,Positive,Joyful,63,8
বিমানের সিকিউরিটি সুপারভাইজার জনাব আবু সাইদকে ছালাম।,Positive,Joyful,52,7
মুসকি মুসকি হাসতে পারেন! :),Positive,Joyful,27,5
"স্টাটাস এর লেখা পড়ে হাসুম না কান্দুম বুঝতেছিনা, লেখায় এত রস কেরে ? :v :v",Positive,Joyful,72,15
ঈ ঈ ঈ ঈ... হেডলাইন দেখে আমি ভেবেছিলাম সে মারা গেছে। হাহাহাহ,Positive,Joyful,59,12
আমি তো মনে করছি মারা গেছে :D,Positive,Joyful,28,7
জব্বর লিখছেন স্যার—আমিতো ইন্নালিল্লাহ পড়ে ও পড়ি নাই।,Positive,Joyful,52,8
HA HA HA ......লেখার শুরুটা সেরাম হইছে....ALL THE BEST BROTHER,Positive,Joyful,62,10
জেলে.. (এক বছর) :D,Positive,Joyful,18,4
হ্যা ভাইয়া। শুরু হয়ে গেলো। কিন্তু চালিয়ে নেওয়াটা সহজ নয়। আশা করি সেটাও হবে।,Positive,Joyful,75,14
আমি সত্যই জানতাম না যে মাত্র ২ জন Magistrate air port এ যাত্রী সেবায় নিওযিত ২ জন অফিসার যথেষ্ট নয়। salute to them... for their good work...,Positive,Joyful,139,27
"Fahimul Islam জনাব উনারা যুগ যুগ ধরে এটা করতেছেন,তেনারা লাখো প্রবাসীর স্বপ্নকে নিঃস্ব করতেছেন অন্তত ৫মিনিটের আশাতো করতেই পারে =D",Positive,Joyful,128,20
আমার হিসেবে কাজটা ছোট হয়নি অনেক অনেক বড় কাজ করেছে সে আমি স্যালুট জানাই # আবু সাইদ কে,Positive,Joyful,84,18
"আবু সাঈদ সাহেবের একটা ছবি চাই।একজন ভালো অফিসার হিসাবে উনার নাম সবাই জানুক,উনাকে চিনুক।",Positive,Joyful,86,14
আপনাদের কাজ দেখে আশাবাদী হতে ইচ্ছে করে।কিন্তু কি জানেন আমাদের দেশে ভাল কাজের মূল্যায়ন খুব কম।তারপরও আপনাদের সাধুবাদ জানাই।আশাকরি আপনারা এইকাজ চালিয়ে যাবেন।,Positive,Joyful,155,23
Apni mojao korte paren bote ;) জনাব মোঃ নুরুল আমিন। আজ সন্ধ্যা ৬টা পর্যন্ত তিনি বিমানের কার্গো হেল্পার হিসেবে কর্মরত ছিলেন। মাত্র ৩২ বছর বয়সে একটু আগে চলে গেলেন.. ha ha (video soho) likhe dile aro valo hoto,Positive,Joyful,206,38
ধন্যবাদ দিয়ে ছোট করবো না । তবে এতটুকু বলতে পারি আপনাদের হাত দিয়ে এগিয়ে যাবে বাংলাদেশ । আপনাদের উজ্জ্বল ভবিষ্যত কামনা করছি ।,Positive,Joyful,123,23
"আমি মনে করি অপরাধ আর চুরির সবচেয়ে বড় আড়ৎ ছিল বিমানবন্দর গুলান। ""ছিল"" কিন্ত আপনারা আসার পর মে বি একটু কমেছে। কিপ গুয়িং ফরওয়ার্ড ব্রাদার ☺",Positive,Joyful,136,26
ভাল কাজের জন্য অসংখ্য দোয়া রইল । আর সৎ কর্মকর্তা + কর্মচারী দের কে পরুস্কার দেয়ার বাবস্থা থাকা উচিৎ ।,Positive,Joyful,101,20
আমি বলব চোরের শাস্তির পাশাপাশি সাইদ দেরও পুরষ্কৃত করা হোক।তাহলে এরা উতসাহিত হবে আর চুরিও বন্ধ হবে,Positive,Joyful,97,17
অনেক ধন্যবাদ অাবু সাইদ ভাইকে । অাশা করবো তার সততার মূল্যায়ন অফিস কতৃপক্ষ অবশ্যই করবে।,Positive,Joyful,85,15
"আমাদের উপকার তো করছেনই! সাথে রম্য ও রসালো ভাবে চুর ধরার কাহিটাও যেভাবে উপস্থাপন করেন,,,,সত্যিই আপনি স্যালুট পাওয়ার যোগ্য সার!",Positive,Joyful,125,20
ভাই যেভাবে উপরে লিখেছেন ভেবেছি কোন শোক সংবাদ । আপনাদের এই কার্যক্রম যদি এইভাবে অব্যাহত রাখেন তাহলে আমাদের বিমানবন্দর গুলোতে আর কোন দুর্নীতি থাকবেনা ইংশাআল্লাহ ।,Positive,Joyful,160,26
পরিবর্তনের এই শুভ সূচনা আমাদের মাঝে আশার আলো জাগায় । আপনাদের কৃতজ্ঞতা ও ধন্যবাদ জানাই ।,Positive,Joyful,87,16
"ভদ্রলোক খুবই লাকি। আজ কেরানীগঞ্জ জেলখানার উদ্বোধন কাগজে কলমে হয়তো প্রধানমন্ত্রী করেছেন, তবে আসল উদ্বোধন করতে কিন্তু উনিই যাচ্ছেন। :P",Positive,Joyful,132,20
সাধুবাদ ও কৃতজ্ঞতা.. আবু সাইদ সাহেবকে.. প্রত্যেকের উচিত জনগনের সম্পদ রক্ষায় নিজ উপর অর্পিত দায়িত্ব ও কর্তব্য সঠিক ভাবে পালন করা।,Positive,Joyful,128,21
"পড়ার শুরুতে ভয় পেয়েচিলাম,কিন্তুু পরে খুশি হলাম। পোস্ট গুলা একটু সুন্দুর করে লেখলে খুশি হব। ধন্যবাদ আপনাকে।",Positive,Joyful,106,17
"মাএ ৩২ বছর বয়সে,,,, হা হা হা হা,,, ভাই আপনার ছবিটা দয়া করে inbox এ দিবেন। খুব সখ দেখার",Positive,Joyful,86,19
আপনাদের ধন্যবাদ দিয়ে ছোট করতে চাই না। আল্লাহ্ যেন এসব চোরদের ধরার শক্তি সাহস দেন।,Positive,Joyful,81,15
ভাই আমি হাসতে হাসতে শেষ । যেভাবে শুরুটা করছিলেন যে কেউ মনে করবে হয়তো কেউ পটল তুলছে :v Go Ahead Brother :v,Positive,Joyful,105,22
ইন্নালিল্লাহ.................. আহারে একটা ভা........ . . . . ওও শালার ব্যটা চোর!! মাশাল্লাহ.. মাশাল্লাহ,Positive,Joyful,103,14
"আপনার রসবোধ বেশ ভাল, পোস্ট গুলো সংকলিত করে সামনের বই মেলায়, বই প্রকাশ করলে, বেশ ভাল চলবে।",Positive,Joyful,89,17
"ভাই, কয়দিন পরেই আসতেছি, দেখুম কত কি পরিবর্তন হয়েছে। ভালো কিছু সব সময় প্রত্যাশা করি।",Positive,Joyful,83,15
"প্রয়োজন অনেক বেশী, কারন প্রবাসী রা আমাদের দেশের বিশাল সম্পদ। প্রবাসিদের জন্য এই সেবা আরো বৃদ্ধি করতে হবে। ধন্যবাদ স্যার আপনাকে।",Positive,Joyful,127,21
অনেক অনেক ধন্যবাদ লেখাটি সংশোধন করার জন্য ভুল হওয়া অতি স্বাভাবিক। ভুল মেনে নেয়া সংশোধন মহৎকর্ম।,Positive,Joyful,95,16
জনাব আবু সাঈদ সাহেব কে অসংখ্য ধন্যবাদ উনি উনার দায়িত্বে কোনো প্রকার অবহেলা না করার জন্য।আপনাদের এই সততার জন্য আজ আমরা সাধারণ জনগণ কিছুটা নিরাপত্তা পাচ্ছি। airport এর সকল কর্মকর্তাকে ও অসংখ্য ধন্যবাদ জানাই।,Positive,Joyful,205,34
তব‌ে অাবু সাঈদ সা‌হেব‌কে পুরস্কৃত করা উ‌চিৎ...তাহলে অন‌ে‌কেই এ‌গি‌য়ে অাস‌বে,Positive,Joyful,75,10
"বোয়াল মাছের বদলে পুটি মাছ ধরেছে,যাইহোক ধন্যবাদ, অন্তত বোয়ালরা একটু সাবধানে থাকবে।",Positive,Joyful,81,12
"আহারে!!!!! আপনাদের জন্য একজন প্রতীভাবান চোর, তার সম্ভাবনাময় চুরির ক্যারিয়ার থেকে ছিটকে পড়ল। দেশ টা গোল্লাই গেল। হিঃ হিঃ হিঃ........... স্যালুট আপনাদের কে।",Positive,Joyful,154,23
"সাবাস্,এভাবে জাগরণের শুরু হয়ে আইনের শাসন প্রতিষ্ঠিত হবে,ইনশাহ্ আল্লাহ্,আপনাদের,কে ধন্যবাদ।",Positive,Joyful,90,10
"আপনার পরিশ্রম সফলতার দিকে এগিয়ে যাচ্ছে, আপনার হয়ে আজ উনারাও শুরু করে দিয়েছেন। জনাব, আপনার প্রতি শুভকামনা।",Positive,Joyful,105,17
চেহারা দেখলেইতো মনে হয় চোর। ভাই এমন চোর আরো অনেক আছে ওকে ধরে কিছু বাদাম দিলে বাকি গুলোর নামও বেরিয়ে আসবে। আপনাদের অনেক ধন্যবাদ,Positive,Joyful,126,24
ইন্নালিল্লাহি অইন্নালিল্লাহে রাজিউন....... ৭ বছর হলে ভাল হতো। কমপক্ষে দুই বছর। .... তাও নাই মামার চেয়ে কানা মামা ভাল,Positive,Joyful,116,19
সার আমি কিনতু দোয়া পরে ফেলছি। দোয়া আপনার জন্য। আল্লহ পাক যেন আমাদের সেবা করার জন্য আপনাকে অনেক দিন বাচিয়ে রাখেন আমিন,Positive,Joyful,116,22
"yes হোক না শুরু সাঈদ থেকে,,,,,,,এই শ্লোগান নিয়ে আপনারা এগিয়ে যান জাতি আপনাদের সাথেই আছে,,,ইচ্ছে থাকলে কেউ থামিয়ে রাখতে পারেনা,,,পারবেনা,,,ধন্যবাদ আপনাদের সবাইকে,,,,",Positive,Joyful,164,22
"এমন মানুষদের পুরস্কৃত না করলে উৎসাহ হারিয়ে ফেলবে ,পুরস্কারের ব্যবস্থা করলে ভাল হয় ।",Positive,Joyful,83,14
"ডিয়ার এডমিন, আপনার রসবোধ এর প্রশংসা করতে হয়, যেভাবে লিখেছেন, এনিওয়ে হ্যাটস অফ আবু সাইদ।।",Positive,Joyful,88,15
"আশায় থাকছি, চুন পুতির পর পর রাঘব বোয়াল রা অ ধরা পরবে...শুরু হোক। ধন্যবাদ।",Positive,Joyful,73,14
এভাবেই হবে শুরু। সকল ডিপার্টমেন্ট ই সবাই চোর নয়। এই দুই একজন ন্যায় নীতির সাথে কাজ করলে অন্যরাও অনুপ্রাণিত হবে। সৎ থাকার মজাই আলাদা। সাধুবাদ জানাই সেই সকল সৎ কর্মকর্তা কর্মচারী দের। সালাম জানাই।,Positive,Joyful,193,34
সরকারী চাকুরীজীবীদের বেতন বাড়ানোতে আরও বেশি কর্মী সৎ কাজে উতসাহিত হবে।,Positive,Joyful,70,11
"ইনশা আল্লাহ,,,,আপনাদের দেখানো সঠিক পথে সবাই হাটবে আস্তে আস্তে,,,,,আমরা ও আছি আপনাদের পাশে,,,,",Positive,Joyful,93,13
এই প্রথম বিমান সিকিউরিটির ঐকটা ভাল কাজ দেকলাম এই জ্যনো বিমান সিউরিটি সুপারভাইজার আবু সাইদ। স্যালুট জানাই।সাথে আপনে কেও,Positive,Joyful,119,19
জনাব মোঃ নুরুল আমিন। আজ সন্ধ্যা ৬টা পর্যন্ত তিনি বিমানের কার্গো হেল্পার হিসেবে কর্মরত ছিলেন। মাত্র ৩২ বছর বয়সে একটু আগে চলে গেলেন.. frown emoticon ..... epic xD,Positive,Joyful,160,28
"নিশাত হোসেন বর্ণা দেখছুইন আমাকে নিয়ে ভালো রিপোর্ট ও আসে। থ্যাংকস Magistrates, All Airports of Bangladesh",Positive,Joyful,104,16
আপনাদের সবাইকে ধন্যবাদ। এমন নিষ্টার সহিত দায়িত্ব পালন করলে ১ বছরের ভীতর চোর মুক্ত ইয়ারপোট হবে ইনশাআল্লাহ।,Positive,Joyful,105,17
"স্রোতের বিপরীতে সেটি করে দেখিয়েছেন বিমানের সিকিউরিটি সুপারভাইজার জনাব আবু সাইদ, নিজ সংস্থারই কার্গো হেল্পারকে আটক করে। হোক না শুরু সাইদ থেকে.",Positive,Joyful,141,22
আপনি থাকলে সব সম্ভব। হোকনা শুরু যেখান থেকেই... :),Positive,Joyful,49,9
স্যালুট সাঈদ ভাই। আপনার থেকেই নতুন যাত্রা শুরু হোক।,Positive,Joyful,51,9
৬ মাস এমন করে চেক দিলে চুরি কমে যাবে ইনশাআল্লাহ!!,Positive,Joyful,49,10
আবু সাইদ ভাইদের বড্ড দরকার এই দেশটার,Positive,Joyful,36,7
"ভাই, আপনার ""চলে গেলেন"" দেইক্ষাইতো ইন্নালিল্লাহে ওয়াইন্নালিল্লাহে রাজিউন পরে ফেলছি।",Positive,Joyful,82,10
": আমি কি জানতে পারি, এই পেইজটা কে চালায়? স্ট্যাটাসগুলো কে লিখেন? তার সেন্স অব হিউমারকে স্যালুট।",Positive,Joyful,96,17
Bravo বললে ছোট করা হবে ৷ সুতরাং হাজারো সালাম আজকের Hero কে...,Positive,Joyful,61,12
কি যে করেন না ম্যাজিস্ট্রেট স্যার? প্রথমটুক পড়ে ভাবছি বেচারা পটল তুলছে! 😂,Positive,Joyful,73,13
আপনারা এই সত্যের পথে অবিচল থাকুন দেশবাসী আপনাদের সর্বাত্মক সহযোগীতা করবে ইন-শা আল্লাহ,Positive,Joyful,85,13
এগিয়ে যান। আপনাদের দিকেই তাকিয়ে বাংলাদেশ।,Positive,Joyful,41,6
"দুর্নীতি মুক্ত হলে নিশ্চয় চোরও মুক্ত হবে, বিশ্বাস!",Positive,Joyful,50,8
ব্যাংক লুটের প্রতিবাদে যে অাপনার গণ-জাগরন মঞ্চ দেখলাম না!!,Positive,Surprise,58,9
"Dormant Milon আপনি খুব বেশি ব্যস্ত ছিলেন হয়ত তখন!!! জখন ব্যাংকের টাকা হ্যাকিং নিয়ে আন্দলন চলছিল, এবং এখন ও চলছে।।।।",Positive,Surprise,115,20
"বাংলাদেশের সংবিধান হউক আল-কোরআন । Dr Imran H Sarkar : আপনে যদি এই শ্লগানটা দিতে পারেন তাহলে সেটাই হবে আপনার প্রকৃত সুস্থ মস্তিস্ক -এর জ্ঞান ধারণা । কারণ যতই চিল্লা চিল্লি করেন ইসলামীক সংবিধান ছাড়া কখনও খুন খারাবী, লুট-পাঠ ও ধর্ষণ প্রতিরোদ করা সম্ভব না ।",Positive,Surprise,254,46
বিপ্লব অনিবার্য!,Positive,Surprise,16,2
"যখন আমার প্রতিবেশীকে ধরে নিলো তখন ভাবলাম ও আমার শত্রু, যখন আমার আত্তীয়কে ধরে নিলো, তখন বুঝতে পারলাম কিছুটা ধোয়াশা আছে এর মধ্যে। তার পর আমার আপন ভাইকে নিয়ে গেল, তখনও ভাবছি আমিতো এখনও আছি.....। আসলে কি আমি বা আমরা ঠিক আছি?",Positive,Surprise,220,42
ফাজলামির দেখছো কি?,Positive,Surprise,18,3
বাংলা সিনেমা হাসিনা ও খালেদা একই চরিত্র,Positive,Surprise,39,7
"ফেক পেইজ নাকি... বুজবার পারছি না, কেলা...",Positive,Surprise,41,7
বয়স ৮১ বছর হলেই কি কোন ব্যাক্তি আইনের উর্ধে???,Positive,Surprise,46,9
এই শফিক রেহমান 1/11 মইন ফকরুদ্দিন সরকারের সময় তাঁর পত্রিকার কম'চারিদেরকে বেতন পরিষোধ না করে পালানোর সময় ইয়ারপোটে গেরেপতার হন। তাহলে আমি কিভাবে তাকে ভাল বলবো?,Positive,Surprise,160,26
"এইটা আসলে আন্দোলন না, নিজেদের মিডিয়ায় জাহির করার জন্য চুলকানি ...",Positive,Surprise,65,11
"তা এযুগের ভলতেয়ার সাহেব, দ্বিমত পোষণ করা আর কাউকে অপহরণ করে হত্যার ষড়যন্ত্র কি এক হলো?",Positive,Surprise,86,16
সরকারের উচিত ইমরানকে যে নিরাপত্তা দেওয়া হয় তা উঠিয়ে নেওয়া তাহলে ইমরানের ইচ্ছেটা পুরণ করে দিতো সফিক রেহমানের অনুসারীরা ।,Positive,Surprise,119,20
"যারা ইমরান ভাই কে হুমকি দিচ্ছেন, তারা বোধহয় সভ্যতার ভদ্রতার ধারে কাছে থাকেন না । জেলে আপনাদের ও যাওয়া উচিত নয় কি .....?",Positive,Surprise,119,23
তথ্য বাবা এটা কি কইলো!? http://www.banglamail24.com/news/146161,Positive,Surprise,63,6
অনেকে বলতাছে বিএনপির টাকা খাইছে ইমরান তবে কি এতো দিন আওয়ামী লীগ টাকা দিয়ে ইমরান কে দিয়ে এসব করিয়ে ছিল এখন কিন্তু আওয়ামী লীগই বেড়াজালে আটকে যাবে 7 কোটি জনগণের 7 কোটি কম্বল দিল আমার কম্বল গেল কই চোরের দল আর চাটার দল সবাই পায় সোনার খনি আমি পাইলাম চোরের খনি,Positive,Surprise,259,51
তাহলে কি আমরা ধরে নেব যাদের বয়স ৮০র উপরে তারা আইনের উর্দে,Positive,Surprise,57,12
Dr. Imran H Sarker এক অপরাধের জন্যে কি এক জন ব্যক্তির কি দুইবার বা ততধিকবার বিচার করার কোন নিয়ম আছে ???,Positive,Surprise,103,21
"হাজার কোঠি টাকা লুট,ধর্ষন,এগুলোর খবর নাই,আর জয় বাবা কে হোমকি দিল তার জন‌্য ৫ দিন রিমান্ড??",Positive,Surprise,90,16
"Dr.Imran H Sarker গোলাপির নামের আদলে লাল গোলাপ অনুষ্ঠান, এরকম উপস্থাপক কি আমরা আর পাব আর পাশে কি একটা লাল গোলাপ রাখা হবে রিমান্ডের সময়...!?!",Positive,Surprise,140,25
"Kamrul Islam Rasel,সাদাকে সাদা আর কাল কে কাল বলতে শিখেন।",Positive,Surprise,56,10
আপনাকেও ধন্যবাদ । দয়া করে নামের বানান টা ?,Positive,Surprise,42,9
কী কথা কও মামুনি ......অকালে রাজাকারদের আদর পাইছ কী??????,Positive,Surprise,57,9
"কাডা মুসা কয়টা দিন দেখ কি হয়,বেঈমানদের কথা মিনিটে মিনিটে বদলায়। যাদের লটকাইছে যে কারণে বড় বদরকে ঐ একই কারনে,বুঝ্ঝয়ইন কাডা মুসা",Positive,Surprise,126,22
ইমরান এবং লাল গোলাপীর মাঝে মিল পাওয়া যায়। দুজনে পাশে একই জিনিস রাখতে ভালবাসে।,Positive,Surprise,77,14
"আপনার এ অবস্থান দেখে পাচ মে হেফাজতের কথা মনে পড়লো, যেখানে বিএনপি বলেছিলো আমরা তাদের তের দফা দাবীর পক্ষে নই, কিন্তু তাদের অবস্থানের পক্ষে।",Positive,Surprise,138,24
আস্তে আস্তে দালালিপনার মুখোশটা উম্মুচীত হচ্ছে ॥সহজ সরল মানুষের ইমোশনকে পূজি করে নিজের আখের গোছানো কি সুন্দর বানিজ্য ॥,Positive,Surprise,117,19
"এই দেশে খুনিদের রিমান্ড চাওয় হয় ২দিনের, আর আপহরন কারার হুমকি দাতার ৭দিনের, আজব দেশের মজার কাহিনী।",Positive,Surprise,97,17
"রাজনৈতিক প্যাঁচ বুঝা বড় দায়। কে যে সত্য বলে,কে যে মিথ্যা বলে,কে অপরাধী,কে নিরপরাধ বুঝতে পারা সত্যি কঠিন আমাদের মত আম জনতার কাছে।",Positive,Surprise,128,23
"১৯৭১ সালে মুক্তিযুদ্ধের সময় লন্ডনে আবু সাঈদ চৌধুরীর নেতৃত্বে যে দলটি আন্তর্জাতিক পর্যায়ে মুক্তিযুদ্ধের পক্ষে জনমত তৈরী করছিল, শফিক রেহমান ছিলেন সেই দলের একজন সক্রিয় সদস্য",Positive,Surprise,170,26
"আমরা কি স্ট্যাটাসের বাকি লাইনগুলো অস্বীকার করবো ? কোনটির আগে বিচার হওয়া উচিত ?? অপহরণ চেষ্টা নাকি খুনের ??? এইযে ইমাম- মুয়াজ্জিন , লেখক - প্রকাশক, ধর্ষণ- গুম, সন্ত্রাস- চাঁদাবাজি, ৮০০ কোটি টাকা লুট কোনটি ????",Positive,Surprise,208,36
সজীব ওয়াজেদ জয় আপনাকে সুবিধাবাদী বলছে এর কারণ কি? আপনি কি আওয়ামীলীগ হতে কোন সুবিধা গ্রহণ করেছেন???,Positive,Surprise,98,17
আপনি মানুষ হইলেন কবে??? সার্থ আর শেখানো বুলির পাখি আপনি। তাহলে কি বিবেক এতদিনে সাড়া দিল.....,Positive,Surprise,92,16
আহারে এখন দেখছি সাংবাদিক ধরা শুরু করছে?.....যাই হোক সব সম্ভবের দেশ বাংলাদেশ,Positive,Surprise,75,12
একমত হতে পারলামনা ভাই। শফিক রেহমানের পক্ষে আপনার অবস্থান!!!!!!!!! অবাক ই হলাম ১০০%.....!!!! রেলগাড়ি কি বিপরীত দিকে চলতে শুরু করল নাকি?? নাকি লাইনচূত্য?? ওহহহহহ সব সমভবের দেশ বাংলাদেশ...!!!!!!!!,Positive,Surprise,193,28
"ভাইজান, কথাগুলো খুব সুন্দর। কিন্তু এসব আপনাকে দিয়ে বলানো হচ্ছে নাতো.....!!! বিশ্বাস হতে চায়না যে..... :D",Positive,Surprise,104,16
সরকার নিজের অপরাধের মাত্রা যখনই নিয়ন্ত্রণে বাইরে চলে যায় তখন নতুন নাটকের জন্ম দিেয় নিজেদের অপরাধ ঢাকার চেষ্টা করে!,Positive,Surprise,114,19
"কোথায় গেল জামাত শিবির? এখনিতো সঠিক সময় এই হারামির বাচ্চাকে ফেলা দেয়ার। হালাকে জবাই করার দরকার, উইকেট ফেলবা তোমরা দোষ হবে আওয়ামী লীগের, দেশ হবে উত্তাল, জাগো জামাত শিবির, জাগো",Positive,Surprise,173,30
তিন দিন আগেও এক ৩০উর্ধ নারীকে রাস্তায় ফেলে প্রকাশ্য পিটানো হয়েছে। যা ইউটিউব এ আছে। এর কি কোন বিচার হবে? তনু একজন মানুষ। সজীব ওয়াজেদ জয়ও একজন মানুষ। উনাকে মারার চক্রান্তের জন্য যদি গ্রেফতার করা যায় তাহলে তনুকে ধর্ষন করে খুন করার পরও অপরাধী ধরা হচ্ছে না কেন?,Positive,Surprise,256,48
মামা এখন দেখি আঙুর ফল টক!!!!😁😁,Positive,Surprise,30,6
আজ সূর্যটা কি পশ্চিম দিকে উঠছিলো মনে হয়।,Positive,Surprise,40,8
এতে সমস্যা কি?? আ'লীগ যা বলিবে তাই বৈধ।হোক সেটা প্রকাশে যৌনমিলন,Positive,Surprise,63,11
ভাই আমি অভাক হলাম আপনি কি করে একজন অপরাধীর পক্ষ নিলেন,Positive,Surprise,53,11
এ বড়ই আজব একখান দেশ।,Positive,Surprise,20,5
ইয়ে মানে কয়দিন পরে বলবেননাতো যে নিজামী বুইরা ওরেও ছাইড়া দেন ?,Positive,Surprise,61,12
গাঁজা কি বেশি খাইছেন ডা:....?,Positive,Surprise,29,5
ভাই আপনে চিনলেন কেমন করে।,Positive,Surprise,25,5
দেশকে শেষ করে দিবে আওয়ামিলীগ।,Positive,Surprise,29,5
ইমরান ভাই এই বায়বীয় অভিযোগ কথাটির মানে কি বলবেন কি.. ঠিক বুঝলাম না,Positive,Surprise,66,13
ভাইজান কত টাকা খাইছেন বি এন পি কাছ থেকে???????????তথ্যবাবা জয়ের জানা প্রয়জন!!!,Positive,Surprise,78,12
Dr. Imran H Sarker ভাই বিএনপিতে প্রবেশের ইচ্ছা আছে নাকি....???,Positive,Surprise,62,10
আমার মনে হয় এটা একটা নতুন নাটক। #Mohtasim Billah Rashel,Positive,Surprise,55,10
এ কি দেখলাম আমি!!!!! :D,Positive,Surprise,23,5
আচ্ছা কেউ কি জানেন ৭১-এ শফিক রেহমানের ভূমিকা কি ছিল?,Positive,Surprise,52,10
"আমরা কি স্ট্যাটাসের বাকি লাইনগুলো অস্বীকার করবো ? কোনটির আগে বিচার হওয়া উচিত ?? অপহরণ চেষ্টা নাকি খুনের ??? এইযে,সাগর-রুনির হত্যাকারি খুঁজে না পাওা, নুর হসেনের রিমান্ড নাই, ইমাম- মুয়াজ্জিন , লেখক - প্রকাশক, ধর্ষণ- গুম, সন্ত্রাস- চাঁদাবাজি, ৮০০ কোটি টাকা লুট কোনটি ????",Positive,Surprise,268,44
"ঝাল না কি মিষ্টি, কিছুই বুঝইতে পারি নাই",Positive,Surprise,39,8
আপনার গণজাগরণ মঞ্চ এখন কি কর্মসূচী নেয়?,Positive,Surprise,39,7
যে অন্যায় কর‌বেন তার প্রকৃত বিচার আশা করা কি অন্যায় ? ______,Positive,Surprise,60,12
"আরে ভাই অপরাদ করলে শাস্তি পাবে এখানে বযস আসছে কেন,",Positive,Surprise,50,10
কেন যেনো বিষয়টা ঘোলাঘোলা লাগছে ভাই,Positive,Surprise,34,6
"ইনি কবে এতবড় বুজুর্গ হলেন, জানতাম না তো !",Positive,Surprise,41,9
শফিক রেহমান নির্দোষ এই ব্যাপারটা আপনি পরিষ্কার করবেন কিভাবে???,Positive,Surprise,62,9
মাথায় ঢুকলনা Dr. Imran H Sarker এত ভাল মানুষ হইল কেমনে?????,Positive,Surprise,59,11
"আপনাদের কাছে খুব জানতে ইচ্ছা করে, ""ইমরান গাজা খায়, নাকি গাজা ইমরানকে খায়""""",Positive,Surprise,74,13
"বাকি লাইন গুলোকে অস্বীকার করছি না ।তাই বলে কি অন্য গুলার বিচার করা যাবেনা ? এত বড় একটা স্পর্শ কাতর বিষয়কে মামুলি বলে উড়িয়ে দেয়া ঠিক, জনাব ? আপনার উল্লেখিত প্রতিটা বিষয়ই বিচার প্রকৃয়াদিন ।",Positive,Surprise,187,35
তাজু ভাই আপনার মতো লোকেরও এত দেরি হল ইমরানরে চিনতে? 😱,Positive,Surprise,53,11
এই লোকটা কে আসিফ নজরুল ক্যাটাগরির মনে হতো। উনি যে এতো ভয়ংকর সন্ত্রাসী তা এভাবে গ্রেফতার করে টানা হেচড়া না করলে বুঝতামই না,Positive,Surprise,121,23
মাথায় তো কিছুই ঢুকতাছে না ? আমি কি দেখতাছি এই গুলা মাথা আউলায়ে যাইতাছে ? যাক শেষে একটা কথা বলি বর্তমান সরকার কেনো মৌচাকে ঢিল দিলো তা আমার মাথায় ধরে না ???,Positive,Surprise,154,32
"ধর্মের কল বাতাসে নড়ে, কিছু বুঝেন না 😜",Positive,Surprise,37,8
আহারে মানবতা...,Positive,Surprise,15,2
সালু ভাই এখানে:-),Positive,Surprise,17,3
আনফলো কেমতে করে?,Positive,Surprise,16,3
বাংলাদেশ পুলিশে পরিচয় গোপন করে কারা চাকরী করছে দেখুন https://www.youtube.com/watch?v=PXevZvQVxIo,Positive,Surprise,96,10
আমরাকি তনু হত্যার বিচার পাবনা ???,Positive,Surprise,33,6
ইমরান স্যার. ছাএ শিবিরের দুই জন নেতাকে খুন করলো কিছু বললেন না।,Positive,Surprise,62,12
ইমরান যে একটা রাজাকারের নাতী দেশের মানুষের আর বুজতে বাকী নাই।,Positive,Surprise,61,11
যেইটা বুঝেন না চুপ করে থাকেন ।।নিশ্চয়ই কোন কারন আছে ।।,Positive,Surprise,54,11
এটি কেমন বাংলাদেশ?,Positive,Surprise,18,3
"সকল মানুষ ইসলাম ধ‌র্মের উপর জন্ম গ্রহণ ক‌রে ! অতপর তার মা, বাবা তা‌দের নিজস্ব ধ‌র্মের অনুসারী বানায় (অাল হা‌দিস)",Positive,Surprise,112,20
ইমরান@সাহেব কয়েকবার তাবলিগেও গিয়েছে!,Positive,Surprise,36,4
ধমে্র বিরুদ্ধে প্রতিবাদ করতে গেলে আগে নিজের ধম্ পালন করা উচিত।।।। আপনি তো কোন ধমে্ই বিশ্বাসি না।।। কিভাবে আপনি প্রতিবাদ করবেন,Positive,Surprise,125,21
আপনি যদি মুসলমান হয়ে থাকেন তবে পৌত্তলিকদের কিভাবে সাপোর্ট করেন!!!!!!কেননা পৌত্তলিকদের এক আল্লার প্রতি আনুগত্য আনার জন্য আল্লাহ নবী-রাসূলগনকে প্রেরন করেছেন!!!!,Positive,Surprise,158,21
এই কি হচ্ছে এখানে?,Neutral,Surprise,18,4
ইমরান পাগ্লায়ও বিপদে পরলে মনের ভুলে বলে ফেলে আল্লাহ আমারে বাচাও :-p,Neutral,Surprise,67,12
মিথ্যা কথা তিনি নিজেই মূর্তি ভেংগেছেন।,Neutral,Surprise,38,6
তুমি টিক জানো জে মুসুলমানেরাই একাজ দেকেচু নাদেখে মুসুলমানের দুস দিও না জে নিজেকে রক্কা করতে পারেনা শেই কিকরে মানুষের প্রবু হয় কিকরে,Neutral,Surprise,131,23
ভাই আপনি কি ঘটনাস্থলে উপস্তিত ছিলেন?,Neutral,Surprise,36,6
ওর কপালে পুলিশের সাথে সাক্ষাত লেখা আছে।,Neutral,Surprise,39,7
পুলিশকে খবর দিলে পুলিশ ধরবেতো???,Neutral,Surprise,32,5
আমাকেও কিছু নাস্তিক হত্যার হুমকি দিয়েছে।নাম বললে পুলিশ ধরবে তো?,Neutral,Surprise,63,10
কি করবেন এখানে আমাদের কথা কে শুনবে,Neutral,Surprise,34,7
"jihad bhuiyan একজন জঙ্গী, ওকে ধরিয়ে দিন,,,,",Neutral,Surprise,43,7
"হিন্দু আর মুসলমান, মাুনষ আর অমাুনষ গায়ে লেখা থাকেনা Farhad",Neutral,Surprise,58,10
"ভাই, এর বিচার কার কাছে চাইব!!",Neutral,Surprise,29,6
যখন রাষ্টধর্ম ইসলাম কেটে দিতে চাইছিল তখন কি এক এক বার বলেছিলে এই লজ্জা রাখি কোথায়,Neutral,Surprise,81,16
এ লজ্জা রাখি কোথায়!,Neutral,Surprise,19,4
কাকে? এবং কেন? Sir?,Neutral,Surprise,19,4
কি করছে???,Neutral,Surprise,10,2
"তোমার মারে কেউ রেপ করল তারপর ডাক্তারের কাছ থেকে একটু ট্রিটমেন্ট কইরা নিলা, এতে সমস্যার কি আছে??",Neutral,Surprise,95,17
"ভাই যেই করুক, সংখ্যাগুরুরা যখন লঘুদের এতটুকু নিরাপত্তা দিতে পারিনাই, তাহলে অন্তত ক্ষমা চাওয়ার মত গুণটা দেখাই। মুর্তি ত আবার তারা বানাতে পারবে, কিন্তু তাদের ভাঙ্গা মন? এই ক্ষমা চাওয়াতে হয়ত কিছুটা লাঘব হতে পারে।",Neutral,Surprise,212,35
আল্লাও তো তার ঘর মসজিদকে রক্ষা করতে পারে না তাহলে কি আল্লা নেই??,Neutral,Surprise,64,13
"এভাবে দেবতাদের মাথা কেটে ফেলে দিলো??? আশ্চর্য হলাম, যে দেবতা নিজেকে নিজে রক্ষা করতে পারেনা সে অন্যদের কিভাবে রক্ষা করবে?",Neutral,Surprise,120,20
মুয়াজ্জিন হত্যায় আপ্নার একটা ইস্টাটাস ও দেখলামনা। অতছ এখন.... হায়রে মানুষ???,Neutral,Surprise,76,11
আপনি কি প্রমান দিতে পারবেন আপনার টা সঠিক।,Neutral,Surprise,41,8
"ইমরান ভাই অাপনি যদি মুসলমান হতেন তাহলে অাপনি মোয়াজ্জেন হত্যার বিচার টা অগেই চাইতেন ,,,,,,,,,,,,,,,?",Neutral,Surprise,99,15
আমার মনে হয় প্রতিমা গুলো ভেঙেছে মালাউন রাই দেশ কে অস্থির করার জন্য কনো মুসলমান এটা করতে পারেনা,Neutral,Surprise,94,18
ইমরান বুঝে নিও।।। কোন এক দিন শুনতে পাব তোমারও গাড়ে মাথা নেই এই মুর্তি মত,Neutral,Surprise,73,15
এখন কোথায় হেফাজত ইসলাম এর সেই নেতা?যে বলে সংখালঘুরা নিরাপদে আছে?,Neutral,Surprise,64,11
আপনার সবাই গালি দেয় কেন?,Neutral,Surprise,24,5
এরা তো নিজেদেরকেই রক্ষা করতে পারে না। তবে তাদের সৃষ্টিকে কিভাবে রক্ষা করবে?,Neutral,Surprise,75,13
ভাই আপনি কি হিন্দু না মুসলমান,Neutral,Surprise,29,6
যখন ভারতের মুসলমানের উপর অত্যচার হয় তখন তো কেউ বলে না ।,Neutral,Surprise,55,12
এদেও এক দিন বিচার হবে ।হয় তো আমরা দেখতে পারবনা।।,Neutral,Surprise,48,10
আমার মনে হয় ইমরান কুমার শিল নিজেই এগুলো ভেঙেছে তা ছাড়া ছবি তুললেন কি ভাবে,Neutral,Surprise,75,15
আমি আরো বলছি যারা এই কাজ করেছে তাদেরকে একটা সারপ্রাইজ দেওয়ার দরকার শফিক,Neutral,Surprise,71,13
ভাই আপনার মতে কি এই কাজ টা ঠিক,Neutral,Surprise,30,8
"যে দেশে মানুষ খুনের বিচার পাওয়া যায় না, সে দেশে মুর্তি ভাঙ্গার বিচার?",Neutral,Surprise,69,13
মুয়াজ্জিন হত্যার জন্য আপনি বিচার চেয়ে কি স্টাটাস লিখেছেন?,Neutral,Surprise,57,9
এইভাবে অন্যর ধর্ম বিশ্বাসের উপর আঘাত করে নিজের ধর্মমতকে মহান করার কি মাহত্ম❕❔,Neutral,Surprise,77,13
এগুলো কারা করেছে এবং কারা করবে এই রাজনীতি বাংলার জনগন এখন শিখে পেলেছে।,Neutral,Surprise,70,13
জেবগবান নিজেকে বাছাতে পারে না সে আবার তার বানদাদেন কিবাবে বাচাবে বলেন তো দেখি,Neutral,Surprise,77,14
লাগবে কিভাবে??বাংলালাদেশ অসাম্প্রদায়িক দেশ,Neutral,Surprise,42,4
"এটা যদি মুসলিম হয়, তবে শান্তি কি!!!!!",Neutral,Surprise,37,7
"হ্যাঁ, সমকামীতাও কি?",Neutral,Surprise,20,3
আপনার প্রিয় সহযোদ্ধারা কী ইসলামের বিরদ্ধে বলেন না? তখন কেন নিরব কবি,Neutral,Surprise,67,12
মুয়াজ্জিন হত্যা নিয়ে তুইত কিছু লিখছ নাই!!! আজ কেন?,Neutral,Surprise,50,9
মোয়াজ্জিন হত্যা হল আজ কয় দিন খুনি কি এখনও ধরা পড়েছ।,Neutral,Surprise,51,11
যে নিজের শরীরকে রখখা করতে পারে না সে মানুষের কি ঊপকার করতে পারে বলুন,Neutral,Surprise,68,14
ভাই মায়াজিজন মারা গেল কিন্তু কার সারা নেই মাটির পুতুলের ত দুরের কথা,Neutral,Surprise,67,13
আমার মনে হয় এগুলো নাস্তিকরা করেছে মুসলিমদের ফাঁসানোর জন্য ৷,Neutral,Surprise,60,10
ভাই ওদের মাথা ভাঙার সুমায় ওরা কিছু বল্লো না কেনো,Neutral,Surprise,48,10
আছে। তাহলে ভারতে কি মুসলমানদের বেচে থাকার অধিকার নেই।?,Neutral,Surprise,54,9
এ জন্যই হিন্দুরা প্রতিবাদ না করে নীরবে দেশ ত্যাগ ...,Neutral,Surprise,52,10
আমার ত মনে হয় না আপনে মুসলিম,Neutral,Surprise,28,7
এই কেমন খোদা নিজেকে বাঁচাতে পারেনা ।,Neutral,Surprise,36,7
ভাই আপনি কোন ধর্মের মানুষ .......?,Neutral,Surprise,34,6
আপনি যে পুরোপুরি বেক্কেল তা আগে বুঝি নাই।,Neutral,Surprise,41,8
এই গুলার জন্য কেউ বিচার দাবি করবে না,Neutral,Surprise,36,8
অন্য ধর্মের উপর আঘাত করাটাই কি ইসলাম ধর্মের শান্তি?,Neutral,Surprise,51,9
এই অমানুষিক কাজ করে কি ইসলামের দাওয়া দেওয়া যাবে???,Neutral,Surprise,50,9
আপনার কি দুশ করেছিল ওরা কত হেনদু লুক আপনাকে অবিশভ দিবে,Neutral,Surprise,54,11
দেশে সাম্প্রদায়িক দাঙ্গা বাধানোর জন্যই কি এমন নাটক করা হচ্ছে ????,Neutral,Surprise,65,11
এই দেশে কি হিন্দুদের কোন অধিকার নেই ধর্ম পালনের। এই এধরনের অপরাধীরা আজকেও কেন ধরাপরেনি,Neutral,Surprise,86,15
কমেন্টে কতটুকু অসাম্প্রদায়িক সাপোর্ট পেয়েছেন? Dr. Imran H Sarker!?,Neutral,Surprise,66,9
একটা কথা জানার আছে আপনি কি তসলিমা নাসরিন এর সব কর্ম কাণ্ড সাপোর্ট করেন,Neutral,Surprise,70,14
আপনি টিক কাথায় বলেছেন। কিন্তু হিন্দুদের উপর কেন এই নিরজাতন।,Neutral,Surprise,59,10
সংখালঘু নির্যাতনে বাংলাদেশ সরকারের প্রর্শয় আছে।।।।,Neutral,Surprise,50,6
"আমার মনে হয় একে দরলে সবকিচু বেরিয়ে আসবে,,",Neutral,Surprise,41,8
ভাই এই দেশে হিন্দুদেরতো অনুভূতী নেই। লাগবে কোথায় থেকে??,Neutral,Surprise,55,9
তুমি কি মুসলিম নাকি হিন্দু ?,Neutral,Surprise,28,6
ইমরান সাহেব আপনি কি মুসলিম?????,Neutral,Surprise,31,5
Dr.imran h sarker আপনি কি মানেন ইসলাম শান্তির ধর্ম??? আপনি কি মানেন আল্লাহ একজন আছে???,Neutral,Surprise,86,15
আমার নেত্রীর বগমানের এইরকম অবস্তা কে করল?,Neutral,Surprise,41,7
হিন্দুদের জন্য আপনার আবেগ একটু বেশি।,Neutral,Surprise,36,6
আপনাকে কখনো দেখা যায়নি মুয়াজ্জিন হত্যার প্রতিবাদ করতে!,Neutral,Surprise,54,8
মুসলীম দের ধর্ম উন্মাদনা হইতে কেহ বাঁচাতে পারবে না,Neutral,Surprise,50,9
"যে ভাবে ভাঙ্গা দেখা যায়, এতে 100% সিউর এটা ওদের নিজেদের ই কাজ।",Neutral,Surprise,62,13
ে ইমরান আপনাকে বলছি আপনার এতো খারাপ লাগলো প্রতিমার জন্য। অামারতো সন্দেহ লাগছে অাপনি মুসলমান কিনা,Neutral,Surprise,96,16
"নিজে বানাইয়া আবার তাকে খোদা মানবো,,, এমন বোকা মানুষ দেশে থাক। এইটা আমরা চাইনা",Neutral,Surprise,77,14
এটা নাস্তিকরা করেছে তারা ধরমে বিষাষ করেনা মুসমান এগুলো করেনা মুসলমান ধর্মে এগুলো অন্যয়,Neutral,Surprise,86,14
৩৭% থেকে কমে ২১% ছিল ৭১ সালে এখন কত % আছে জানেন তো। যে দলই ক্ষমতায় থাক হিন্দুদের % তো কমছেই,Neutral,Surprise,91,21
মুয়াজ্জিন হত্যায় তো আপনার একটি পোস্টও পেলাম না। চেতনা দণ্ড কী শুধু ইসলাম বিদ্বেষের জন্য!!! তবে প্রতিমা যে বা যারা ভেঙেছে তার জন্য নিন্দা জানাই।,Neutral,Surprise,143,25
কেমন কথা শুনাইলারে ভাই?,Neutral,Surprise,23,4
"ইমরান ভাইয়ের কাছে প্রশ্ন, এই ঘটনা টা কি তনুর মতো শাড়া ফেলতে পারবেন.?",Neutral,Surprise,68,13
"এতো সুন্দর ও ভদ্রভাবে ভাংচুর করতে প্রথম দেখলাম। শুধু মাথা গুলো খুলে নিয়েছে, আর কিছু করেনি। এমনকি একটা মুর্তির ও হাত ভাঙ্গেনি, ভাঙ্গেনি মাথা গুলোও। ভাংচুর যেই করুক শিল্পকর্মের কদর বুঝে। তাই এত সুন্দর শিল্পকর্ম ভেঙ্গে গুড়াগুড়া করে নাই। আর আপনারা বলছেন এদের মানবতা নাই। :P 😝",Neutral,Surprise,273,47
গনজারনের আবার ফান্ট আছে নাকি,Neutral,Surprise,28,5
"হিন্দু,মুসলিম সকলেরই এদেশে থাকার অধিকার আছে,,, আমিউতো একজন মুসলিম পরিবারে সন্তান,,,ইন্ডিয়া তো হিন্দুদের রাষ্ট ঐখানে কি মুসলিম বাস করে না,,, তবে বাংলাদেশে হিন্দু বসবাস করতে পারবে না,,,,",Neutral,Surprise,184,27
এমনও হতে পারে তারা নিজারাই করেছে,Neutral,Surprise,32,6
"ভাই লোকে আপনাকে সুবিধা বাদী বলে কেন ,আর এও বলে আপনি নাকি বড় মোটা অংকে গুষ খান,,,_",Neutral,Surprise,81,17
"বাংলাদেশ থেকে হিন্দুরা চলে যাবে, ১০০% মুসলিমদের রাষ্ট হবে। সারাবিশ্বে ১০০% মুসলিমের রাষ্ট গুলির যে আবস্থা বাংলাদেশেরও একই অবস্থা হবে।",Neutral,Surprise,133,20
আপনি কোন ধর্ম পালন করেন।,Neutral,Surprise,24,5
এটা কি সরকারের চোখে পড়ে না । এখানে সরকারের অনুভূতি তে আঘাত পরে না?,Neutral,Surprise,66,14
কিতাও তনুর বিচার কই,Neutral,Surprise,19,4
গনেশ তুই তো মনে হয় বড় বুদ্ধিজীবী হয়ে গেছিস।সব জায়গাতেই তোর মন্তব্য দেখি।,Neutral,Surprise,72,13
এখানে একি শুরু হল!,Neutral,Surprise,18,4
এটা ভাল্লুক এর কাজ,Neutral,Surprise,18,4
আমি বুঝি না আপনার এতো হিন্দুদের প্রতি এতো টান কেনো ইমরান,Neutral,Surprise,56,11
মানুষ যখন পশু,Neutral,Surprise,13,3
নিশ্চয় জামাত শিবিরের কাজ- আওয়ামীলীগ।,Neutral,Surprise,36,5
ভাই আমরা কি মানুষ ?,Neutral,Surprise,19,5
প্রত্যেক মানুষের তার নিজের ধর্ম পালনের অধিকার রয়েছে।,Neutral,Surprise,52,8
ভাই আপনি কি মুসলিম,Neutral,Surprise,18,4
এ আবার নতুন কি!!!!!,Neutral,Surprise,19,4
ভাল কাজ করেছে খারাপি কইহল,Neutral,Surprise,25,5
আর কত?,Neutral,Surprise,6,2
তোর এত লাগে ক্যারে,Neutral,Surprise,18,4
এই গুলো আওয়ামীলীগরা করছে,Neutral,Surprise,24,4
ভেবেছিলাম ঘুমে আছেন কিনতু তা না আনদোলন করে যান সফল হবেই----'----,Neutral,Surprise,64,11
অন্যের ধর্মের উপর আঘাত করা কি ধর্মের অংশ নয়?,Neutral,Surprise,44,9
এরকম হওয়া কী খুবই অসম্ভব?,Neutral,Surprise,25,5
মানুষ কি বাস করে বাংলাদেশে,Neutral,Surprise,26,5
তনু কে??,Neutral,Surprise,8,2
"হায়রে বাঙালি ভুলে গেছে তনুর হত্যার কথা।এদেশে কোনো বিচার হবে না।লজ্জা,লজ্জা,লজ্জা।",Neutral,Surprise,81,11
আপনারা ত সেই দলের ই একজন। আপনার জীবন ঝুকি নয় যারা প্রতিবাদ করতে যাবে তারা আবার যুদ্ধাপরাধীর খাতায় নাম লিখাতে হবে Dr.ImranHSarker,Neutral,Surprise,128,22
এখন তাহলে আন্দোলন নেই কেন?,Neutral,Surprise,26,5
অবশেষে ডাঃ সাব রোগ ধরছে।,Neutral,Surprise,24,5
ভাই .... তনু হত্যার জন্য মানব বন্ধন হলো কিন্তু মুয়াজ্জিন হত্যার প্রতিবাদে কোন মানব বন্ধন হলো না কেন?,Neutral,Surprise,100,18
"দাদা. সত্যি করে বলেন তো- দেশে যুদ্ধপরাধী বানিয়ে যে, ফাঁসি দেওয়া হচ্ছে- তা কি এ ভন্ড রাজনীতি বিদদের মসনদ স্থায়ী করার জন্য করা হচ্ছে না ?",Neutral,Surprise,135,26
"নাস্তিকদের পক্ষ অবলম্বনকারীরা কখনোই সাধারণ মানুষের সমর্থন পাবেনা। পৃথিবীর কোথাওকি নাস্তিকদের সমর্থন নিয়ে কেউ ক্ষমতায় গেছে ? বাংলাদেশেই ধর্ম নিয়ে মানুষ বেশী বাড়াবারি করে, অন্য কোথাও না।",Neutral,Surprise,186,27
বাঁশের চটা দিয়ে বানানো হচ্ছে সরকারী ভবন আর অবৈধ আটক করা ইলিশ মাছ লুটের অভিযোগে ম্যাজিষ্টেট কে করা হচ্ছে ও এস ডি এর পর কি দেখবো অপেক্ষা করতেছি।,Neutral,Surprise,142,28
"ধন্যবাদ ইতিবাচক মন্তব্য করার জন্য, ভাই দেশ টা তো আমাদের তার জন্য যার যার অবস্থান থেকে কিছু করতে হবে",Neutral,Surprise,99,19
"যুদ্ধঅপরাধীদের বিরুদ্ধে আপনারা যে ভাবে আন্দোলন করেন, কিন্তু এই সরকারের দূর্নীতির বিরুদ্ধে আপনার গনজাগরণ মঞ্চ সোচ্চার নয়,, কেন???",Neutral,Surprise,128,18
"শুধু এরা নয় , বুদ্ধি বৃত্তিক -আরাম প্রিয় মানুষের শ্রম বিন্যাসে শ্রমের মূল্য ও মর্যাদার আকাশ-পাতাল বৈষম্যই এর মৌলিক কারন । এর বিকল্প কি?",Neutral,Surprise,135,24
ইমরান সাহেব পৃথিবীর এমন একটা দেশের নাম বলে যেখানে গণতন্ত্র গণধর্ষন হয়নাই এবং ভার্জিন গণতন্ত্র দিয়া জনগনকে সুখের গণবর্ষনে ভাসাইয়া দিল।,Neutral,Surprise,133,21
আপনার সাথে আমি 100% এক মত। এদেশে সবাই কি সরকারি চাকরি করে! আবার নাকি গ্যাস বিদ্যুতের দাম বাড়াবে! আমরা সাধারন মানুষ বাচবো। কিভাবে!!,Neutral,Surprise,130,23
"এই দেশের প্রসাসন যদি পাব্লিকের কতা বলে পাব্লিকের সাতে থাকে, সব সমুসসায় দূরে সরে যাবে আমার মতে,পলিশ বা প্রসাসন টাইট থাকলে কনো দুরনিতি ই হবেনা",Neutral,Surprise,140,25
লোকের মুখে শোনা যায় আপনিও নাকি উগ্র নাস্তিকদের একজন।আপনার কাছ থেকে জানতে চাই আপনি নাস্তিক নাকি আস্তিক?,Neutral,Surprise,102,17
সরকার এবং সরকার উভয়ই রেলিজিওন নিয়ে পজিটিভ কথা বলছে। ডালমে কুচ কালা হায়।,Neutral,Surprise,71,13
ভাই এই ছোট কটি লাইন বুঝতে পারছেন এওদিনে।তয় এখন বুইজা কোন লাভ নাই।কথায় আছেনা সময়ের এক ফোঁড় আর অসময়ের দশ ফোঁড়,Neutral,Surprise,107,21
"একটি দেশের রাজনৈতিক ব্যবস্তার প্রাণকেন্দ্র হচ্ছে নিবার্চন , আওয়ামীলীগ এদেশের নিবার্চন ব্যবস্তা একেবারেই গলা টিপে হত্যা করেছে , কিন্তু এই বিষয়ে আপনাকে কোন প্রতিবাদ করতে দেখা যায় নি কেন?",Neutral,Surprise,184,29
''যদিও উগ্র এই দুই পক্ষের সাথেই আমাদের দুরত্ব সমান। '' --- এই কথাটা কি সত্যি?,Neutral,Surprise,77,15
তনু হত্যা নিয়ে অনেক হৈ চৈ হলো আবার থেমেও গেলো ? কারনটা কি উপর মহল ???,Neutral,Surprise,69,16
ভাই তনু কি নিয়ে প্রতিবাদ শেষ ??,Neutral,Surprise,31,7
আপনার পরিচয়টা পরিস্কার করুন আপনি কি আস্তিক না নাস্তিক ।,Neutral,Surprise,55,10
১০০%রাইট। বেশির ভাগ রাজনীতিবিদরা যখন যে সুবিধা সে ভাষায় কথা বলেন।,Neutral,Surprise,65,11
আপন‌ি সত্য আর ম‌িথ্যাক‌ে এক কাতার‌ে এনেছেন ।,Neutral,Surprise,44,8
আপনি ব্যবহার হচ্ছেন কিনা জানতে চাই।,Neutral,Surprise,35,6
এত দিন পরে ভুজলেন এমরান ভাই,Neutral,Surprise,27,6
বুঝেন সব কিনতু একটু দেরীতে,Neutral,Surprise,26,5
ইমরান ভাই তনু হত্যার খবর কি?,Neutral,Surprise,28,6
এই সাধারন ব্যাপারটা বুঝতে এত সময় নিলেন? নিশ্চিত আপনি নকল করে পাস করেছেন।,Neutral,Surprise,72,13
"আস্তিক নাস্তিক কিছুই আপনি না, তাহলে আপনি কি জানতে চাই""",Neutral,Surprise,54,10
ইসলামের বিরুদ্ধে কথা বললে আপনি কখন কি কিছু বলেন?,Neutral,Surprise,48,9
আপনি নিজে কোন ধরমের হু??,Neutral,Surprise,24,5
এতদিন পরে বুজতে পারলা!!,Neutral,Surprise,23,4
তাহলে আপনি ৫ জানুয়ারি চুপচাপ ছিলেন কেন ???,Neutral,Surprise,42,8
ভালো মানুষ কই পাবেন।,Neutral,Surprise,20,4
এতোদিন পরে তাহলে বুঝতে পারলেন।।। আস্তিক থেকে অনেক দূরে থাকলেও নাস্তিক থেকে নয়। নাস্তিক এখনো আছে আপনার পাশে,Neutral,Surprise,106,18
প্রধানমন্ত্রীর না‌স্তিক বিরুধী বক্ত‌ব্যের প‌র আপনার এই বিবৃ‌তি কেন?,Neutral,Surprise,67,9
কেন তুমি নিজেকে নিজে নাস্তিক বলতে লজ্জা পাচ্ছো নাকি?,Neutral,Surprise,52,9
"ইমরান ভাই এতদিনে বুঝতে পেরেছেন""",Neutral,Surprise,31,5
তনু হোত্তার বিচারের দাবিকি শেষ????,Neutral,Surprise,34,5
ইমরান ভাই আপনি কি কখনও আমাদের সাধারন মানুষের সাথে তাদের ন্যায় সংগত ও যৌক্তিক দাবি নিয়ে মাঠে নামবেন।,Neutral,Surprise,99,18
"ভাই,দূর্নীতির মূল কারণ কী মনে করেন? আমি মনে করি জবাবদিহীতার ভয় না থাকা।বিশেষ করে পরকালের জবানদিহীতার ভয় এবং সর্বদা এ বিশ্বাস রাখা আমার কর্মের অত্যন্ত নির্ভুল এবং গোপন রেকর্ড সংরক্ষণ করা হচ্ছে।",Neutral,Surprise,192,32
ব্যাংকের টাকা লুট নিয়ে আপনার মতামত বা আপনি কি করতে চান।তনুকে নিয়ে আপনারা অনেক কিছুই করলেন।কিন্তু আমার মনে হয় বাংলাদেশ ব্যাংকের টাকা লুট করে আমাদের সবাইকে নিরবে ধর্ষন করা হয়েছে।এটা নিয়ে আপনারা কি কোন প্রতিবাদ করবেন।,Neutral,Surprise,214,36
ভাইয়া একটা কথা বলি কিছু মনে করবেন না।আমি ফ্রি মাইন্ডে বলছি আর আপনিও ফ্রি মাইন্ডে নেবেন। আচ্ছা আপনি কি কোনও নতুন রাজনৈতিক দল তৈরী করতে চাচ্ছেন ?,Neutral,Surprise,144,27
"ভাই আমরা অনেকেই আপনাকে পছন্দ করি। কিন্তু ভাই, নাস্তিকদের পক্ষ নেয়া পছন্দ হয়না ভাই",Neutral,Surprise,81,14
রাজনীতিকে এদেশের নেতারা আয়ের উৎস হিসেবে ব্যবহার করে। কিন্তু রাজনীতি কখনই কোন আয়ের উৎস হতে পারে না। এটা একটি সেবা,Neutral,Surprise,112,20
"বেশির ভাগ মানুষ যে চিন্তা চেতনা ধারণ করেন, সরকার সেটার প্রতিফলন করার চেস্টা করেন । নইলে দল ক্ষমতায় থাকতে পারবেনা ।",Neutral,Surprise,114,21
"যেখানে, একটা জাতির একটা কলমের মধ্যে দুর্নীতি, সে জাতিকুল কিভাবে সাফল্যের উচ্চ শিখরে আহরণ করতে পারবে...",Neutral,Surprise,102,16
ভাই আর তনু হত্যার বিচার...,Neutral,Surprise,26,5
ভাই ১ মাস আগে ঘটে যাওয়া তনু হত্যার বর্তমান পরিস্তিতি সম্পর্কে বলবেন।,Neutral,Surprise,68,12
তনু হত্তার কিছুই হলনা।,Neutral,Surprise,22,4
দিন আসুক আরো বুঝবে!,Neutral,Surprise,19,4
তাহলে নিলাদ্রি নিলয়কে মুক্তচিন্তার অধিকারি কিভাবে বলেন?,Neutral,Surprise,55,7
তাহলে অভিজিৎ কি করে মুক্তমনা হল? সেত ইসলাম ধর্ম নিয়ে খুব বাজে মন্ত্যব করত।,Neutral,Surprise,74,14
"আপনার প্রতি আমার বিশ্বাস হচ্ছে না, ঠাকুর ঘরে কে রে আমি তো কলা খাইনি।",Neutral,Surprise,68,14
তাদের সাথে গলা মিলিয়ে আন্দোলন করলেন কিভাবে?,Neutral,Surprise,43,7
মুক্তচিন্তা মানে কি বুঝলাম না?একটু বুঝাইয়া দিবেন কি?,Neutral,Surprise,52,8
#তাহলে অভিজিৎ এর পক্ষ নিছেন কেন....???,Neutral,Surprise,38,6
কিরে তুই কি দার্শনিক হয়ে গিছিস,Neutral,Surprise,30,6
মুক্ত চিন্তার চর্চা শুধু তারাই করার অধিকার রাখে যারা অন্যের অধিকার সম্পর্কে সচেতন।,Neutral,Surprise,82,13
কিছু বুজলাম না?,Neutral,Surprise,15,3
ভূতের মুখে রাম নাম ?,Neutral,Surprise,20,5
এতদিন পর এটা বুঝতে পারলেন?,Neutral,Surprise,26,5
ভারতে প্রতিদিন ১৮ টা রেপ কেইস এন্ট্রি হয়,Neutral,Surprise,40,8
এই কি স্বাধীন দেশ,Neutral,Surprise,17,4
ভাই তনু হত্যার বিচার কি থেমে গেল। আমরা কি তনু হত্যার বিচার দেখতে পাবনা। আমাদের আন্দলন কি থেমে গেল।।,Neutral,Surprise,99,19
ভাই তনু ত ঘুমাল । আমরাও কি ঘুমিয়ে আছি ?,Neutral,Surprise,39,10
বাকি যারা ঘুম হইছে ওদের খবর কি?,Neutral,Surprise,31,7
"কত ঘুষ দিতে হইছে,মনেহয় ভালই হাতিয়ে নিছে,বড় ঘড়ের বাচ্চা।",Neutral,Surprise,55,9
এটা তো স্বাভাবিক ব্যাপার; এ জন্য পুলিশকে ধন্যবাদ দেয়ার কি আছে?,Neutral,Surprise,62,11
বাংলার বুকে এই পুলিশ ভাইএর মতো সবপুলিশ জদিএমন হতো তাহাহলে কি হতো,Neutral,Surprise,64,12
মুসলিম কি করে নাস্তিক হয়,Neutral,Surprise,24,5
মেহেদী ইসলাম তালুকদার :-D :-D,Neutral,Surprise,29,5
আপনার কাছে আমার প্রশ্ন...... আপনি কি তনু হত্যার বিচারের জন্য কিছু করেছেন.......????plz উত্তর টা দিলে খুশি হব @dr. imran,Neutral,Surprise,119,19
পুলিশ প্লাজা এর সামনের ব্রিজ এ ওর মা খোঁজা খোজি করছিল,Neutral,Surprise,53,11
বাবুটা কী বাবা-মার কাছে পৌঁছেছে?,Neutral,Surprise,32,5
ছেলেটা কি তার বাবা মা কে খুজে পেল?,Neutral,Surprise,34,8
ভাই আমার মনে হচ্ছে সরকারি কোন কর্মকর্তা কে দেখা যাচ্ছে শিশু টি কে কোলে তুলে নিয়ে ছেন ওনি চেষ্টা করলে হতে পারে যে কোন টিভচ্যানেলে প্রচার করলে ছবি সহ শিশু টির পরিবার কে চিনেন এই রুকুম কারো নজরে আসে তাহা হলে শিশু টিপ তাড়াতাড়ি তার মা ও বাবার কোলে পৌঁছে যাবে,Neutral,Surprise,255,51
"এইখানে যে ম্যাজিস্ট্রেট ওনি আমাদের ফাটাকেষ্ট ম্যাজিস্ট্রেট না...... আমাদের ফাটাকেষ্ট স্যারের নাম মোহাম্মদ ইউসুফ, অনেক ইচ্ছে আছে ওনাকে দেখার।",Neutral,Surprise,140,19
অনেক ভাল বলছেন ভাই তবে 'খুমাতে' বানান টা ভুল,Neutral,Surprise,44,9
তদন্ত হবে ভাই Arfan Khan,Neutral,Surprise,24,5
"ভাল করে এদেরকে চিনে রাখুন আর ফেসবুকে তাদের পরিচয় / ছবি সহ শেয়ার করুন। জনগন তাদের চিনুক। হয়ত একদিন জামাত/ আই, এস অথবা হুজির লোক গলাকেটে জিহাদ করবে 😂😂😂👍🏽",Neutral,Surprise,151,29
"অপ্রাসংগিক, তবুও খুব পছন্দের একটা পেইজ বলে জানতে চাচ্ছি এরকম টা হওয়ার কি কারণ থাকতে পারে, বা এরকমটা সত্য কিনা। https://www.facebook.com/photo.php?fbid=10153832472312269&set=a.10150251565832269.374678.669192268&type=3",Neutral,Surprise,216,21
বিদেশী এয়ারলাইনস আমাদের বেলায় কেন আলাদা নিতি গ্রগ্রহণ করে আমরা কি টাকা কম দেই নাকি,Neutral,Surprise,82,15
"মোবাইল কোর্টকে অসহযোগিতা ও কার্যক্রম পরিচালনায় প্রতিবন্ধকতা সৃষ্টির জন্য ""চোরের সরদার (প্রধান নিরাপত্তা কর্মকর্তা)""-কে শুধুই সতর্ক করে ছেড়ে দিলেন !! দিরহাম এবং টাকা চোরেরা কি পার পেয়ে গেল ?",Neutral,Surprise,189,29
"ওই যাত্রীর খোয়া যাওয়া দিরহাম ও টাকার কি হল? সতর্ক কেন, আদালত হাজির হওয়ার নির্দেশ অমান্য করার দায়ে তাকে কেন জেল দেওয়া হলনা?",Neutral,Surprise,122,23
ভুত সর্ষের ভেতরে।চেষ্টা করছেন।চালিয়ে যান।আমরা অন্তত একটা জায়গা পেলাম।একটা প্রতিষ্ঠান পেলাম।সবতো নষ্টদের অধিকারে গেল!,Neutral,Surprise,118,14
Good work. Love it. যাত্রী কি তার টাকা ফেরত পাবেন ?,Neutral,Surprise,51,11
সেই নিরাপত্তা রক্ষির কি হল যে টাকা চুরি করেছিল?????,Neutral,Surprise,51,9
কিন্তু সেই টাকার কি হলো?,Neutral,Surprise,24,5
দিরহাম অার টাকার কি হল?,Neutral,Surprise,23,5
দিরহাম ও টাকার কি হলো? দয়া করে জানাবেন।,Neutral,Surprise,39,8
সাদ্দামের কথা মনে পরে গেল।,Neutral,Surprise,26,5
"বাহ বাহ বাহ, প্রধান নিরাপত্তা কর্মকর্তা!!! এইদেশে পদে পদে শর্ষের মধ্যে ভুত....",Neutral,Surprise,78,12
ঐ লোকের টাকার কি খবর?,Neutral,Surprise,21,5
সব বুঝলাম কিন্তুু যাত্রী র টাকার কী হইল?,Neutral,Surprise,40,8
ওই যাত্রীর টাকা কই গেল?,Neutral,Surprise,23,5
"আসল জনিস তো জানতে পারলাম না ??? যে টাকা, দিরহাম নিয়েছিল তার শাস্তি হল কি না ? রান্না বান্না দুনিয়া লাইক দিন ।",Neutral,Surprise,109,23
"শষ্য ক্ষেতে ভূভূভূততততততত! সাবধানে চলুন ইউসুফ সাহেব, দয়াল ভরসা৷",Neutral,Surprise,63,9
যারা টাকা চুরি করে নিয়েছে তাদের কি শাস্তি হলো ?,Neutral,Surprise,47,10
"1100 দিরহাম আর 5,500/- টাকার কি হলো ?",Neutral,Surprise,37,8
তাহলে সরশের মধ্যেই ভূত । দারুণ ব্যাপার ।,Neutral,Surprise,40,8
সরষের মধ্যে ভূত,Neutral,Surprise,15,3
রাজাকারের ফঁাসি হয় এখন চোরের,Neutral,Surprise,28,5
স্যার কি করলেন এইটা,Neutral,Surprise,19,4
ভাই টাকা ও দেহরাম কার ভাগ্রে গেল বুঝলামনা,Neutral,Surprise,41,8
সরিষার মঝেই ভূত।,Neutral,Surprise,16,3
আপনার মতে কি দেশের সব ম্যাজিস্ট্রেট সাধু? খবর নিয়ে দেখেন তারা টাকাকড়ি খায় কিনা,Neutral,Surprise,78,14
আপনার মতে কি দেশের সব মানুষ সমান ? খবর নিয়ে দেখেন অনেক ম্যাজিস্ট্রেট আছে বেতন ছাড়া একটা টাকাও নেন না ।,Neutral,Surprise,102,21
চোরের বড গলা,Neutral,Surprise,12,3
চোরেরা ও আজকে প্রতিবাদ করতেছে আমরা কোথায় আছি,Neutral,Surprise,44,8
"চোরের মায়েদের সবসময় বড় গলা থাকে। এখন সব চোরেরা দল বেধেছ আপনাদের তাড়াবে বলে। ফলাফল যা-ই হোক, আমরা আপনাদের ভুলবোনা। রেসপেক্ট।",Neutral,Surprise,123,21
"এয়ারপোর্টের সিএসও প্রতিমাসে অধিনস্তদের ডিউটি রোস্টার তৈরি করেই লাখ লাখ টাকা ইনকাম করে?? ওদের সম্পদের খোজ নিয়ে দেখুন,, বেতন পায় কত?? অার ওদের সম্পদের পরিমান কত????",Neutral,Surprise,162,26
একজন প্রথম শ্রেণীর সরকারি অফিসারকে মোবাইল কো’ট সাজাদেওয়ার ক্ষমতা রাকে কি?,Neutral,Surprise,73,11
এই সিএসও কি নিজেকে আইনের উরধে ভাবেন? এত সাহস আহে কোথা থেকে?,Neutral,Surprise,59,12
কেন সে কি আইনের উরধে ?,Neutral,Surprise,22,6
ডিএসও মাহমুদা খানম সহ সকল দায়িত্বরত নিরাপত্তা কর্মীদের চাকুরীচুত্য করতে হবে।এর কোন বিকল্প নেই।আইন তার নিজস্ব গতিতে চলবে এটাই নিয়ম আইনের উর্ধে কেউ নয় তা প্রয়োজনে আইনমন্ত্রী নিজে এসে প্রমান করবে,Neutral,Surprise,192,31
"ভাবতে কষ্ট হয়, এটা একটা আন্তর্জাতিক বিমানবন্দর",Neutral,Surprise,46,7
মনে হয় আর আপনারা কাজ করতে পারবেন না। কারন তারা হট্টগোল করে যাত্রীর টাকা ছিনতাই করার লাইসেন্স পেয়ে গেছে।,Neutral,Surprise,103,19
সিএসও জড়িত কিনা সন্দেহ আছে,Neutral,Surprise,26,5
চোর দের বড় ভাই সিএসও,Neutral,Surprise,21,5
চোরের মায়ের বড় গলা । এগিয়ে জান জনগন আপনাদের সাথে আছে,Neutral,Surprise,52,11
স্বার্থে টান পড়লো নাকি!!!,Neutral,Surprise,25,4
বাড়া ভাতে ছাই দিয়েছেন গো।।।।,Neutral,Surprise,28,5
তাহারা কি আইনের ঊর্ধে?,Neutral,Surprise,22,4
পালাবে কোথায়।,Neutral,Surprise,13,2
পাপ বেশী হলে আপনা আপনি ফুটে যায় ....,Neutral,Surprise,36,8
আদালত অবমাননা করার সাহস এরা কোথায় পায়?? আপনারা এগিয়ে চলেন স্যার আমরা প্রতিটা প্রবাসি আপনাদের সাথে আছি।সিসিটিভি ফুটেজ থেকে প্রমান বের করে প্রতিটা হট্টগোলকারীদের বিচারের আওতায় আনুন প্লিজ।জনতা আপনাদের পাশে আছে।,Neutral,Surprise,207,31
"এই আচরণ প্রমাণ করে যে সে (ইফতেখার) চোরদের ইন্ধনদাতা, নইলে বুক ফুলিয়ে আদালতে গিয়ে চোর দমনের প্রতিশ্রুতি দিত!",Neutral,Surprise,108,18
এত কিছুর পরেও বিনানবন্দরের চীফ সিকিউরিটি অফিসারকে বরখাস্ত করে না কেন?,Neutral,Surprise,69,11
এই চোরেরে চাকরি দিছে কোন চোর????,Neutral,Surprise,32,6
বর সারদের বিরুদ্ধে কি ব্যাবস্থা নিলেন সেটাত বল্লেননা।,Neutral,Surprise,53,8
চোরের মায়ের বড় গলা!!!,Neutral,Surprise,21,4
চোরে মায়ের বড় গলা..... ইউসুফ ভাই আপনি আপনার কাজ চালিয়ে যান,Neutral,Surprise,58,11
"চোরের মার বড় গলা, এটাই স্বাভাবিক , আপনার কাজ চালিয়ে যান",Neutral,Surprise,55,11
খামাখা টাকা নষ্ট করার কি দরকার!,Neutral,Surprise,31,6
"স্যার আরোও একটা জিনিস আছে! আমার মনে হয় যার কোনো ব্যাবহার নাই শুধু যাএী হয়রানি । দেশে আসা এবং যাওয়ার সময় যেই ফরম টা দেওয়া হয় নাম, পাসপোর্ট নং জন্ম তারিখ ফ্লাইট নং পূরণ করার জন্য। যেহেতু আমার পাসপোর্ট ডিজিটাল আমার সব কিছু তো পাসপোর্টেই আছে পারলে এটাও তুলে নিন স্যার । ডিজিটাল দেশ বলে কথা""""""""""""""""""""""""""""""",Neutral,Surprise,300,56
আমি যখন আসলাম তখন ই নিষেধাজ্ঞা টা ছিল। কিতু আগের রাত এ এয়ারপোর্ট এ গেলাম কিন্তু কোন নোটিশ দেখলাম না।,Neutral,Surprise,100,20
বহিরাগমন টার্মিনালের শুরুথেকে ইমিগ্রেশন ডেস্কের শেষ পর্যন্ত যাত্রিদের জন্য কোনো রিফ্রেশমেন্ট এবং ল্যাভেটরির ব্যাবস্হা থাকা উচিত নয় বাংলাদেশে.......,Neutral,Surprise,147,18
আমাদের ভোটার আইডি কাট কবে ইশু করবে?,Neutral,Surprise,35,7
তিন দিন আগে কেন করলে না !,Neutral,Surprise,25,7
"একজন জানতে চাইছেন, আপনাকে দেখতে যাবার টিকেট কত?",Neutral,Surprise,47,8
এটা শুধু ম্যাজিস্ট্রেট সাহেবের জন্য সমাধান হয়েছে না হলে তারা যাত্রির সঙ্গে যোগাযোগই করত না।,Neutral,Surprise,91,15
"আপনার husband কি করে ,Madam?? যাদের শক্তিশালী husband নাই তারাও কি আপনার মত আশাবাদী হতে পারবে ??",Neutral,Surprise,96,17
জরিমানা থেকে বেঁচে গেল!,Neutral,Surprise,23,4
রিজেন্ট এয়ার এর সিলেটগামী প্লেনের সীট আর তুরাগ বাসের সীট কোন পার্থক্য নাই,Neutral,Surprise,73,13
বিদেশের বিমানবন্দরে বাংলাদেশ বিমান যে হয়রানী করে তার বিচার কে করবে?,Neutral,Surprise,67,11
দুনিয়ার সব চোর চোট্টা কি বিমানেই চাকুরী করে। চাকুরী দেওয়ার সময় কি যোগ্যতা দেখে দিয়েছিলো?,Neutral,Surprise,88,15
কবে যে শুনবো বিমান এর পেট থেকে তেল চুরি করছে !!!!,Neutral,Surprise,49,11
ফ্লাইট ছাড়ার ১ ঘণ্টা আগে বিমান বন্দরে গেলে কি কোন প্রবলেম হবে?,Neutral,Surprise,62,12
বাইন মাছডি টেরাই করেন না ক্যারে??????,Neutral,Surprise,37,6
"বিমান বন্দর টা চোরে ভরে গেছে কোনদিন জানি শুনি বিমান ই চোরি করে বেচে দিছে :3 btw a big thanks to Magistrates, All Airports of Bangladesh really great work we can be proud of u :)",Neutral,Surprise,177,36
আপনি নিজেই এখন বলছেন অলরেডি একজনকে খাগড়াছড়ি পাঠানো হয়েছে তার মানে তো সব পরিষ্কার উনি এখানে এতদিন ধরে কাজ করতে পারছেন কারণ গ্রীণ সিগনাল আছে বলেই তা না হলে অসৎ কোন ম্যাজিস্ট্রেটকে নিয়ে আসা হত। বাংলাদেশে ব্যাকাপ ছাড়া কেউ বেশিদিন সৎভাবে এক জায়গায় কাজ করতে পারে না এটা তো বুঝেন। Mazedul Hoque Ove,Neutral,Surprise,291,53
তাহলে শুধুমাত্র ঢাকাতেই কেন হচ্ছে? সিলেটে হয় না কেন?,Neutral,Surprise,52,9
"এক বিমানবন্দরেই যদি এও চোর থাকে, তাহলে এবার চিন্তাকরেন পূরো বাংলাদেশের কি অবস্থা...!!!",Neutral,Surprise,86,13
"স্যার আপনি বড্ড বেরসিক একটা মানুষ! বেচারারা এতোগুলো করে টাকা ঘুষ দিয়ে এসেছে, সেগুলো উসুল করতে হবে না? :-/",Neutral,Surprise,105,19
ঘটনা কি বিমান সিকিউরিটি লোক এত ভাল হল কেমনে? না আবার আপনাদের এই দিকে busy রেখে অন্য কোন আকাম সানাইতেছে?,Neutral,Surprise,103,20
"বছরের পর বছর চুরি করে মাত্র এক বছরের কারাদণ্ড! এরা তো ভাতের অভাবে চুরি করে নি, এরা ভদ্রবেশী চোর। ভাষা অন্যদিকে মোড় নিতে চাইছে তাই অফ গেলুম।",Neutral,Surprise,140,27
সিলেট ওসমানী বিমানবন্দরে আপনাদের সেবা পাওয়া যাবে কি?,Neutral,Surprise,52,8
তার কি এখন এগুলা পুজা করতেছে,Neutral,Surprise,28,6
ঘটনা কি? প্রনাম করে কেন?,Neutral,Surprise,24,5
আরে এল এ ডি দেখি।।।। :),Neutral,Surprise,23,6
জামিন পাবে না তো?,Neutral,Surprise,17,4
আহারে ছবির আলমারিটা গেল কোই :O নাকি সেটাও কেঊ মেরে দিছে :-/,Neutral,Surprise,59,12
অাপনা‌দের দুই রু‌মে দুই ভিন্ন প্রজা‌তির টি‌ভি কেন?,Neutral,Surprise,50,8
চেস্টায় আছে বিমান বন্দরটা বেচা যায় কি করে।,Neutral,Surprise,42,8
ব্যাকগ্রাউন্ড চেঞ্জ ক্যান? :/,Neutral,Surprise,29,4
এ ত হল বিমানের কথা রেলের তেল বিক্রয় করে অনেক কম`চারি কোটিপতি হয়েছে।,Neutral,Surprise,67,13
"ঠক বাচঁতে ,কম্বল উজাড় হবে নাতো ???",Neutral,Surprise,34,7
@mahabuba aktar উনারা হয়তো সাহায্য কোরতে পারবেন কিন্তু আপনি তারিক ফ্লাইট এর নাম নাম্বার তো দেন নাই তাহোলে কি ভাবে সম্ভব।,Neutral,Surprise,122,21
Seoul সাহেব এটা কি বললেন?,Neutral,Surprise,25,5
চট্রগ্রাম এয়ারপোর্ট এমন কোর্ট বা ম্যাজিষ্টেট আছে কী???,Neutral,Surprise,54,8
"স্যার রা কেঁচো খুড়তে নেমেছেন, এখন দেখছি অজগর বেরিয়ে আসছে। যাহা দংশন করেনা আস্ত গিলে খায়।",Neutral,Surprise,89,16
মাই গড! টানা কুড়ি ঘণ্টা মোবাইল কোর্ট? আপনারা মানুষ না পায়জামা? মাইনষের খাওয়া ঘুম সব 'পজ' কইরা দিতাছেন। অার ফ্লাই দুবাই কী আকাম করছে তার একটা ফিরিস্তি না দিলে তো পেটের মধ্যে গুড়গুড় করে। ঘুম আসে না!,Neutral,Surprise,196,37
ওরা যদি প্রভাব কাটিয়ে কোন রাজনৈতিক ব্যক্তি দিয়ে আপনাকে কল দিয়ে জরিমানা টাকা থেকে পার পেয়ে যাওয়ার চেষ্টা করে তাহলে আপনি কি করবেন?,Neutral,Surprise,128,23
২০ ঘন্টা ব্যাপী ওরে বাবা।,Neutral,Surprise,25,5
ভাই কালকে কি মায়ানমারেও নববর্ষ পালিত হবে?,Neutral,Surprise,41,7
২০ ঘন্টা!!!!,Neutral,Surprise,12,2
"ও আমরা আললাহ্, এতো দেখি সিনেমার কাহিনীর মতো।কিন্তু বাস্তব।thank you Magistrates, All Airports of Bangladesh",Neutral,Surprise,107,15
চট্টগ্রাম এয়ার পোর্টে ও কি আমরা আপনাদের সাহায্য পাবো?,Neutral,Surprise,53,9
"লে হালুয়া, কথা সত্য ওস্তাদের মাইর শেষ রাতে ;)",Neutral,Surprise,45,9
"ভাই রে এই রকম স্বপ্ন দেখি ভিশন রকম ,যেখানে থাকবে না চাষা শিক্ষিতর ভেদাভেদ",Neutral,Surprise,73,14
কি অপরাধ স্যার?,Neutral,Surprise,15,3
"এইতো, সেই ঐতিহাসিক ঘড়ি _ টিভি।",Neutral,Surprise,30,6
"বাংলাদেশের জন্য দৃস্টান্ত। সাধারন মানুষ এখন বিচার পায়। তবে কোটে নয় ,এয়ারপোটে!!!",Neutral,Surprise,79,12
"কেমতে কি করলেন, কক্ষন করলেন, কিছুইতো জানাইলেন না",Neutral,Surprise,48,8
বাংলাদেশর ইতিহাসে মনে হয় এইবার প্রথম এত তারাতারি কনু বিষয়ে একশন নেওয়া হল,Neutral,Surprise,72,13
গতকালের একজনের অভিযোগ দেখসিলাম; এত তাড়াতাড়ি ব্যবস্থা নেয়া হবে ভাবি নাই।,Neutral,Surprise,71,11
সত্যি বলতে এই টিভিটা দেখে অবাক হইছি :p,Neutral,Surprise,38,8
Ibn Ahmed আরে TVবদলাইলো কবে!!!!!!!!!!!!!,Neutral,Surprise,40,5
"কানশা বরাবর ২টা দিলে ঐখানে শুয়ে পড়বে, চেহারা দেখছেন? এটারে দেখলেই ছিঁচকে চোর লাগে। কেমন লোকজন রিক্রুট করে কতৃপক্ষ ভাবতে হতাশ হই -_- গ্ররররররর",Neutral,Surprise,141,24
আমিত রীতিমত টাশকি খাইগেছিলাম এইডা কি লেখলেন স্যর......মাত্র ৩২বছর বয়সে একটু আগে চলে গেলেন।,Neutral,Surprise,90,14
"প্রথমে দুঃখ পেলাম,ভাবলাম মারা গেছে বুঝি,পরে.....",Neutral,Surprise,48,6
